0 verbose cli C:\Program Files\nodejs\node.exe C:\Users\kaspe\AppData\Roaming\npm\node_modules\npm\bin\npm-cli.js
1 info using npm@11.6.2
2 info using node@v20.20.0
3 silly config load:file:C:\Users\kaspe\AppData\Roaming\npm\node_modules\npm\npmrc
4 silly config load:file:C:\dev\Assemblio\.npmrc
5 silly config load:file:C:\Users\kaspe\.npmrc
6 silly config load:file:C:\Users\kaspe\AppData\Roaming\npm\etc\npmrc
7 verbose title npm exec @shopify/dev-mcp@latest --help
8 verbose argv "exec" "--yes" "--" "@shopify/dev-mcp@latest" "--help"
9 verbose logfile logs-max:10 dir:C:\dev\Assemblio\.npm-cache\_logs\2026-03-02T04_13_33_341Z-
10 verbose logfile C:\dev\Assemblio\.npm-cache\_logs\2026-03-02T04_13_33_341Z-debug-0.log
11 silly logfile start cleaning logs, removing 1 files
12 silly logfile done cleaning log files
13 silly packumentCache heap:4345298944 maxSize:1086324736 maxEntrySize:543162368
14 http fetch GET 200 https://registry.npmjs.org/@shopify%2fdev-mcp 196ms (cache miss)
15 silly packumentCache heap:4345298944 maxSize:1086324736 maxEntrySize:543162368
16 silly packumentCache heap:4345298944 maxSize:1086324736 maxEntrySize:543162368
17 silly idealTree buildDeps
18 silly fetch manifest @shopify/dev-mcp@1.6.0
19 silly packumentCache full:https://registry.npmjs.org/@shopify%2fdev-mcp cache-miss
20 http fetch GET 200 https://registry.npmjs.org/@shopify%2fdev-mcp 87ms (cache miss)
21 silly packumentCache full:https://registry.npmjs.org/@shopify%2fdev-mcp set size:undefined disposed:false
22 silly placeDep ROOT @shopify/dev-mcp@1.6.0 OK for:  want: 1.6.0
23 silly fetch manifest @modelcontextprotocol/sdk@^1.17.4
24 silly packumentCache full:https://registry.npmjs.org/@modelcontextprotocol%2fsdk cache-miss
25 silly fetch manifest @react-router/dev@^7.1.1
26 silly packumentCache full:https://registry.npmjs.org/@react-router%2fdev cache-miss
27 silly fetch manifest @shopify/app-bridge-types@^0.5.3
28 silly packumentCache full:https://registry.npmjs.org/@shopify%2fapp-bridge-types cache-miss
29 silly fetch manifest @shopify/hydrogen@^2025.7.1
30 silly packumentCache full:https://registry.npmjs.org/@shopify%2fhydrogen cache-miss
31 silly fetch manifest @shopify/hydrogen-react@^2025.7.1
32 silly packumentCache full:https://registry.npmjs.org/@shopify%2fhydrogen-react cache-miss
33 silly fetch manifest @shopify/polaris-types@^1.0.1
34 silly packumentCache full:https://registry.npmjs.org/@shopify%2fpolaris-types cache-miss
35 silly fetch manifest @shopify/theme-check-common@^3.20.0
36 silly packumentCache full:https://registry.npmjs.org/@shopify%2ftheme-check-common cache-miss
37 silly fetch manifest @shopify/theme-check-docs-updater@^3.20.0
38 silly packumentCache full:https://registry.npmjs.org/@shopify%2ftheme-check-docs-updater cache-miss
39 silly fetch manifest @shopify/theme-check-node@^3.20.0
40 silly packumentCache full:https://registry.npmjs.org/@shopify%2ftheme-check-node cache-miss
41 silly fetch manifest @shopify/ui-extensions@^2025.10.11
42 silly packumentCache full:https://registry.npmjs.org/@shopify%2fui-extensions cache-miss
43 silly fetch manifest @types/react@^19.2.2
44 silly packumentCache full:https://registry.npmjs.org/@types%2freact cache-miss
45 silly fetch manifest env-paths@^3.0.0
46 silly packumentCache full:https://registry.npmjs.org/env-paths cache-miss
47 silly fetch manifest execa@^8.0.1
48 silly packumentCache full:https://registry.npmjs.org/execa cache-miss
49 silly fetch manifest graphql@^16.11.0
50 silly packumentCache full:https://registry.npmjs.org/graphql cache-miss
51 silly fetch manifest preact@^10.27.2
52 silly packumentCache full:https://registry.npmjs.org/preact cache-miss
53 http fetch GET 200 https://registry.npmjs.org/execa 279ms (cache miss)
54 silly packumentCache full:https://registry.npmjs.org/execa set size:undefined disposed:false
55 silly fetch manifest react-router@^7.1.1
56 silly packumentCache full:https://registry.npmjs.org/react-router cache-miss
57 http fetch GET 200 https://registry.npmjs.org/@types%2freact 294ms (cache revalidated)
58 silly packumentCache full:https://registry.npmjs.org/@types%2freact set size:2588986 disposed:false
59 silly fetch manifest schema-dts@^1.1.5
60 silly packumentCache full:https://registry.npmjs.org/schema-dts cache-miss
61 http fetch GET 200 https://registry.npmjs.org/@modelcontextprotocol%2fsdk 359ms (cache miss)
62 silly packumentCache full:https://registry.npmjs.org/@modelcontextprotocol%2fsdk set size:undefined disposed:false
63 silly fetch manifest toml@^3.0.0
64 silly packumentCache full:https://registry.npmjs.org/toml cache-miss
65 http fetch GET 200 https://registry.npmjs.org/env-paths 359ms (cache miss)
66 silly packumentCache full:https://registry.npmjs.org/env-paths set size:undefined disposed:false
67 silly fetch manifest type-fest@^4.31.0
68 silly packumentCache full:https://registry.npmjs.org/type-fest cache-miss
69 http fetch GET 200 https://registry.npmjs.org/graphql 361ms (cache miss)
70 silly packumentCache full:https://registry.npmjs.org/graphql set size:undefined disposed:false
71 silly fetch manifest typescript@^5.8.2
72 silly packumentCache full:https://registry.npmjs.org/typescript cache-miss
73 http fetch GET 200 https://registry.npmjs.org/schema-dts 90ms (cache miss)
74 silly packumentCache full:https://registry.npmjs.org/schema-dts set size:undefined disposed:false
75 silly fetch manifest zod@^3.24.2
76 silly packumentCache full:https://registry.npmjs.org/zod cache-miss
77 http fetch GET 200 https://registry.npmjs.org/preact 449ms (cache miss)
78 silly packumentCache full:https://registry.npmjs.org/preact set size:undefined disposed:false
79 http fetch GET 200 https://registry.npmjs.org/typescript 147ms (cache revalidated)
80 silly packumentCache full:https://registry.npmjs.org/typescript set size:15302714 disposed:false
81 http fetch GET 200 https://registry.npmjs.org/zod 244ms (cache revalidated)
82 silly packumentCache full:https://registry.npmjs.org/zod set size:3489329 disposed:false
83 http fetch GET 200 https://registry.npmjs.org/@react-router%2fdev 697ms (cache miss)
84 silly packumentCache full:https://registry.npmjs.org/@react-router%2fdev set size:undefined disposed:false
85 http fetch GET 200 https://registry.npmjs.org/toml 371ms (cache miss)
86 silly packumentCache full:https://registry.npmjs.org/toml set size:undefined disposed:false
87 http fetch GET 200 https://registry.npmjs.org/type-fest 381ms (cache miss)
88 silly packumentCache full:https://registry.npmjs.org/type-fest set size:undefined disposed:false
89 http fetch GET 200 https://registry.npmjs.org/@shopify%2fapp-bridge-types 781ms (cache miss)
90 silly packumentCache full:https://registry.npmjs.org/@shopify%2fapp-bridge-types set size:undefined disposed:false
91 http fetch GET 200 https://registry.npmjs.org/@shopify%2ftheme-check-node 776ms (cache miss)
92 silly packumentCache full:https://registry.npmjs.org/@shopify%2ftheme-check-node set size:undefined disposed:false
93 http fetch GET 200 https://registry.npmjs.org/@shopify%2ftheme-check-docs-updater 828ms (cache miss)
94 silly packumentCache full:https://registry.npmjs.org/@shopify%2ftheme-check-docs-updater set size:undefined disposed:false
95 http fetch GET 200 https://registry.npmjs.org/react-router 548ms (cache miss)
96 silly packumentCache full:https://registry.npmjs.org/react-router set size:undefined disposed:false
97 http fetch GET 200 https://registry.npmjs.org/@shopify%2fhydrogen 885ms (cache miss)
98 silly packumentCache full:https://registry.npmjs.org/@shopify%2fhydrogen set size:undefined disposed:false
99 http fetch GET 200 https://registry.npmjs.org/@shopify%2fui-extensions 962ms (cache miss)
100 silly packumentCache full:https://registry.npmjs.org/@shopify%2fui-extensions set size:undefined disposed:false
101 http fetch GET 200 https://registry.npmjs.org/@shopify%2fhydrogen-react 1066ms (cache miss)
102 silly packumentCache full:https://registry.npmjs.org/@shopify%2fhydrogen-react set size:undefined disposed:false
103 http fetch GET 200 https://registry.npmjs.org/@shopify%2fpolaris-types 1208ms (cache miss)
104 silly packumentCache full:https://registry.npmjs.org/@shopify%2fpolaris-types set size:undefined disposed:false
105 http fetch GET 200 https://registry.npmjs.org/@shopify%2ftheme-check-common 1218ms (cache miss)
106 silly packumentCache full:https://registry.npmjs.org/@shopify%2ftheme-check-common set size:undefined disposed:false
107 silly fetch manifest @cfworker/json-schema@^4.1.1
108 silly packumentCache full:https://registry.npmjs.org/@cfworker%2fjson-schema cache-miss
109 http fetch GET 200 https://registry.npmjs.org/@cfworker%2fjson-schema 46ms (cache miss)
110 silly packumentCache full:https://registry.npmjs.org/@cfworker%2fjson-schema set size:undefined disposed:false
111 silly fetch manifest @react-router/serve@^7.13.1
112 silly packumentCache full:https://registry.npmjs.org/@react-router%2fserve cache-miss
113 http fetch GET 200 https://registry.npmjs.org/@react-router%2fserve 81ms (cache miss)
114 silly packumentCache full:https://registry.npmjs.org/@react-router%2fserve set size:undefined disposed:false
115 silly fetch manifest react@>=18
116 silly packumentCache full:https://registry.npmjs.org/react cache-miss
117 http fetch GET 200 https://registry.npmjs.org/react 77ms (cache revalidated)
118 silly packumentCache full:https://registry.npmjs.org/react set size:6523821 disposed:false
119 silly fetch manifest react-dom@>=18
120 silly packumentCache full:https://registry.npmjs.org/react-dom cache-miss
121 http fetch GET 200 https://registry.npmjs.org/react-dom 76ms (cache revalidated)
122 silly packumentCache full:https://registry.npmjs.org/react-dom set size:8651400 disposed:false
123 silly fetch manifest @vitejs/plugin-rsc@~0.5.7
124 silly packumentCache full:https://registry.npmjs.org/@vitejs%2fplugin-rsc cache-miss
125 http fetch GET 200 https://registry.npmjs.org/@vitejs%2fplugin-rsc 53ms (cache miss)
126 silly packumentCache full:https://registry.npmjs.org/@vitejs%2fplugin-rsc set size:undefined disposed:false
127 silly fetch manifest react-server-dom-webpack@*
128 silly packumentCache full:https://registry.npmjs.org/react-server-dom-webpack cache-miss
129 http fetch GET 200 https://registry.npmjs.org/react-server-dom-webpack 151ms (cache miss)
130 silly packumentCache full:https://registry.npmjs.org/react-server-dom-webpack set size:undefined disposed:false
131 silly fetch manifest webpack@^5.59.0
132 silly packumentCache full:https://registry.npmjs.org/webpack cache-miss
133 http fetch GET 200 https://registry.npmjs.org/webpack 116ms (cache miss)
134 silly packumentCache full:https://registry.npmjs.org/webpack set size:undefined disposed:false
135 silly fetch manifest vite@*
136 silly packumentCache full:https://registry.npmjs.org/vite cache-miss
137 http fetch GET 200 https://registry.npmjs.org/vite 360ms (cache revalidated)
138 silly packumentCache full:https://registry.npmjs.org/vite set size:38733997 disposed:false
139 silly fetch manifest @types/node@^20.19.0 || >=22.12.0
140 silly packumentCache full:https://registry.npmjs.org/@types%2fnode cache-miss
141 http fetch GET 200 https://registry.npmjs.org/@types%2fnode 131ms (cache revalidated)
142 silly packumentCache full:https://registry.npmjs.org/@types%2fnode set size:10900244 disposed:false
143 silly fetch manifest jiti@>=1.21.0
144 silly packumentCache full:https://registry.npmjs.org/jiti cache-miss
145 http fetch GET 200 https://registry.npmjs.org/jiti 49ms (cache revalidated)
146 silly packumentCache full:https://registry.npmjs.org/jiti set size:382310 disposed:false
147 silly fetch manifest less@^4.0.0
148 silly packumentCache full:https://registry.npmjs.org/less cache-miss
149 http fetch GET 200 https://registry.npmjs.org/less 50ms (cache revalidated)
150 silly packumentCache full:https://registry.npmjs.org/less set size:430648 disposed:false
151 silly fetch manifest lightningcss@^1.21.0
152 silly packumentCache full:https://registry.npmjs.org/lightningcss cache-miss
153 http fetch GET 200 https://registry.npmjs.org/lightningcss 53ms (cache revalidated)
154 silly packumentCache full:https://registry.npmjs.org/lightningcss set size:182441 disposed:false
155 silly fetch manifest sass@^1.70.0
156 silly packumentCache full:https://registry.npmjs.org/sass cache-miss
157 http fetch GET 200 https://registry.npmjs.org/sass 60ms (cache revalidated)
158 silly packumentCache full:https://registry.npmjs.org/sass set size:722061 disposed:false
159 silly fetch manifest sass-embedded@^1.70.0
160 silly packumentCache full:https://registry.npmjs.org/sass-embedded cache-miss
161 http fetch GET 200 https://registry.npmjs.org/sass-embedded 40ms (cache revalidated)
162 silly packumentCache full:https://registry.npmjs.org/sass-embedded set size:407397 disposed:false
163 silly fetch manifest stylus@>=0.54.8
164 silly packumentCache full:https://registry.npmjs.org/stylus cache-miss
165 http fetch GET 200 https://registry.npmjs.org/stylus 51ms (cache revalidated)
166 silly packumentCache full:https://registry.npmjs.org/stylus set size:286766 disposed:false
167 silly fetch manifest sugarss@^5.0.0
168 silly packumentCache full:https://registry.npmjs.org/sugarss cache-miss
169 http fetch GET 200 https://registry.npmjs.org/sugarss 53ms (cache revalidated)
170 silly packumentCache full:https://registry.npmjs.org/sugarss set size:44975 disposed:false
171 silly fetch manifest postcss@^8.3.3
172 silly packumentCache full:https://registry.npmjs.org/postcss cache-miss
173 http fetch GET 200 https://registry.npmjs.org/postcss 64ms (cache revalidated)
174 silly packumentCache full:https://registry.npmjs.org/postcss set size:696248 disposed:false
175 silly fetch manifest terser@^5.16.0
176 silly packumentCache full:https://registry.npmjs.org/terser cache-miss
177 http fetch GET 200 https://registry.npmjs.org/terser 51ms (cache revalidated)
178 silly packumentCache full:https://registry.npmjs.org/terser set size:786629 disposed:false
179 silly fetch manifest tsx@^4.8.1
180 silly packumentCache full:https://registry.npmjs.org/tsx cache-miss
181 http fetch GET 200 https://registry.npmjs.org/tsx 53ms (cache revalidated)
182 silly packumentCache full:https://registry.npmjs.org/tsx set size:289592 disposed:false
183 silly fetch manifest yaml@^2.4.2
184 silly packumentCache full:https://registry.npmjs.org/yaml cache-miss
185 http fetch GET 200 https://registry.npmjs.org/yaml 42ms (cache revalidated)
186 silly packumentCache full:https://registry.npmjs.org/yaml set size:361552 disposed:false
187 silly fetch manifest wrangler@^3.28.2 || ^4.0.0
188 silly packumentCache full:https://registry.npmjs.org/wrangler cache-miss
189 http fetch GET 200 https://registry.npmjs.org/wrangler 519ms (cache miss)
190 silly packumentCache full:https://registry.npmjs.org/wrangler set size:undefined disposed:false
191 silly fetch manifest @cloudflare/workers-types@^4.20260305.0
192 silly packumentCache full:https://registry.npmjs.org/@cloudflare%2fworkers-types cache-miss
193 http fetch GET 200 https://registry.npmjs.org/@cloudflare%2fworkers-types 106ms (cache miss)
194 silly packumentCache full:https://registry.npmjs.org/@cloudflare%2fworkers-types set size:undefined disposed:false
195 silly fetch manifest @react-router/dev@7.12.0
196 silly packumentCache full:https://registry.npmjs.org/@react-router%2fdev cache-miss
197 http cache https://registry.npmjs.org/@react-router%2fdev 15ms (cache hit)
198 silly packumentCache full:https://registry.npmjs.org/@react-router%2fdev set size:2802768 disposed:false
199 silly fetch manifest @react-router/serve@^7.12.0
200 silly packumentCache full:https://registry.npmjs.org/@react-router%2fserve cache-miss
201 http cache https://registry.npmjs.org/@react-router%2fserve 15ms (cache hit)
202 silly packumentCache full:https://registry.npmjs.org/@react-router%2fserve set size:1682916 disposed:false
203 silly fetch manifest react-router@7.12.0
204 silly packumentCache full:https://registry.npmjs.org/react-router cache-miss
205 http cache https://registry.npmjs.org/react-router 21ms (cache hit)
206 silly packumentCache full:https://registry.npmjs.org/react-router set size:3828214 disposed:false
207 silly fetch manifest react@^18.3.1 || ~19.0.3 || ~19.1.4 || ^19.2.3
208 silly packumentCache full:https://registry.npmjs.org/react cache-miss
209 http cache https://registry.npmjs.org/react 29ms (cache hit)
210 silly packumentCache full:https://registry.npmjs.org/react set size:6523821 disposed:false
211 silly fetch manifest vite@^5.1.0 || ^6.2.1
212 silly packumentCache full:https://registry.npmjs.org/vite cache-miss
213 http cache https://registry.npmjs.org/vite 111ms (cache hit)
214 silly packumentCache full:https://registry.npmjs.org/vite set size:38733997 disposed:false
215 silly fetch manifest @types/node@^18.0.0 || ^20.0.0 || >=22.0.0
216 silly packumentCache full:https://registry.npmjs.org/@types%2fnode cache-miss
217 http cache https://registry.npmjs.org/@types%2fnode 45ms (cache hit)
218 silly packumentCache full:https://registry.npmjs.org/@types%2fnode set size:10900244 disposed:false
219 silly fetch manifest less@*
220 silly packumentCache full:https://registry.npmjs.org/less cache-hit
221 silly fetch manifest sass@*
222 silly packumentCache full:https://registry.npmjs.org/sass cache-hit
223 silly fetch manifest sass-embedded@*
224 silly packumentCache full:https://registry.npmjs.org/sass-embedded cache-hit
225 silly fetch manifest stylus@*
226 silly packumentCache full:https://registry.npmjs.org/stylus cache-hit
227 silly fetch manifest sugarss@*
228 silly packumentCache full:https://registry.npmjs.org/sugarss cache-hit
229 silly fetch manifest react-dom@^18.3.1 || ~19.0.3 || ~19.1.4 || ^19.2.3
230 silly packumentCache full:https://registry.npmjs.org/react-dom cache-miss
231 http cache https://registry.npmjs.org/react-dom 33ms (cache hit)
232 silly packumentCache full:https://registry.npmjs.org/react-dom set size:8651400 disposed:false
233 silly fetch manifest @preact/signals@*
234 silly packumentCache full:https://registry.npmjs.org/@preact%2fsignals cache-miss
235 http fetch GET 200 https://registry.npmjs.org/@preact%2fsignals 55ms (cache miss)
236 silly packumentCache full:https://registry.npmjs.org/@preact%2fsignals set size:undefined disposed:false
237 silly placeDep ROOT @modelcontextprotocol/sdk@1.27.1 OK for: @shopify/dev-mcp@1.6.0 want: ^1.17.4
238 silly placeDep ROOT @react-router/dev@7.13.1 OK for: @shopify/dev-mcp@1.6.0 want: ^7.1.1
239 silly placeDep ROOT vite@7.3.1 OK for: @react-router/dev@7.13.1 want: ^5.1.0 || ^6.0.0 || ^7.0.0
240 silly placeDep ROOT react-router@7.13.1 OK for: @react-router/dev@7.13.1 want: ^7.13.1
241 silly placeDep ROOT react@19.2.4 OK for: react-router@7.13.1 want: >=18
242 silly placeDep ROOT @shopify/app-bridge-types@0.5.3 OK for: @shopify/dev-mcp@1.6.0 want: ^0.5.3
243 silly placeDep ROOT @shopify/hydrogen@2025.10.1 OK for: @shopify/dev-mcp@1.6.0 want: ^2025.7.1
244 silly placeDep ROOT @react-router/dev@7.12.0 REPLACE for: @shopify/hydrogen@2025.10.1 want: 7.12.0
245 silly placeDep ROOT vite@6.4.1 REPLACE for: @shopify/hydrogen@2025.10.1 want: ^5.1.0 || ^6.2.1
246 silly placeDep ROOT @shopify/hydrogen-react@2025.10.0 OK for: @shopify/dev-mcp@1.6.0 want: ^2025.7.1
247 silly placeDep ROOT react-dom@19.2.4 OK for: @shopify/hydrogen-react@2025.10.0 want: ^18.3.1 || ~19.0.3 || ~19.1.4 || ^19.2.3
248 silly placeDep ROOT @shopify/polaris-types@1.0.1 OK for: @shopify/dev-mcp@1.6.0 want: ^1.0.1
249 silly placeDep ROOT @shopify/theme-check-common@3.23.0 OK for: @shopify/dev-mcp@1.6.0 want: ^3.20.0
250 silly placeDep ROOT @shopify/theme-check-docs-updater@3.23.0 OK for: @shopify/dev-mcp@1.6.0 want: ^3.20.0
251 silly placeDep ROOT @shopify/theme-check-node@3.23.0 OK for: @shopify/dev-mcp@1.6.0 want: ^3.20.0
252 silly placeDep ROOT @shopify/ui-extensions@2025.11.0 OK for: @shopify/dev-mcp@1.6.0 want: ^2025.10.11
253 silly placeDep ROOT @types/react@19.2.14 OK for: @shopify/dev-mcp@1.6.0 want: ^19.2.2
254 silly placeDep ROOT env-paths@3.0.0 OK for: @shopify/dev-mcp@1.6.0 want: ^3.0.0
255 silly placeDep ROOT execa@8.0.1 OK for: @shopify/dev-mcp@1.6.0 want: ^8.0.1
256 silly placeDep ROOT graphql@16.13.0 OK for: @shopify/dev-mcp@1.6.0 want: ^16.11.0
257 silly placeDep ROOT preact@10.28.4 OK for: @shopify/dev-mcp@1.6.0 want: ^10.27.2
258 silly placeDep ROOT schema-dts@1.1.5 OK for: @shopify/dev-mcp@1.6.0 want: ^1.1.5
259 silly placeDep ROOT toml@3.0.0 OK for: @shopify/dev-mcp@1.6.0 want: ^3.0.0
260 silly placeDep ROOT type-fest@4.41.0 OK for: @shopify/dev-mcp@1.6.0 want: ^4.31.0
261 silly placeDep ROOT typescript@5.9.3 OK for: @shopify/dev-mcp@1.6.0 want: ^5.8.2
262 silly placeDep ROOT zod@3.25.76 OK for: @shopify/dev-mcp@1.6.0 want: ^3.24.2
263 silly fetch manifest ajv@^8.17.1
264 silly packumentCache full:https://registry.npmjs.org/ajv cache-miss
265 silly fetch manifest zod@^3.25 || ^4.0
266 silly packumentCache full:https://registry.npmjs.org/zod cache-miss
267 silly fetch manifest cors@^2.8.5
268 silly packumentCache full:https://registry.npmjs.org/cors cache-miss
269 silly fetch manifest hono@^4.11.4
270 silly packumentCache full:https://registry.npmjs.org/hono cache-miss
271 silly fetch manifest jose@^6.1.3
272 silly packumentCache full:https://registry.npmjs.org/jose cache-miss
273 silly fetch manifest express@^5.2.1
274 silly packumentCache full:https://registry.npmjs.org/express cache-miss
275 silly fetch manifest raw-body@^3.0.0
276 silly packumentCache full:https://registry.npmjs.org/raw-body cache-miss
277 silly fetch manifest ajv-formats@^3.0.1
278 silly packumentCache full:https://registry.npmjs.org/ajv-formats cache-miss
279 silly fetch manifest cross-spawn@^7.0.5
280 silly packumentCache full:https://registry.npmjs.org/cross-spawn cache-miss
281 silly fetch manifest eventsource@^3.0.2
282 silly packumentCache full:https://registry.npmjs.org/eventsource cache-miss
283 silly fetch manifest content-type@^1.0.5
284 silly packumentCache full:https://registry.npmjs.org/content-type cache-miss
285 silly fetch manifest pkce-challenge@^5.0.0
286 silly packumentCache full:https://registry.npmjs.org/pkce-challenge cache-miss
287 silly fetch manifest @hono/node-server@^1.19.9
288 silly packumentCache full:https://registry.npmjs.org/@hono%2fnode-server cache-miss
289 silly fetch manifest json-schema-typed@^8.0.2
290 silly packumentCache full:https://registry.npmjs.org/json-schema-typed cache-miss
291 silly fetch manifest eventsource-parser@^3.0.0
292 silly packumentCache full:https://registry.npmjs.org/eventsource-parser cache-miss
293 http cache https://registry.npmjs.org/zod 41ms (cache hit)
294 silly packumentCache full:https://registry.npmjs.org/zod set size:3489329 disposed:false
295 silly fetch manifest express-rate-limit@^8.2.1
296 silly packumentCache full:https://registry.npmjs.org/express-rate-limit cache-miss
297 http fetch GET 200 https://registry.npmjs.org/cross-spawn 99ms (cache revalidated)
298 silly packumentCache full:https://registry.npmjs.org/cross-spawn set size:109066 disposed:false
299 silly fetch manifest zod-to-json-schema@^3.25.1
300 silly packumentCache full:https://registry.npmjs.org/zod-to-json-schema cache-miss
301 http fetch GET 200 https://registry.npmjs.org/ajv 113ms (cache revalidated)
302 silly packumentCache full:https://registry.npmjs.org/ajv set size:1120197 disposed:false
303 silly fetch manifest arg@^5.0.1
304 silly packumentCache full:https://registry.npmjs.org/arg cache-miss
305 http fetch GET 200 https://registry.npmjs.org/content-type 125ms (cache miss)
306 silly packumentCache full:https://registry.npmjs.org/content-type set size:undefined disposed:false
307 silly fetch manifest isbot@^5.1.11
308 silly packumentCache full:https://registry.npmjs.org/isbot cache-miss
309 http fetch GET 200 https://registry.npmjs.org/json-schema-typed 127ms (cache miss)
310 silly packumentCache full:https://registry.npmjs.org/json-schema-typed set size:undefined disposed:false
311 silly fetch manifest jsesc@3.0.2
312 silly packumentCache full:https://registry.npmjs.org/jsesc cache-miss
313 http fetch GET 200 https://registry.npmjs.org/cors 143ms (cache miss)
314 silly packumentCache full:https://registry.npmjs.org/cors set size:undefined disposed:false
315 silly fetch manifest p-map@^7.0.3
316 silly packumentCache full:https://registry.npmjs.org/p-map cache-miss
317 http fetch GET 200 https://registry.npmjs.org/pkce-challenge 141ms (cache miss)
318 silly packumentCache full:https://registry.npmjs.org/pkce-challenge set size:undefined disposed:false
319 silly fetch manifest pathe@^1.1.2
320 silly packumentCache full:https://registry.npmjs.org/pathe cache-miss
321 http fetch GET 200 https://registry.npmjs.org/@hono%2fnode-server 158ms (cache miss)
322 silly packumentCache full:https://registry.npmjs.org/@hono%2fnode-server set size:undefined disposed:false
323 silly fetch manifest dedent@^1.5.3
324 silly packumentCache full:https://registry.npmjs.org/dedent cache-miss
325 http fetch GET 200 https://registry.npmjs.org/raw-body 168ms (cache miss)
326 silly packumentCache full:https://registry.npmjs.org/raw-body set size:undefined disposed:false
327 silly fetch manifest lodash@^4.17.21
328 silly packumentCache full:https://registry.npmjs.org/lodash cache-miss
329 http fetch GET 200 https://registry.npmjs.org/eventsource 178ms (cache miss)
330 silly packumentCache full:https://registry.npmjs.org/eventsource set size:undefined disposed:false
331 silly fetch manifest semver@^7.3.7
332 silly packumentCache full:https://registry.npmjs.org/semver cache-miss
333 http fetch GET 200 https://registry.npmjs.org/ajv-formats 189ms (cache miss)
334 silly packumentCache full:https://registry.npmjs.org/ajv-formats set size:undefined disposed:false
335 silly fetch manifest valibot@^1.2.0
336 silly packumentCache full:https://registry.npmjs.org/valibot cache-miss
337 http fetch GET 200 https://registry.npmjs.org/arg 82ms (cache miss)
338 silly packumentCache full:https://registry.npmjs.org/arg set size:undefined disposed:false
339 silly fetch manifest chokidar@^4.0.0
340 silly packumentCache full:https://registry.npmjs.org/chokidar cache-miss
341 http fetch GET 200 https://registry.npmjs.org/express-rate-limit 154ms (cache miss)
342 silly packumentCache full:https://registry.npmjs.org/express-rate-limit set size:undefined disposed:false
343 silly fetch manifest prettier@^3.6.2
344 silly packumentCache full:https://registry.npmjs.org/prettier cache-miss
345 http fetch GET 200 https://registry.npmjs.org/p-map 86ms (cache miss)
346 silly packumentCache full:https://registry.npmjs.org/p-map set size:undefined disposed:false
347 silly fetch manifest exit-hook@2.2.1
348 silly packumentCache full:https://registry.npmjs.org/exit-hook cache-miss
349 http fetch GET 200 https://registry.npmjs.org/jsesc 113ms (cache revalidated)
350 silly packumentCache full:https://registry.npmjs.org/jsesc set size:61512 disposed:false
351 silly fetch manifest pkg-types@^2.3.0
352 silly packumentCache full:https://registry.npmjs.org/pkg-types cache-miss
353 http fetch GET 200 https://registry.npmjs.org/zod-to-json-schema 150ms (cache miss)
354 silly packumentCache full:https://registry.npmjs.org/zod-to-json-schema set size:undefined disposed:false
355 silly fetch manifest vite-node@^3.2.2
356 silly packumentCache full:https://registry.npmjs.org/vite-node cache-miss
357 http fetch GET 200 https://registry.npmjs.org/pathe 130ms (cache revalidated)
358 silly packumentCache full:https://registry.npmjs.org/pathe set size:68788 disposed:false
359 silly fetch manifest picocolors@^1.1.1
360 silly packumentCache full:https://registry.npmjs.org/picocolors cache-miss
361 http fetch GET 200 https://registry.npmjs.org/dedent 114ms (cache miss)
362 silly packumentCache full:https://registry.npmjs.org/dedent set size:undefined disposed:false
363 silly fetch manifest tinyglobby@^0.2.14
364 silly packumentCache full:https://registry.npmjs.org/tinyglobby cache-miss
365 http fetch GET 200 https://registry.npmjs.org/eventsource-parser 289ms (cache miss)
366 silly packumentCache full:https://registry.npmjs.org/eventsource-parser set size:undefined disposed:false
367 silly fetch manifest @babel/core@^7.27.7
368 silly packumentCache full:https://registry.npmjs.org/@babel%2fcore cache-miss
369 http fetch GET 200 https://registry.npmjs.org/semver 117ms (cache revalidated)
370 silly packumentCache full:https://registry.npmjs.org/semver set size:229678 disposed:false
371 silly fetch manifest @babel/types@^7.27.7
372 silly packumentCache full:https://registry.npmjs.org/@babel%2ftypes cache-miss
373 http fetch GET 200 https://registry.npmjs.org/lodash 145ms (cache miss)
374 silly packumentCache full:https://registry.npmjs.org/lodash set size:undefined disposed:false
375 silly fetch manifest @babel/parser@^7.27.7
376 silly packumentCache full:https://registry.npmjs.org/@babel%2fparser cache-miss
377 http fetch GET 200 https://registry.npmjs.org/valibot 136ms (cache miss)
378 silly packumentCache full:https://registry.npmjs.org/valibot set size:undefined disposed:false
379 silly fetch manifest react-refresh@^0.14.0
380 silly packumentCache full:https://registry.npmjs.org/react-refresh cache-miss
381 http fetch GET 200 https://registry.npmjs.org/exit-hook 113ms (cache miss)
382 silly packumentCache full:https://registry.npmjs.org/exit-hook set size:undefined disposed:false
383 silly fetch manifest @babel/traverse@^7.27.7
384 silly packumentCache full:https://registry.npmjs.org/@babel%2ftraverse cache-miss
385 http fetch GET 200 https://registry.npmjs.org/chokidar 146ms (cache miss)
386 silly packumentCache full:https://registry.npmjs.org/chokidar set size:undefined disposed:false
387 silly fetch manifest es-module-lexer@^1.3.1
388 silly packumentCache full:https://registry.npmjs.org/es-module-lexer cache-miss
389 http fetch GET 200 https://registry.npmjs.org/isbot 227ms (cache miss)
390 silly packumentCache full:https://registry.npmjs.org/isbot set size:undefined disposed:false
391 silly fetch manifest @babel/generator@^7.27.5
392 silly packumentCache full:https://registry.npmjs.org/@babel%2fgenerator cache-miss
393 http fetch GET 200 https://registry.npmjs.org/pkg-types 125ms (cache miss)
394 silly packumentCache full:https://registry.npmjs.org/pkg-types set size:undefined disposed:false
395 silly fetch manifest @react-router/node@7.13.1
396 silly packumentCache full:https://registry.npmjs.org/@react-router%2fnode cache-miss
397 http fetch GET 200 https://registry.npmjs.org/picocolors 113ms (cache revalidated)
398 silly packumentCache full:https://registry.npmjs.org/picocolors set size:16648 disposed:false
399 silly fetch manifest @babel/plugin-syntax-jsx@^7.27.1
400 silly packumentCache full:https://registry.npmjs.org/@babel%2fplugin-syntax-jsx cache-miss
401 http fetch GET 200 https://registry.npmjs.org/tinyglobby 117ms (cache revalidated)
402 silly packumentCache full:https://registry.npmjs.org/tinyglobby set size:49812 disposed:false
403 silly fetch manifest @babel/preset-typescript@^7.27.1
404 silly packumentCache full:https://registry.npmjs.org/@babel%2fpreset-typescript cache-miss
405 http fetch GET 200 https://registry.npmjs.org/@babel%2ftypes 115ms (cache revalidated)
406 silly packumentCache full:https://registry.npmjs.org/@babel%2ftypes set size:485839 disposed:false
407 silly fetch manifest babel-dead-code-elimination@^1.0.6
408 silly packumentCache full:https://registry.npmjs.org/babel-dead-code-elimination cache-miss
409 http fetch GET 200 https://registry.npmjs.org/@babel%2fcore 139ms (cache revalidated)
410 silly packumentCache full:https://registry.npmjs.org/@babel%2fcore set size:756140 disposed:false
411 silly fetch manifest @remix-run/node-fetch-server@^0.13.0
412 silly packumentCache full:https://registry.npmjs.org/@remix-run%2fnode-fetch-server cache-miss
413 http fetch GET 200 https://registry.npmjs.org/prettier 226ms (cache miss)
414 silly packumentCache full:https://registry.npmjs.org/prettier set size:undefined disposed:false
415 silly fetch manifest cookie@^1.0.1
416 silly packumentCache full:https://registry.npmjs.org/cookie cache-miss
417 http fetch GET 200 https://registry.npmjs.org/jose 464ms (cache miss)
418 silly packumentCache full:https://registry.npmjs.org/jose set size:undefined disposed:false
419 silly fetch manifest set-cookie-parser@^2.6.0
420 silly packumentCache full:https://registry.npmjs.org/set-cookie-parser cache-miss
421 http fetch GET 200 https://registry.npmjs.org/express 495ms (cache miss)
422 silly packumentCache full:https://registry.npmjs.org/express set size:undefined disposed:false
423 silly fetch manifest fdir@^6.5.0
424 silly packumentCache full:https://registry.npmjs.org/fdir cache-miss
425 http fetch GET 200 https://registry.npmjs.org/@babel%2fparser 190ms (cache revalidated)
426 silly packumentCache full:https://registry.npmjs.org/@babel%2fparser set size:714217 disposed:false
427 silly fetch manifest rollup@^4.43.0
428 silly packumentCache full:https://registry.npmjs.org/rollup cache-miss
429 http fetch GET 200 https://registry.npmjs.org/es-module-lexer 166ms (cache revalidated)
430 silly packumentCache full:https://registry.npmjs.org/es-module-lexer set size:203341 disposed:false
431 silly fetch manifest esbuild@^0.27.0
432 silly packumentCache full:https://registry.npmjs.org/esbuild cache-miss
433 http fetch GET 200 https://registry.npmjs.org/@babel%2ftraverse 189ms (cache revalidated)
434 silly packumentCache full:https://registry.npmjs.org/@babel%2ftraverse set size:546499 disposed:false
435 silly fetch manifest postcss@^8.5.6
436 silly packumentCache full:https://registry.npmjs.org/postcss cache-hit
437 silly fetch manifest picomatch@^4.0.3
438 silly packumentCache full:https://registry.npmjs.org/picomatch cache-miss
439 http fetch GET 200 https://registry.npmjs.org/@babel%2fgenerator 177ms (cache revalidated)
440 silly packumentCache full:https://registry.npmjs.org/@babel%2fgenerator set size:504910 disposed:false
441 silly fetch manifest tinyglobby@^0.2.15
442 silly packumentCache full:https://registry.npmjs.org/tinyglobby cache-hit
443 silly fetch manifest fsevents@~2.3.3
444 silly packumentCache full:https://registry.npmjs.org/fsevents cache-miss
445 http fetch GET 200 https://registry.npmjs.org/set-cookie-parser 94ms (cache miss)
446 silly packumentCache full:https://registry.npmjs.org/set-cookie-parser set size:undefined disposed:false
447 silly fetch manifest @standard-schema/spec@^1.0.0
448 silly packumentCache full:https://registry.npmjs.org/@standard-schema%2fspec cache-miss
449 http fetch GET 200 https://registry.npmjs.org/vite-node 317ms (cache miss)
450 silly packumentCache full:https://registry.npmjs.org/vite-node set size:undefined disposed:false
451 silly fetch manifest isbot@^5.1.21
452 silly packumentCache full:https://registry.npmjs.org/isbot cache-miss
453 http fetch GET 200 https://registry.npmjs.org/@babel%2fpreset-typescript 193ms (cache miss)
454 silly packumentCache full:https://registry.npmjs.org/@babel%2fpreset-typescript set size:undefined disposed:false
455 silly fetch manifest worktop@^0.7.3
456 silly packumentCache full:https://registry.npmjs.org/worktop cache-miss
457 http fetch GET 200 https://registry.npmjs.org/cookie 157ms (cache revalidated)
458 silly packumentCache full:https://registry.npmjs.org/cookie set size:72891 disposed:false
459 silly fetch manifest type-fest@^4.33.0
460 silly packumentCache full:https://registry.npmjs.org/type-fest cache-miss
461 http fetch GET 200 https://registry.npmjs.org/esbuild 106ms (cache revalidated)
462 silly packumentCache full:https://registry.npmjs.org/esbuild set size:1242223 disposed:false
463 silly fetch manifest flame-chart-js@2.3.1
464 silly packumentCache full:https://registry.npmjs.org/flame-chart-js cache-miss
465 http fetch GET 200 https://registry.npmjs.org/rollup 145ms (cache revalidated)
466 silly packumentCache full:https://registry.npmjs.org/rollup set size:6122682 disposed:false
467 silly fetch manifest source-map-support@^0.5.21
468 silly packumentCache full:https://registry.npmjs.org/source-map-support cache-miss
469 http fetch GET 200 https://registry.npmjs.org/fdir 216ms (cache revalidated)
470 silly packumentCache full:https://registry.npmjs.org/fdir set size:136182 disposed:false
471 silly fetch manifest use-resize-observer@^9.1.0
472 silly packumentCache full:https://registry.npmjs.org/use-resize-observer cache-miss
473 http fetch GET 200 https://registry.npmjs.org/picomatch 197ms (cache revalidated)
474 silly packumentCache full:https://registry.npmjs.org/picomatch set size:118818 disposed:false
475 silly fetch manifest @shopify/graphql-client@1.4.1
476 silly packumentCache full:https://registry.npmjs.org/@shopify%2fgraphql-client cache-miss
477 http fetch GET 200 https://registry.npmjs.org/fsevents 194ms (cache revalidated)
478 silly packumentCache full:https://registry.npmjs.org/fsevents set size:182472 disposed:false
479 silly fetch manifest @shopify/hydrogen-react@2025.10.0
480 silly packumentCache full:https://registry.npmjs.org/@shopify%2fhydrogen-react cache-miss
481 http cache https://registry.npmjs.org/isbot 167ms (cache hit)
482 silly packumentCache full:https://registry.npmjs.org/isbot set size:680381 disposed:false
483 silly fetch manifest content-security-policy-builder@^2.2.0
484 silly packumentCache full:https://registry.npmjs.org/content-security-policy-builder cache-miss
485 http fetch GET 200 https://registry.npmjs.org/babel-dead-code-elimination 359ms (cache miss)
486 silly packumentCache full:https://registry.npmjs.org/babel-dead-code-elimination set size:undefined disposed:false
487 silly fetch manifest fdir@^6.4.4
488 silly packumentCache full:https://registry.npmjs.org/fdir cache-hit
489 silly fetch manifest rollup@^4.34.9
490 silly packumentCache full:https://registry.npmjs.org/rollup cache-miss
491 http cache https://registry.npmjs.org/type-fest 170ms (cache hit)
492 silly packumentCache full:https://registry.npmjs.org/type-fest set size:554345 disposed:false
493 silly fetch manifest esbuild@^0.25.0
494 silly packumentCache full:https://registry.npmjs.org/esbuild cache-miss
495 http cache https://registry.npmjs.org/@shopify%2fhydrogen-react 80ms (cache hit)
496 silly packumentCache full:https://registry.npmjs.org/@shopify%2fhydrogen-react set size:10150485 disposed:false
497 silly fetch manifest postcss@^8.5.3
498 silly packumentCache full:https://registry.npmjs.org/postcss cache-hit
499 silly fetch manifest picomatch@^4.0.2
500 silly packumentCache full:https://registry.npmjs.org/picomatch cache-hit
501 silly fetch manifest tinyglobby@^0.2.13
502 silly packumentCache full:https://registry.npmjs.org/tinyglobby cache-hit
503 silly fetch manifest react-refresh@^0.14.0
504 silly packumentCache full:https://registry.npmjs.org/react-refresh cache-miss
505 http fetch GET 200 https://registry.npmjs.org/@remix-run%2fnode-fetch-server 489ms (cache miss)
506 silly packumentCache full:https://registry.npmjs.org/@remix-run%2fnode-fetch-server set size:undefined disposed:false
507 silly fetch manifest @react-router/node@7.12.0
508 silly packumentCache full:https://registry.npmjs.org/@react-router%2fnode cache-miss
509 http fetch GET 200 https://registry.npmjs.org/source-map-support 234ms (cache miss)
510 silly packumentCache full:https://registry.npmjs.org/source-map-support set size:undefined disposed:false
511 silly fetch manifest @babel/plugin-syntax-jsx@^7.27.1
512 silly packumentCache full:https://registry.npmjs.org/@babel%2fplugin-syntax-jsx cache-miss
513 http cache https://registry.npmjs.org/rollup 185ms (cache hit)
514 silly packumentCache full:https://registry.npmjs.org/rollup set size:6122682 disposed:false
515 silly fetch manifest @remix-run/node-fetch-server@^0.9.0
516 silly packumentCache full:https://registry.npmjs.org/@remix-run%2fnode-fetch-server cache-miss
517 http fetch GET 200 https://registry.npmjs.org/use-resize-observer 306ms (cache miss)
518 silly packumentCache full:https://registry.npmjs.org/use-resize-observer set size:undefined disposed:false
519 silly fetch manifest graphql@^16.10.0
520 silly packumentCache full:https://registry.npmjs.org/graphql cache-miss
521 http cache https://registry.npmjs.org/esbuild 241ms (cache hit)
522 silly packumentCache full:https://registry.npmjs.org/esbuild set size:1242223 disposed:false
523 silly fetch manifest worktop@^0.7.3
524 silly packumentCache full:https://registry.npmjs.org/worktop cache-miss
525 http fetch GET 200 https://registry.npmjs.org/content-security-policy-builder 294ms (cache miss)
526 silly packumentCache full:https://registry.npmjs.org/content-security-policy-builder set size:undefined disposed:false
527 silly fetch manifest @xstate/fsm@2.0.0
528 silly packumentCache full:https://registry.npmjs.org/@xstate%2ffsm cache-miss
529 http fetch GET 200 https://registry.npmjs.org/@standard-schema%2fspec 504ms (cache revalidated)
530 silly packumentCache full:https://registry.npmjs.org/@standard-schema%2fspec set size:27284 disposed:false
531 silly fetch manifest @xstate/react@3.2.1
532 silly packumentCache full:https://registry.npmjs.org/@xstate%2freact cache-miss
533 http fetch GET 200 https://registry.npmjs.org/@shopify%2fgraphql-client 342ms (cache miss)
534 silly packumentCache full:https://registry.npmjs.org/@shopify%2fgraphql-client set size:undefined disposed:false
535 silly fetch manifest @google/model-viewer@^4.0.0
536 silly packumentCache full:https://registry.npmjs.org/@google%2fmodel-viewer cache-miss
537 http cache https://registry.npmjs.org/@remix-run%2fnode-fetch-server 65ms (cache hit)
538 silly packumentCache full:https://registry.npmjs.org/@remix-run%2fnode-fetch-server set size:28567 disposed:false
539 silly fetch manifest use-sync-external-store@1.6.0
540 silly packumentCache full:https://registry.npmjs.org/use-sync-external-store cache-miss
541 http fetch GET 200 https://registry.npmjs.org/@babel%2fplugin-syntax-jsx 707ms (cache miss)
542 silly packumentCache full:https://registry.npmjs.org/@babel%2fplugin-syntax-jsx set size:undefined disposed:false
543 silly fetch manifest use-isomorphic-layout-effect@1.2.1
544 silly packumentCache full:https://registry.npmjs.org/use-isomorphic-layout-effect cache-miss
545 http cache https://registry.npmjs.org/graphql 76ms (cache hit)
546 silly packumentCache full:https://registry.npmjs.org/graphql set size:799655 disposed:false
547 silly fetch manifest scheduler@^0.27.0
548 silly packumentCache full:https://registry.npmjs.org/scheduler cache-miss
549 http fetch GET 200 https://registry.npmjs.org/@babel%2fplugin-syntax-jsx 183ms (cache miss)
550 silly packumentCache full:https://registry.npmjs.org/@babel%2fplugin-syntax-jsx set size:undefined disposed:false
551 silly fetch manifest minimatch@^9.0.1
552 silly packumentCache full:https://registry.npmjs.org/minimatch cache-miss
553 http fetch GET 200 https://registry.npmjs.org/worktop 110ms (cache miss)
554 silly packumentCache full:https://registry.npmjs.org/worktop set size:undefined disposed:false
555 silly fetch manifest vscode-uri@^3.0.7
556 silly packumentCache full:https://registry.npmjs.org/vscode-uri cache-miss
557 http fetch GET 200 https://registry.npmjs.org/use-isomorphic-layout-effect 63ms (cache miss)
558 silly packumentCache full:https://registry.npmjs.org/use-isomorphic-layout-effect set size:undefined disposed:false
559 silly fetch manifest cross-fetch@^4.0.0
560 silly packumentCache full:https://registry.npmjs.org/cross-fetch cache-miss
561 http fetch GET 200 https://registry.npmjs.org/worktop 576ms (cache miss)
562 silly packumentCache full:https://registry.npmjs.org/worktop set size:undefined disposed:false
563 silly fetch manifest line-column@^1.0.2
564 silly packumentCache full:https://registry.npmjs.org/line-column cache-miss
565 http fetch GET 200 https://registry.npmjs.org/@xstate%2freact 114ms (cache miss)
566 silly packumentCache full:https://registry.npmjs.org/@xstate%2freact set size:undefined disposed:false
567 silly fetch manifest jsonc-parser@^3.2.0
568 silly packumentCache full:https://registry.npmjs.org/jsonc-parser cache-miss
569 http fetch GET 200 https://registry.npmjs.org/@google%2fmodel-viewer 115ms (cache miss)
570 silly packumentCache full:https://registry.npmjs.org/@google%2fmodel-viewer set size:undefined disposed:false
571 silly fetch manifest @shopify/liquid-html-parser@2.9.0
572 silly packumentCache full:https://registry.npmjs.org/@shopify%2fliquid-html-parser cache-miss
573 http fetch GET 200 https://registry.npmjs.org/use-sync-external-store 130ms (cache revalidated)
574 silly packumentCache full:https://registry.npmjs.org/use-sync-external-store set size:4544327 disposed:false
575 silly fetch manifest vscode-json-languageservice@^5.3.10
576 silly packumentCache full:https://registry.npmjs.org/vscode-json-languageservice cache-miss
577 http fetch GET 200 https://registry.npmjs.org/@react-router%2fnode 891ms (cache miss)
578 silly packumentCache full:https://registry.npmjs.org/@react-router%2fnode set size:undefined disposed:false
579 silly fetch manifest env-paths@^2.2.1
580 silly packumentCache full:https://registry.npmjs.org/env-paths cache-miss
581 http fetch GET 200 https://registry.npmjs.org/jsonc-parser 108ms (cache miss)
582 silly packumentCache full:https://registry.npmjs.org/jsonc-parser set size:undefined disposed:false
583 silly fetch manifest node-fetch@^2.6.11
584 silly packumentCache full:https://registry.npmjs.org/node-fetch cache-miss
585 http fetch GET 200 https://registry.npmjs.org/cross-fetch 143ms (cache miss)
586 silly packumentCache full:https://registry.npmjs.org/cross-fetch set size:undefined disposed:false
587 silly fetch manifest glob@^8.0.3
588 silly packumentCache full:https://registry.npmjs.org/glob cache-miss
589 http cache https://registry.npmjs.org/env-paths 30ms (cache hit)
590 silly packumentCache full:https://registry.npmjs.org/env-paths set size:26913 disposed:false
591 silly fetch manifest yaml@^2.3.0
592 silly packumentCache full:https://registry.npmjs.org/yaml cache-hit
593 silly fetch manifest vscode-uri@^3.0.7
594 silly packumentCache full:https://registry.npmjs.org/vscode-uri cache-miss
595 http fetch GET 200 https://registry.npmjs.org/flame-chart-js 676ms (cache miss)
596 silly packumentCache full:https://registry.npmjs.org/flame-chart-js set size:undefined disposed:false
597 silly fetch manifest ts-morph@^25.0.1
598 silly packumentCache full:https://registry.npmjs.org/ts-morph cache-miss
599 http fetch GET 200 https://registry.npmjs.org/minimatch 192ms (cache updated)
600 silly packumentCache full:https://registry.npmjs.org/minimatch set size:undefined disposed:false
601 silly fetch manifest csstype@^3.2.2
602 silly packumentCache full:https://registry.npmjs.org/csstype cache-miss
603 http fetch GET 200 https://registry.npmjs.org/hono 1353ms (cache miss)
604 silly packumentCache full:https://registry.npmjs.org/hono set size:undefined disposed:false
605 silly fetch manifest onetime@^6.0.0
606 silly packumentCache full:https://registry.npmjs.org/onetime cache-miss
607 http fetch GET 200 https://registry.npmjs.org/@react-router%2fnode 486ms (cache miss)
608 silly packumentCache full:https://registry.npmjs.org/@react-router%2fnode set size:undefined disposed:false
609 silly fetch manifest is-stream@^3.0.0
610 silly packumentCache full:https://registry.npmjs.org/is-stream cache-miss
611 http fetch GET 200 https://registry.npmjs.org/line-column 286ms (cache miss)
612 silly packumentCache full:https://registry.npmjs.org/line-column set size:undefined disposed:false
613 silly fetch manifest get-stream@^8.0.1
614 silly packumentCache full:https://registry.npmjs.org/get-stream cache-miss
615 http fetch GET 200 https://registry.npmjs.org/vscode-uri 314ms (cache miss)
616 silly packumentCache full:https://registry.npmjs.org/vscode-uri set size:undefined disposed:false
617 silly fetch manifest cross-spawn@^7.0.3
618 silly packumentCache full:https://registry.npmjs.org/cross-spawn cache-hit
619 silly fetch manifest signal-exit@^4.1.0
620 silly packumentCache full:https://registry.npmjs.org/signal-exit cache-miss
621 http fetch GET 200 https://registry.npmjs.org/onetime 82ms (cache miss)
622 silly packumentCache full:https://registry.npmjs.org/onetime set size:undefined disposed:false
623 silly fetch manifest merge-stream@^2.0.0
624 silly packumentCache full:https://registry.npmjs.org/merge-stream cache-miss
625 http fetch GET 200 https://registry.npmjs.org/@xstate%2ffsm 428ms (cache miss)
626 silly packumentCache full:https://registry.npmjs.org/@xstate%2ffsm set size:undefined disposed:false
627 silly fetch manifest npm-run-path@^5.1.0
628 silly packumentCache full:https://registry.npmjs.org/npm-run-path cache-miss
629 http fetch GET 200 https://registry.npmjs.org/vscode-uri 173ms (cache miss)
630 silly packumentCache full:https://registry.npmjs.org/vscode-uri set size:undefined disposed:false
631 silly fetch manifest human-signals@^5.0.0
632 silly packumentCache full:https://registry.npmjs.org/human-signals cache-miss
633 http fetch GET 200 https://registry.npmjs.org/csstype 168ms (cache revalidated)
634 silly packumentCache full:https://registry.npmjs.org/csstype set size:274189 disposed:false
635 silly fetch manifest strip-final-newline@^3.0.0
636 silly packumentCache full:https://registry.npmjs.org/strip-final-newline cache-miss
637 http fetch GET 200 https://registry.npmjs.org/is-stream 92ms (cache miss)
638 silly packumentCache full:https://registry.npmjs.org/is-stream set size:undefined disposed:false
639 http fetch GET 200 https://registry.npmjs.org/glob 224ms (cache miss)
640 silly packumentCache full:https://registry.npmjs.org/glob set size:undefined disposed:false
641 http fetch GET 200 https://registry.npmjs.org/get-stream 85ms (cache miss)
642 silly packumentCache full:https://registry.npmjs.org/get-stream set size:undefined disposed:false
643 http fetch GET 200 https://registry.npmjs.org/ts-morph 227ms (cache miss)
644 silly packumentCache full:https://registry.npmjs.org/ts-morph set size:undefined disposed:false
645 http fetch GET 200 https://registry.npmjs.org/merge-stream 75ms (cache miss)
646 silly packumentCache full:https://registry.npmjs.org/merge-stream set size:undefined disposed:false
647 http fetch GET 200 https://registry.npmjs.org/npm-run-path 70ms (cache miss)
648 silly packumentCache full:https://registry.npmjs.org/npm-run-path set size:undefined disposed:false
649 http fetch GET 200 https://registry.npmjs.org/signal-exit 84ms (cache miss)
650 silly packumentCache full:https://registry.npmjs.org/signal-exit set size:undefined disposed:false
651 http fetch GET 200 https://registry.npmjs.org/human-signals 74ms (cache miss)
652 silly packumentCache full:https://registry.npmjs.org/human-signals set size:undefined disposed:false
653 http fetch GET 200 https://registry.npmjs.org/node-fetch 270ms (cache miss)
654 silly packumentCache full:https://registry.npmjs.org/node-fetch set size:undefined disposed:false
655 http fetch GET 200 https://registry.npmjs.org/react-refresh 1297ms (cache miss)
656 silly packumentCache full:https://registry.npmjs.org/react-refresh set size:undefined disposed:false
657 http fetch GET 200 https://registry.npmjs.org/react-refresh 807ms (cache miss)
658 silly packumentCache full:https://registry.npmjs.org/react-refresh set size:undefined disposed:false
659 http fetch GET 200 https://registry.npmjs.org/strip-final-newline 300ms (cache miss)
660 silly packumentCache full:https://registry.npmjs.org/strip-final-newline set size:undefined disposed:false
661 http fetch GET 200 https://registry.npmjs.org/scheduler 709ms (cache updated)
662 silly packumentCache full:https://registry.npmjs.org/scheduler set size:undefined disposed:false
663 http fetch GET 200 https://registry.npmjs.org/vscode-json-languageservice 648ms (cache miss)
664 silly packumentCache full:https://registry.npmjs.org/vscode-json-languageservice set size:undefined disposed:false
665 http fetch GET 200 https://registry.npmjs.org/@shopify%2fliquid-html-parser 991ms (cache miss)
666 silly packumentCache full:https://registry.npmjs.org/@shopify%2fliquid-html-parser set size:undefined disposed:false
667 silly placeDep ROOT @hono/node-server@1.19.9 OK for: @modelcontextprotocol/sdk@1.27.1 want: ^1.19.9
668 silly placeDep ROOT hono@4.12.3 OK for: @hono/node-server@1.19.9 want: ^4
669 silly placeDep ROOT ajv@8.18.0 OK for: @modelcontextprotocol/sdk@1.27.1 want: ^8.17.1
670 silly placeDep ROOT ajv-formats@3.0.1 OK for: @modelcontextprotocol/sdk@1.27.1 want: ^3.0.1
671 silly placeDep ROOT content-type@1.0.5 OK for: @modelcontextprotocol/sdk@1.27.1 want: ^1.0.5
672 silly placeDep ROOT cors@2.8.6 OK for: @modelcontextprotocol/sdk@1.27.1 want: ^2.8.5
673 silly placeDep ROOT cross-spawn@7.0.6 OK for: @modelcontextprotocol/sdk@1.27.1 want: ^7.0.5
674 silly placeDep ROOT eventsource@3.0.7 OK for: @modelcontextprotocol/sdk@1.27.1 want: ^3.0.2
675 silly placeDep ROOT eventsource-parser@3.0.6 OK for: @modelcontextprotocol/sdk@1.27.1 want: ^3.0.0
676 silly placeDep ROOT express@5.2.1 OK for: @modelcontextprotocol/sdk@1.27.1 want: ^5.2.1
677 silly placeDep ROOT express-rate-limit@8.2.1 OK for: @modelcontextprotocol/sdk@1.27.1 want: ^8.2.1
678 silly placeDep ROOT jose@6.1.3 OK for: @modelcontextprotocol/sdk@1.27.1 want: ^6.1.3
679 silly placeDep ROOT json-schema-typed@8.0.2 OK for: @modelcontextprotocol/sdk@1.27.1 want: ^8.0.2
680 silly placeDep ROOT pkce-challenge@5.0.1 OK for: @modelcontextprotocol/sdk@1.27.1 want: ^5.0.0
681 silly placeDep ROOT raw-body@3.0.2 OK for: @modelcontextprotocol/sdk@1.27.1 want: ^3.0.0
682 silly placeDep ROOT zod-to-json-schema@3.25.1 OK for: @modelcontextprotocol/sdk@1.27.1 want: ^3.25.1
683 silly fetch manifest fast-uri@^3.0.1
684 silly packumentCache full:https://registry.npmjs.org/fast-uri cache-miss
685 silly fetch manifest fast-deep-equal@^3.1.3
686 silly packumentCache full:https://registry.npmjs.org/fast-deep-equal cache-miss
687 silly fetch manifest require-from-string@^2.0.2
688 silly packumentCache full:https://registry.npmjs.org/require-from-string cache-miss
689 silly fetch manifest json-schema-traverse@^1.0.0
690 silly packumentCache full:https://registry.npmjs.org/json-schema-traverse cache-miss
691 silly fetch manifest object-assign@^4
692 silly packumentCache full:https://registry.npmjs.org/object-assign cache-miss
693 silly fetch manifest vary@^1
694 silly packumentCache full:https://registry.npmjs.org/vary cache-miss
695 silly fetch manifest which@^2.0.1
696 silly packumentCache full:https://registry.npmjs.org/which cache-miss
697 silly fetch manifest path-key@^3.1.0
698 silly packumentCache full:https://registry.npmjs.org/path-key cache-miss
699 silly fetch manifest shebang-command@^2.0.0
700 silly packumentCache full:https://registry.npmjs.org/shebang-command cache-miss
701 silly fetch manifest eventsource-parser@^3.0.1
702 silly packumentCache full:https://registry.npmjs.org/eventsource-parser cache-miss
703 silly fetch manifest qs@^6.14.0
704 silly packumentCache full:https://registry.npmjs.org/qs cache-miss
705 silly fetch manifest depd@^2.0.0
706 silly packumentCache full:https://registry.npmjs.org/depd cache-miss
707 silly fetch manifest etag@^1.8.1
708 silly packumentCache full:https://registry.npmjs.org/etag cache-miss
709 silly fetch manifest once@^1.4.0
710 silly packumentCache full:https://registry.npmjs.org/once cache-miss
711 silly fetch manifest send@^1.1.0
712 silly packumentCache full:https://registry.npmjs.org/send cache-miss
713 http cache https://registry.npmjs.org/eventsource-parser 61ms (cache hit)
714 silly packumentCache full:https://registry.npmjs.org/eventsource-parser set size:66053 disposed:false
715 silly fetch manifest vary@^1.1.2
716 silly packumentCache full:https://registry.npmjs.org/vary cache-miss
717 http fetch GET 200 https://registry.npmjs.org/require-from-string 75ms (cache miss)
718 silly packumentCache full:https://registry.npmjs.org/require-from-string set size:undefined disposed:false
719 silly fetch manifest debug@^4.4.0
720 silly packumentCache full:https://registry.npmjs.org/debug cache-miss
721 http fetch GET 200 https://registry.npmjs.org/vary 77ms (cache miss)
722 silly packumentCache full:https://registry.npmjs.org/vary set size:undefined disposed:false
723 silly fetch manifest fresh@^2.0.0
724 silly packumentCache full:https://registry.npmjs.org/fresh cache-miss
725 http fetch GET 200 https://registry.npmjs.org/etag 73ms (cache miss)
726 silly packumentCache full:https://registry.npmjs.org/etag set size:undefined disposed:false
727 silly fetch manifest cookie@^0.7.1
728 silly packumentCache full:https://registry.npmjs.org/cookie cache-hit
729 silly fetch manifest router@^2.2.0
730 silly packumentCache full:https://registry.npmjs.org/router cache-miss
731 http fetch GET 200 https://registry.npmjs.org/once 84ms (cache miss)
732 silly packumentCache full:https://registry.npmjs.org/once set size:undefined disposed:false
733 silly fetch manifest accepts@^2.0.0
734 silly packumentCache full:https://registry.npmjs.org/accepts cache-miss
735 http fetch GET 200 https://registry.npmjs.org/fast-uri 99ms (cache miss)
736 silly packumentCache full:https://registry.npmjs.org/fast-uri set size:undefined disposed:false
737 silly fetch manifest type-is@^2.0.1
738 silly packumentCache full:https://registry.npmjs.org/type-is cache-miss
739 http fetch GET 200 https://registry.npmjs.org/depd 90ms (cache miss)
740 silly packumentCache full:https://registry.npmjs.org/depd set size:undefined disposed:false
741 silly fetch manifest parseurl@^1.3.3
742 silly packumentCache full:https://registry.npmjs.org/parseurl cache-miss
743 http fetch GET 200 https://registry.npmjs.org/send 105ms (cache miss)
744 silly packumentCache full:https://registry.npmjs.org/send set size:undefined disposed:false
745 silly fetch manifest statuses@^2.0.1
746 silly packumentCache full:https://registry.npmjs.org/statuses cache-miss
747 http fetch GET 200 https://registry.npmjs.org/path-key 115ms (cache revalidated)
748 silly packumentCache full:https://registry.npmjs.org/path-key set size:16975 disposed:false
749 silly fetch manifest encodeurl@^2.0.0
750 silly packumentCache full:https://registry.npmjs.org/encodeurl cache-miss
751 http fetch GET 200 https://registry.npmjs.org/shebang-command 116ms (cache revalidated)
752 silly packumentCache full:https://registry.npmjs.org/shebang-command set size:8525 disposed:false
753 silly fetch manifest mime-types@^3.0.0
754 silly packumentCache full:https://registry.npmjs.org/mime-types cache-miss
755 http fetch GET 200 https://registry.npmjs.org/fast-deep-equal 127ms (cache revalidated)
756 silly packumentCache full:https://registry.npmjs.org/fast-deep-equal set size:48634 disposed:false
757 silly fetch manifest proxy-addr@^2.0.7
758 silly packumentCache full:https://registry.npmjs.org/proxy-addr cache-miss
759 http fetch GET 200 https://registry.npmjs.org/json-schema-traverse 133ms (cache revalidated)
760 silly packumentCache full:https://registry.npmjs.org/json-schema-traverse set size:23537 disposed:false
761 silly fetch manifest body-parser@^2.2.1
762 silly packumentCache full:https://registry.npmjs.org/body-parser cache-miss
763 http fetch GET 200 https://registry.npmjs.org/object-assign 138ms (cache revalidated)
764 silly packumentCache full:https://registry.npmjs.org/object-assign set size:28988 disposed:false
765 silly fetch manifest escape-html@^1.0.3
766 silly packumentCache full:https://registry.npmjs.org/escape-html cache-miss
767 http fetch GET 200 https://registry.npmjs.org/which 137ms (cache revalidated)
768 silly packumentCache full:https://registry.npmjs.org/which set size:67805 disposed:false
769 silly fetch manifest http-errors@^2.0.0
770 silly packumentCache full:https://registry.npmjs.org/http-errors cache-miss
771 http fetch GET 200 https://registry.npmjs.org/vary 91ms (cache miss)
772 silly packumentCache full:https://registry.npmjs.org/vary set size:undefined disposed:false
773 silly fetch manifest on-finished@^2.4.1
774 silly packumentCache full:https://registry.npmjs.org/on-finished cache-miss
775 http fetch GET 200 https://registry.npmjs.org/debug 114ms (cache revalidated)
776 silly packumentCache full:https://registry.npmjs.org/debug set size:195840 disposed:false
777 silly fetch manifest finalhandler@^2.1.0
778 silly packumentCache full:https://registry.npmjs.org/finalhandler cache-miss
779 http fetch GET 200 https://registry.npmjs.org/qs 194ms (cache miss)
780 silly packumentCache full:https://registry.npmjs.org/qs set size:undefined disposed:false
781 silly fetch manifest range-parser@^1.2.1
782 silly packumentCache full:https://registry.npmjs.org/range-parser cache-miss
783 http fetch GET 200 https://registry.npmjs.org/parseurl 125ms (cache miss)
784 silly packumentCache full:https://registry.npmjs.org/parseurl set size:undefined disposed:false
785 silly fetch manifest serve-static@^2.2.0
786 silly packumentCache full:https://registry.npmjs.org/serve-static cache-miss
787 http fetch GET 200 https://registry.npmjs.org/router 152ms (cache miss)
788 silly packumentCache full:https://registry.npmjs.org/router set size:undefined disposed:false
789 silly fetch manifest cookie-signature@^1.2.1
790 silly packumentCache full:https://registry.npmjs.org/cookie-signature cache-miss
791 http fetch GET 200 https://registry.npmjs.org/accepts 158ms (cache miss)
792 silly packumentCache full:https://registry.npmjs.org/accepts set size:undefined disposed:false
793 silly fetch manifest merge-descriptors@^2.0.0
794 silly packumentCache full:https://registry.npmjs.org/merge-descriptors cache-miss
795 http fetch GET 200 https://registry.npmjs.org/statuses 155ms (cache miss)
796 silly packumentCache full:https://registry.npmjs.org/statuses set size:undefined disposed:false
797 silly fetch manifest content-disposition@^1.0.0
798 silly packumentCache full:https://registry.npmjs.org/content-disposition cache-miss
799 http fetch GET 200 https://registry.npmjs.org/encodeurl 166ms (cache miss)
800 silly packumentCache full:https://registry.npmjs.org/encodeurl set size:undefined disposed:false
801 silly fetch manifest ip-address@10.0.1
802 silly packumentCache full:https://registry.npmjs.org/ip-address cache-miss
803 http fetch GET 200 https://registry.npmjs.org/on-finished 158ms (cache miss)
804 silly packumentCache full:https://registry.npmjs.org/on-finished set size:undefined disposed:false
805 silly fetch manifest bytes@~3.1.2
806 silly packumentCache full:https://registry.npmjs.org/bytes cache-miss
807 http fetch GET 200 https://registry.npmjs.org/http-errors 183ms (cache miss)
808 silly packumentCache full:https://registry.npmjs.org/http-errors set size:undefined disposed:false
809 silly fetch manifest unpipe@~1.0.0
810 silly packumentCache full:https://registry.npmjs.org/unpipe cache-miss
811 http fetch GET 200 https://registry.npmjs.org/mime-types 214ms (cache miss)
812 silly packumentCache full:https://registry.npmjs.org/mime-types set size:undefined disposed:false
813 silly fetch manifest iconv-lite@~0.7.0
814 silly packumentCache full:https://registry.npmjs.org/iconv-lite cache-miss
815 http fetch GET 200 https://registry.npmjs.org/body-parser 245ms (cache miss)
816 silly packumentCache full:https://registry.npmjs.org/body-parser set size:undefined disposed:false
817 silly fetch manifest http-errors@~2.0.1
818 silly packumentCache full:https://registry.npmjs.org/http-errors cache-miss
819 http fetch GET 200 https://registry.npmjs.org/merge-descriptors 172ms (cache miss)
820 silly packumentCache full:https://registry.npmjs.org/merge-descriptors set size:undefined disposed:false
821 http fetch GET 200 https://registry.npmjs.org/cookie-signature 193ms (cache miss)
822 silly packumentCache full:https://registry.npmjs.org/cookie-signature set size:undefined disposed:false
823 http fetch GET 200 https://registry.npmjs.org/fresh 359ms (cache miss)
824 silly packumentCache full:https://registry.npmjs.org/fresh set size:undefined disposed:false
825 http fetch GET 200 https://registry.npmjs.org/content-disposition 163ms (cache miss)
826 silly packumentCache full:https://registry.npmjs.org/content-disposition set size:undefined disposed:false
827 http fetch GET 200 https://registry.npmjs.org/escape-html 311ms (cache miss)
828 silly packumentCache full:https://registry.npmjs.org/escape-html set size:undefined disposed:false
829 http fetch GET 200 https://registry.npmjs.org/proxy-addr 331ms (cache miss)
830 silly packumentCache full:https://registry.npmjs.org/proxy-addr set size:undefined disposed:false
831 http fetch GET 200 https://registry.npmjs.org/bytes 145ms (cache miss)
832 silly packumentCache full:https://registry.npmjs.org/bytes set size:undefined disposed:false
833 http cache https://registry.npmjs.org/http-errors 88ms (cache hit)
834 silly packumentCache full:https://registry.npmjs.org/http-errors set size:71987 disposed:false
835 http fetch GET 200 https://registry.npmjs.org/range-parser 267ms (cache miss)
836 silly packumentCache full:https://registry.npmjs.org/range-parser set size:undefined disposed:false
837 http fetch GET 200 https://registry.npmjs.org/unpipe 149ms (cache miss)
838 silly packumentCache full:https://registry.npmjs.org/unpipe set size:undefined disposed:false
839 http fetch GET 200 https://registry.npmjs.org/ip-address 196ms (cache miss)
840 silly packumentCache full:https://registry.npmjs.org/ip-address set size:undefined disposed:false
841 http fetch GET 200 https://registry.npmjs.org/finalhandler 295ms (cache miss)
842 silly packumentCache full:https://registry.npmjs.org/finalhandler set size:undefined disposed:false
843 http fetch GET 200 https://registry.npmjs.org/iconv-lite 151ms (cache miss)
844 silly packumentCache full:https://registry.npmjs.org/iconv-lite set size:undefined disposed:false
845 http fetch GET 200 https://registry.npmjs.org/serve-static 276ms (cache miss)
846 silly packumentCache full:https://registry.npmjs.org/serve-static set size:undefined disposed:false
847 http fetch GET 200 https://registry.npmjs.org/type-is 525ms (cache miss)
848 silly packumentCache full:https://registry.npmjs.org/type-is set size:undefined disposed:false
849 silly fetch manifest babel-plugin-macros@^3.1.0
850 silly packumentCache full:https://registry.npmjs.org/babel-plugin-macros cache-miss
851 http fetch GET 200 https://registry.npmjs.org/babel-plugin-macros 59ms (cache miss)
852 silly packumentCache full:https://registry.npmjs.org/babel-plugin-macros set size:undefined disposed:false
853 silly fetch manifest typescript@^5.1.0
854 silly packumentCache full:https://registry.npmjs.org/typescript cache-miss
855 http cache https://registry.npmjs.org/typescript 66ms (cache hit)
856 silly packumentCache full:https://registry.npmjs.org/typescript set size:15302714 disposed:false
857 silly fetch manifest react-router@^7.12.0
858 silly packumentCache full:https://registry.npmjs.org/react-router cache-miss
859 http cache https://registry.npmjs.org/react-router 23ms (cache hit)
860 silly packumentCache full:https://registry.npmjs.org/react-router set size:3828214 disposed:false
861 silly placeDep ROOT @babel/core@7.29.0 OK for: @react-router/dev@7.12.0 want: ^7.27.7
862 silly placeDep ROOT @babel/generator@7.29.1 OK for: @react-router/dev@7.12.0 want: ^7.27.5
863 silly placeDep ROOT @babel/parser@7.29.0 OK for: @react-router/dev@7.12.0 want: ^7.27.7
864 silly placeDep ROOT @babel/plugin-syntax-jsx@7.28.6 OK for: @react-router/dev@7.12.0 want: ^7.27.1
865 silly placeDep ROOT @babel/preset-typescript@7.28.5 OK for: @react-router/dev@7.12.0 want: ^7.27.1
866 silly placeDep ROOT @babel/traverse@7.29.0 OK for: @react-router/dev@7.12.0 want: ^7.27.7
867 silly placeDep ROOT @babel/types@7.29.0 OK for: @react-router/dev@7.12.0 want: ^7.27.7
868 silly placeDep ROOT @react-router/node@7.12.0 OK for: @react-router/dev@7.12.0 want: 7.12.0
869 silly placeDep ROOT react-router@7.12.0 REPLACE for: @react-router/node@7.12.0 want: 7.12.0
870 silly placeDep ROOT @remix-run/node-fetch-server@0.9.0 OK for: @react-router/dev@7.12.0 want: ^0.9.0
871 silly placeDep ROOT arg@5.0.2 OK for: @react-router/dev@7.12.0 want: ^5.0.1
872 silly placeDep ROOT babel-dead-code-elimination@1.0.12 OK for: @react-router/dev@7.12.0 want: ^1.0.6
873 silly placeDep ROOT chokidar@4.0.3 OK for: @react-router/dev@7.12.0 want: ^4.0.0
874 silly placeDep ROOT dedent@1.7.2 OK for: @react-router/dev@7.12.0 want: ^1.5.3
875 silly placeDep ROOT es-module-lexer@1.7.0 OK for: @react-router/dev@7.12.0 want: ^1.3.1
876 silly placeDep ROOT exit-hook@2.2.1 OK for: @react-router/dev@7.12.0 want: 2.2.1
877 silly placeDep ROOT isbot@5.1.35 OK for: @react-router/dev@7.12.0 want: ^5.1.11
878 silly placeDep ROOT jsesc@3.0.2 OK for: @react-router/dev@7.12.0 want: 3.0.2
879 silly placeDep ROOT lodash@4.17.23 OK for: @react-router/dev@7.12.0 want: ^4.17.21
880 silly placeDep ROOT p-map@7.0.4 OK for: @react-router/dev@7.12.0 want: ^7.0.3
881 silly placeDep ROOT pathe@1.1.2 OK for: @react-router/dev@7.12.0 want: ^1.1.2
882 silly placeDep ROOT picocolors@1.1.1 OK for: @react-router/dev@7.12.0 want: ^1.1.1
883 silly placeDep ROOT pkg-types@2.3.0 OK for: @react-router/dev@7.12.0 want: ^2.3.0
884 silly placeDep ROOT prettier@3.8.1 OK for: @react-router/dev@7.12.0 want: ^3.6.2
885 silly placeDep ROOT react-refresh@0.14.2 OK for: @react-router/dev@7.12.0 want: ^0.14.0
886 silly placeDep ROOT semver@7.7.4 OK for: @react-router/dev@7.12.0 want: ^7.3.7
887 silly placeDep ROOT tinyglobby@0.2.15 OK for: @react-router/dev@7.12.0 want: ^0.2.14
888 silly placeDep ROOT valibot@1.2.0 OK for: @react-router/dev@7.12.0 want: ^1.2.0
889 silly placeDep ROOT vite-node@3.2.4 OK for: @react-router/dev@7.12.0 want: ^3.2.2
890 silly fetch manifest debug@^4.1.0
891 silly packumentCache full:https://registry.npmjs.org/debug cache-hit
892 silly fetch manifest json5@^2.2.3
893 silly packumentCache full:https://registry.npmjs.org/json5 cache-miss
894 silly fetch manifest semver@^6.3.1
895 silly packumentCache full:https://registry.npmjs.org/semver cache-hit
896 silly fetch manifest gensync@^1.0.0-beta.2
897 silly packumentCache full:https://registry.npmjs.org/gensync cache-miss
898 silly fetch manifest @babel/types@^7.29.0
899 silly packumentCache full:https://registry.npmjs.org/@babel%2ftypes cache-hit
900 silly fetch manifest @babel/parser@^7.29.0
901 silly packumentCache full:https://registry.npmjs.org/@babel%2fparser cache-hit
902 silly fetch manifest @babel/helpers@^7.28.6
903 silly packumentCache full:https://registry.npmjs.org/@babel%2fhelpers cache-miss
904 silly fetch manifest @babel/template@^7.28.6
905 silly packumentCache full:https://registry.npmjs.org/@babel%2ftemplate cache-miss
906 silly fetch manifest @babel/traverse@^7.29.0
907 silly packumentCache full:https://registry.npmjs.org/@babel%2ftraverse cache-hit
908 silly fetch manifest @babel/generator@^7.29.0
909 silly packumentCache full:https://registry.npmjs.org/@babel%2fgenerator cache-hit
910 silly fetch manifest @babel/code-frame@^7.29.0
911 silly packumentCache full:https://registry.npmjs.org/@babel%2fcode-frame cache-miss
912 silly fetch manifest convert-source-map@^2.0.0
913 silly packumentCache full:https://registry.npmjs.org/convert-source-map cache-miss
914 silly fetch manifest @jridgewell/remapping@^2.3.5
915 silly packumentCache full:https://registry.npmjs.org/@jridgewell%2fremapping cache-miss
916 silly fetch manifest @babel/helper-module-transforms@^7.28.6
917 silly packumentCache full:https://registry.npmjs.org/@babel%2fhelper-module-transforms cache-miss
918 silly fetch manifest @babel/helper-compilation-targets@^7.28.6
919 silly packumentCache full:https://registry.npmjs.org/@babel%2fhelper-compilation-targets cache-miss
920 silly fetch manifest jsesc@^3.0.2
921 silly packumentCache full:https://registry.npmjs.org/jsesc cache-hit
922 silly fetch manifest @jridgewell/gen-mapping@^0.3.12
923 silly packumentCache full:https://registry.npmjs.org/@jridgewell%2fgen-mapping cache-miss
924 silly fetch manifest @jridgewell/trace-mapping@^0.3.28
925 silly packumentCache full:https://registry.npmjs.org/@jridgewell%2ftrace-mapping cache-miss
926 silly fetch manifest @babel/helper-plugin-utils@^7.28.6
927 silly packumentCache full:https://registry.npmjs.org/@babel%2fhelper-plugin-utils cache-miss
928 silly fetch manifest @babel/helper-plugin-utils@^7.27.1
929 silly packumentCache full:https://registry.npmjs.org/@babel%2fhelper-plugin-utils cache-miss
930 silly fetch manifest @babel/helper-validator-option@^7.27.1
931 silly packumentCache full:https://registry.npmjs.org/@babel%2fhelper-validator-option cache-miss
932 silly fetch manifest @babel/plugin-transform-typescript@^7.28.5
933 silly packumentCache full:https://registry.npmjs.org/@babel%2fplugin-transform-typescript cache-miss
934 http fetch GET 200 https://registry.npmjs.org/json5 112ms (cache revalidated)
935 silly packumentCache full:https://registry.npmjs.org/json5 set size:86136 disposed:false
936 silly fetch manifest @babel/plugin-transform-modules-commonjs@^7.27.1
937 silly packumentCache full:https://registry.npmjs.org/@babel%2fplugin-transform-modules-commonjs cache-miss
938 http fetch GET 200 https://registry.npmjs.org/convert-source-map 126ms (cache revalidated)
939 silly packumentCache full:https://registry.npmjs.org/convert-source-map set size:66997 disposed:false
940 silly fetch manifest debug@^4.3.1
941 silly packumentCache full:https://registry.npmjs.org/debug cache-hit
942 silly fetch manifest @babel/template@^7.28.6
943 silly packumentCache full:https://registry.npmjs.org/@babel%2ftemplate cache-miss
944 http fetch GET 200 https://registry.npmjs.org/@babel%2fcode-frame 134ms (cache revalidated)
945 silly packumentCache full:https://registry.npmjs.org/@babel%2fcode-frame set size:194176 disposed:false
946 silly fetch manifest @babel/helper-globals@^7.28.0
947 silly packumentCache full:https://registry.npmjs.org/@babel%2fhelper-globals cache-miss
948 http fetch GET 200 https://registry.npmjs.org/@babel%2ftemplate 148ms (cache revalidated)
949 silly packumentCache full:https://registry.npmjs.org/@babel%2ftemplate set size:225245 disposed:false
950 silly fetch manifest @babel/helper-string-parser@^7.27.1
951 silly packumentCache full:https://registry.npmjs.org/@babel%2fhelper-string-parser cache-miss
952 http fetch GET 200 https://registry.npmjs.org/gensync 169ms (cache revalidated)
953 silly packumentCache full:https://registry.npmjs.org/gensync set size:15068 disposed:false
954 silly fetch manifest @babel/helper-validator-identifier@^7.28.5
955 silly packumentCache full:https://registry.npmjs.org/@babel%2fhelper-validator-identifier cache-miss
956 http fetch GET 200 https://registry.npmjs.org/@jridgewell%2fremapping 160ms (cache revalidated)
957 silly packumentCache full:https://registry.npmjs.org/@jridgewell%2fremapping set size:23809 disposed:false
958 silly fetch manifest @mjackson/node-fetch-server@^0.2.0
959 silly packumentCache full:https://registry.npmjs.org/@mjackson%2fnode-fetch-server cache-miss
960 http fetch GET 200 https://registry.npmjs.org/@jridgewell%2ftrace-mapping 156ms (cache revalidated)
961 silly packumentCache full:https://registry.npmjs.org/@jridgewell%2ftrace-mapping set size:170909 disposed:false
962 silly fetch manifest readdirp@^4.0.1
963 silly packumentCache full:https://registry.npmjs.org/readdirp cache-miss
964 http fetch GET 200 https://registry.npmjs.org/@babel%2fhelper-compilation-targets 174ms (cache revalidated)
965 silly packumentCache full:https://registry.npmjs.org/@babel%2fhelper-compilation-targets set size:216684 disposed:false
966 silly fetch manifest confbox@^0.2.2
967 silly packumentCache full:https://registry.npmjs.org/confbox cache-miss
968 http fetch GET 200 https://registry.npmjs.org/@jridgewell%2fgen-mapping 174ms (cache revalidated)
969 silly packumentCache full:https://registry.npmjs.org/@jridgewell%2fgen-mapping set size:80719 disposed:false
970 silly fetch manifest exsolve@^1.0.7
971 silly packumentCache full:https://registry.npmjs.org/exsolve cache-miss
972 http fetch GET 200 https://registry.npmjs.org/@babel%2fhelpers 208ms (cache revalidated)
973 silly packumentCache full:https://registry.npmjs.org/@babel%2fhelpers set size:384482 disposed:false
974 silly fetch manifest pathe@^2.0.3
975 silly packumentCache full:https://registry.npmjs.org/pathe cache-hit
976 silly fetch manifest cac@^6.7.14
977 silly packumentCache full:https://registry.npmjs.org/cac cache-miss
978 http fetch GET 200 https://registry.npmjs.org/@babel%2fhelper-validator-option 223ms (cache revalidated)
979 silly packumentCache full:https://registry.npmjs.org/@babel%2fhelper-validator-option set size:90529 disposed:false
980 silly fetch manifest debug@^4.4.1
981 silly packumentCache full:https://registry.npmjs.org/debug cache-hit
982 http fetch GET 200 https://registry.npmjs.org/@babel%2fhelper-module-transforms 240ms (cache revalidated)
983 silly packumentCache full:https://registry.npmjs.org/@babel%2fhelper-module-transforms set size:331474 disposed:false
984 http fetch GET 200 https://registry.npmjs.org/@babel%2fhelper-plugin-utils 250ms (cache miss)
985 silly packumentCache full:https://registry.npmjs.org/@babel%2fhelper-plugin-utils set size:undefined disposed:false
986 http fetch GET 200 https://registry.npmjs.org/@babel%2fhelper-plugin-utils 264ms (cache miss)
987 silly packumentCache full:https://registry.npmjs.org/@babel%2fhelper-plugin-utils set size:undefined disposed:false
988 http cache https://registry.npmjs.org/@babel%2ftemplate 153ms (cache hit)
989 silly packumentCache full:https://registry.npmjs.org/@babel%2ftemplate set size:225245 disposed:false
990 silly packumentCache full:https://registry.npmjs.org/@babel%2ftemplate dispose
991 http fetch GET 200 https://registry.npmjs.org/@mjackson%2fnode-fetch-server 140ms (cache miss)
992 silly packumentCache full:https://registry.npmjs.org/@mjackson%2fnode-fetch-server set size:undefined disposed:false
993 http fetch GET 200 https://registry.npmjs.org/@babel%2fplugin-transform-typescript 292ms (cache miss)
994 silly packumentCache full:https://registry.npmjs.org/@babel%2fplugin-transform-typescript set size:undefined disposed:false
995 http fetch GET 200 https://registry.npmjs.org/readdirp 144ms (cache miss)
996 silly packumentCache full:https://registry.npmjs.org/readdirp set size:undefined disposed:false
997 http fetch GET 200 https://registry.npmjs.org/confbox 141ms (cache miss)
998 silly packumentCache full:https://registry.npmjs.org/confbox set size:undefined disposed:false
999 http fetch GET 200 https://registry.npmjs.org/exsolve 140ms (cache miss)
1000 silly packumentCache full:https://registry.npmjs.org/exsolve set size:undefined disposed:false
1001 http fetch GET 200 https://registry.npmjs.org/@babel%2fhelper-globals 196ms (cache revalidated)
1002 silly packumentCache full:https://registry.npmjs.org/@babel%2fhelper-globals set size:13624 disposed:false
1003 http fetch GET 200 https://registry.npmjs.org/@babel%2fhelper-string-parser 187ms (cache revalidated)
1004 silly packumentCache full:https://registry.npmjs.org/@babel%2fhelper-string-parser set size:80211 disposed:false
1005 http fetch GET 200 https://registry.npmjs.org/@babel%2fplugin-transform-modules-commonjs 237ms (cache miss)
1006 silly packumentCache full:https://registry.npmjs.org/@babel%2fplugin-transform-modules-commonjs set size:undefined disposed:false
1007 http fetch GET 200 https://registry.npmjs.org/cac 138ms (cache miss)
1008 silly packumentCache full:https://registry.npmjs.org/cac set size:undefined disposed:false
1009 http fetch GET 200 https://registry.npmjs.org/@babel%2fhelper-validator-identifier 206ms (cache revalidated)
1010 silly packumentCache full:https://registry.npmjs.org/@babel%2fhelper-validator-identifier set size:114475 disposed:false
1011 silly fetch manifest @babel/core@^7.0.0
1012 silly packumentCache full:https://registry.npmjs.org/@babel%2fcore cache-hit
1013 silly placeDep ROOT @babel/code-frame@7.29.0 OK for: @babel/core@7.29.0 want: ^7.29.0
1014 silly placeDep ROOT @babel/helper-compilation-targets@7.28.6 OK for: @babel/core@7.29.0 want: ^7.28.6
1015 silly placeDep ROOT @babel/helper-module-transforms@7.28.6 OK for: @babel/core@7.29.0 want: ^7.28.6
1016 silly placeDep ROOT @babel/helpers@7.28.6 OK for: @babel/core@7.29.0 want: ^7.28.6
1017 silly placeDep ROOT @babel/template@7.28.6 OK for: @babel/core@7.29.0 want: ^7.28.6
1018 silly placeDep ROOT @jridgewell/remapping@2.3.5 OK for: @babel/core@7.29.0 want: ^2.3.5
1019 silly placeDep ROOT convert-source-map@2.0.0 OK for: @babel/core@7.29.0 want: ^2.0.0
1020 silly placeDep ROOT debug@4.4.3 OK for: @babel/core@7.29.0 want: ^4.1.0
1021 silly placeDep ROOT gensync@1.0.0-beta.2 OK for: @babel/core@7.29.0 want: ^1.0.0-beta.2
1022 silly placeDep ROOT json5@2.2.3 OK for: @babel/core@7.29.0 want: ^2.2.3
1023 silly placeDep node_modules/@babel/core semver@6.3.1 OK for: @babel/core@7.29.0 want: ^6.3.1
1024 silly fetch manifest js-tokens@^4.0.0
1025 silly packumentCache full:https://registry.npmjs.org/js-tokens cache-miss
1026 silly fetch manifest lru-cache@^5.1.1
1027 silly packumentCache full:https://registry.npmjs.org/lru-cache cache-miss
1028 silly fetch manifest browserslist@^4.24.0
1029 silly packumentCache full:https://registry.npmjs.org/browserslist cache-miss
1030 silly fetch manifest @babel/compat-data@^7.28.6
1031 silly packumentCache full:https://registry.npmjs.org/@babel%2fcompat-data cache-miss
1032 silly fetch manifest @babel/helper-module-imports@^7.28.6
1033 silly packumentCache full:https://registry.npmjs.org/@babel%2fhelper-module-imports cache-miss
1034 silly fetch manifest @jridgewell/gen-mapping@^0.3.5
1035 silly packumentCache full:https://registry.npmjs.org/@jridgewell%2fgen-mapping cache-hit
1036 silly fetch manifest @jridgewell/trace-mapping@^0.3.24
1037 silly packumentCache full:https://registry.npmjs.org/@jridgewell%2ftrace-mapping cache-hit
1038 silly fetch manifest ms@^2.1.3
1039 silly packumentCache full:https://registry.npmjs.org/ms cache-miss
1040 http fetch GET 200 https://registry.npmjs.org/browserslist 66ms (cache revalidated)
1041 silly packumentCache full:https://registry.npmjs.org/browserslist set size:502989 disposed:false
1042 http fetch GET 200 https://registry.npmjs.org/js-tokens 94ms (cache revalidated)
1043 silly packumentCache full:https://registry.npmjs.org/js-tokens set size:41947 disposed:false
1044 http fetch GET 200 https://registry.npmjs.org/lru-cache 96ms (cache revalidated)
1045 silly packumentCache full:https://registry.npmjs.org/lru-cache set size:413591 disposed:false
1046 http fetch GET 200 https://registry.npmjs.org/@babel%2fcompat-data 107ms (cache revalidated)
1047 silly packumentCache full:https://registry.npmjs.org/@babel%2fcompat-data set size:303539 disposed:false
1048 http fetch GET 200 https://registry.npmjs.org/ms 111ms (cache revalidated)
1049 silly packumentCache full:https://registry.npmjs.org/ms set size:92208 disposed:false
1050 http fetch GET 200 https://registry.npmjs.org/@babel%2fhelper-module-imports 128ms (cache revalidated)
1051 silly packumentCache full:https://registry.npmjs.org/@babel%2fhelper-module-imports set size:191525 disposed:false
1052 silly placeDep ROOT @babel/helper-validator-identifier@7.28.5 OK for: @babel/code-frame@7.29.0 want: ^7.28.5
1053 silly placeDep ROOT js-tokens@4.0.0 OK for: @babel/code-frame@7.29.0 want: ^4.0.0
1054 silly placeDep ROOT @jridgewell/gen-mapping@0.3.13 OK for: @babel/generator@7.29.1 want: ^0.3.12
1055 silly placeDep ROOT @jridgewell/trace-mapping@0.3.31 OK for: @babel/generator@7.29.1 want: ^0.3.28
1056 silly fetch manifest @jridgewell/sourcemap-codec@^1.5.0
1057 silly packumentCache full:https://registry.npmjs.org/@jridgewell%2fsourcemap-codec cache-miss
1058 silly fetch manifest @jridgewell/resolve-uri@^3.1.0
1059 silly packumentCache full:https://registry.npmjs.org/@jridgewell%2fresolve-uri cache-miss
1060 silly fetch manifest @jridgewell/sourcemap-codec@^1.4.14
1061 silly packumentCache full:https://registry.npmjs.org/@jridgewell%2fsourcemap-codec cache-miss
1062 http fetch GET 200 https://registry.npmjs.org/@jridgewell%2fsourcemap-codec 89ms (cache revalidated)
1063 silly packumentCache full:https://registry.npmjs.org/@jridgewell%2fsourcemap-codec set size:59275 disposed:false
1064 http fetch GET 200 https://registry.npmjs.org/@jridgewell%2fsourcemap-codec 112ms (cache revalidated)
1065 silly packumentCache full:https://registry.npmjs.org/@jridgewell%2fsourcemap-codec set size:59275 disposed:false
1066 silly packumentCache full:https://registry.npmjs.org/@jridgewell%2fsourcemap-codec dispose
1067 http fetch GET 200 https://registry.npmjs.org/@jridgewell%2fresolve-uri 112ms (cache revalidated)
1068 silly packumentCache full:https://registry.npmjs.org/@jridgewell%2fresolve-uri set size:57361 disposed:false
1069 silly placeDep ROOT @babel/compat-data@7.29.0 OK for: @babel/helper-compilation-targets@7.28.6 want: ^7.28.6
1070 silly placeDep ROOT @babel/helper-validator-option@7.27.1 OK for: @babel/helper-compilation-targets@7.28.6 want: ^7.27.1
1071 silly placeDep ROOT browserslist@4.28.1 OK for: @babel/helper-compilation-targets@7.28.6 want: ^4.24.0
1072 silly placeDep ROOT lru-cache@5.1.1 OK for: @babel/helper-compilation-targets@7.28.6 want: ^5.1.1
1073 silly placeDep node_modules/@babel/helper-compilation-targets semver@6.3.1 OK for: @babel/helper-compilation-targets@7.28.6 want: ^6.3.1
1074 silly fetch manifest baseline-browser-mapping@^2.9.0
1075 silly packumentCache full:https://registry.npmjs.org/baseline-browser-mapping cache-miss
1076 silly fetch manifest caniuse-lite@^1.0.30001759
1077 silly packumentCache full:https://registry.npmjs.org/caniuse-lite cache-miss
1078 silly fetch manifest electron-to-chromium@^1.5.263
1079 silly packumentCache full:https://registry.npmjs.org/electron-to-chromium cache-miss
1080 silly fetch manifest node-releases@^2.0.27
1081 silly packumentCache full:https://registry.npmjs.org/node-releases cache-miss
1082 silly fetch manifest update-browserslist-db@^1.2.0
1083 silly packumentCache full:https://registry.npmjs.org/update-browserslist-db cache-miss
1084 silly fetch manifest yallist@^3.0.2
1085 silly packumentCache full:https://registry.npmjs.org/yallist cache-miss
1086 http fetch GET 200 https://registry.npmjs.org/baseline-browser-mapping 65ms (cache revalidated)
1087 silly packumentCache full:https://registry.npmjs.org/baseline-browser-mapping set size:393828 disposed:false
1088 http fetch GET 200 https://registry.npmjs.org/electron-to-chromium 96ms (cache revalidated)
1089 silly packumentCache full:https://registry.npmjs.org/electron-to-chromium set size:4719879 disposed:false
1090 http fetch GET 200 https://registry.npmjs.org/update-browserslist-db 158ms (cache revalidated)
1091 silly packumentCache full:https://registry.npmjs.org/update-browserslist-db set size:62000 disposed:false
1092 http fetch GET 200 https://registry.npmjs.org/node-releases 163ms (cache revalidated)
1093 silly packumentCache full:https://registry.npmjs.org/node-releases set size:269192 disposed:false
1094 http fetch GET 200 https://registry.npmjs.org/yallist 165ms (cache revalidated)
1095 silly packumentCache full:https://registry.npmjs.org/yallist set size:34610 disposed:false
1096 http fetch GET 200 https://registry.npmjs.org/caniuse-lite 256ms (cache updated)
1097 silly packumentCache full:https://registry.npmjs.org/caniuse-lite set size:undefined disposed:false
1098 silly placeDep ROOT @babel/helper-module-imports@7.28.6 OK for: @babel/helper-module-transforms@7.28.6 want: ^7.28.6
1099 silly placeDep ROOT @babel/helper-plugin-utils@7.28.6 OK for: @babel/plugin-syntax-jsx@7.28.6 want: ^7.28.6
1100 silly fetch manifest @babel/core@^7.0.0-0
1101 silly packumentCache full:https://registry.npmjs.org/@babel%2fcore cache-hit
1102 silly placeDep ROOT @babel/plugin-transform-modules-commonjs@7.28.6 OK for: @babel/preset-typescript@7.28.5 want: ^7.27.1
1103 silly placeDep ROOT @babel/plugin-transform-typescript@7.28.6 OK for: @babel/preset-typescript@7.28.5 want: ^7.28.5
1104 silly fetch manifest @babel/helper-annotate-as-pure@^7.27.3
1105 silly packumentCache full:https://registry.npmjs.org/@babel%2fhelper-annotate-as-pure cache-miss
1106 silly fetch manifest @babel/plugin-syntax-typescript@^7.28.6
1107 silly packumentCache full:https://registry.npmjs.org/@babel%2fplugin-syntax-typescript cache-miss
1108 silly fetch manifest @babel/helper-create-class-features-plugin@^7.28.6
1109 silly packumentCache full:https://registry.npmjs.org/@babel%2fhelper-create-class-features-plugin cache-miss
1110 silly fetch manifest @babel/helper-skip-transparent-expression-wrappers@^7.27.1
1111 silly packumentCache full:https://registry.npmjs.org/@babel%2fhelper-skip-transparent-expression-wrappers cache-miss
1112 http fetch GET 200 https://registry.npmjs.org/@babel%2fhelper-annotate-as-pure 100ms (cache miss)
1113 silly packumentCache full:https://registry.npmjs.org/@babel%2fhelper-annotate-as-pure set size:undefined disposed:false
1114 http fetch GET 200 https://registry.npmjs.org/@babel%2fhelper-skip-transparent-expression-wrappers 117ms (cache miss)
1115 silly packumentCache full:https://registry.npmjs.org/@babel%2fhelper-skip-transparent-expression-wrappers set size:undefined disposed:false
1116 http fetch GET 200 https://registry.npmjs.org/@babel%2fplugin-syntax-typescript 131ms (cache miss)
1117 silly packumentCache full:https://registry.npmjs.org/@babel%2fplugin-syntax-typescript set size:undefined disposed:false
1118 http fetch GET 200 https://registry.npmjs.org/@babel%2fhelper-create-class-features-plugin 135ms (cache miss)
1119 silly packumentCache full:https://registry.npmjs.org/@babel%2fhelper-create-class-features-plugin set size:undefined disposed:false
1120 silly placeDep ROOT @babel/helper-annotate-as-pure@7.27.3 OK for: @babel/plugin-transform-typescript@7.28.6 want: ^7.27.3
1121 silly placeDep ROOT @babel/helper-create-class-features-plugin@7.28.6 OK for: @babel/plugin-transform-typescript@7.28.6 want: ^7.28.6
1122 silly placeDep ROOT @babel/helper-skip-transparent-expression-wrappers@7.27.1 OK for: @babel/plugin-transform-typescript@7.28.6 want: ^7.27.1
1123 silly placeDep ROOT @babel/plugin-syntax-typescript@7.28.6 OK for: @babel/plugin-transform-typescript@7.28.6 want: ^7.28.6
1124 silly fetch manifest @babel/helper-replace-supers@^7.28.6
1125 silly packumentCache full:https://registry.npmjs.org/@babel%2fhelper-replace-supers cache-miss
1126 silly fetch manifest @babel/helper-optimise-call-expression@^7.27.1
1127 silly packumentCache full:https://registry.npmjs.org/@babel%2fhelper-optimise-call-expression cache-miss
1128 silly fetch manifest @babel/helper-member-expression-to-functions@^7.28.5
1129 silly packumentCache full:https://registry.npmjs.org/@babel%2fhelper-member-expression-to-functions cache-miss
1130 http fetch GET 200 https://registry.npmjs.org/@babel%2fhelper-replace-supers 90ms (cache miss)
1131 silly packumentCache full:https://registry.npmjs.org/@babel%2fhelper-replace-supers set size:undefined disposed:false
1132 http fetch GET 200 https://registry.npmjs.org/@babel%2fhelper-optimise-call-expression 94ms (cache miss)
1133 silly packumentCache full:https://registry.npmjs.org/@babel%2fhelper-optimise-call-expression set size:undefined disposed:false
1134 http fetch GET 200 https://registry.npmjs.org/@babel%2fhelper-member-expression-to-functions 96ms (cache miss)
1135 silly packumentCache full:https://registry.npmjs.org/@babel%2fhelper-member-expression-to-functions set size:undefined disposed:false
1136 silly placeDep ROOT @babel/helper-member-expression-to-functions@7.28.5 OK for: @babel/helper-create-class-features-plugin@7.28.6 want: ^7.28.5
1137 silly placeDep ROOT @babel/helper-optimise-call-expression@7.27.1 OK for: @babel/helper-create-class-features-plugin@7.28.6 want: ^7.27.1
1138 silly placeDep ROOT @babel/helper-replace-supers@7.28.6 OK for: @babel/helper-create-class-features-plugin@7.28.6 want: ^7.28.6
1139 silly placeDep node_modules/@babel/helper-create-class-features-plugin semver@6.3.1 OK for: @babel/helper-create-class-features-plugin@7.28.6 want: ^6.3.1
1140 silly placeDep ROOT @babel/helper-globals@7.28.0 OK for: @babel/traverse@7.29.0 want: ^7.28.0
1141 silly placeDep ROOT @babel/helper-string-parser@7.27.1 OK for: @babel/types@7.29.0 want: ^7.27.1
1142 silly placeDep ROOT @jridgewell/sourcemap-codec@1.5.5 OK for: @jridgewell/gen-mapping@0.3.13 want: ^1.5.0
1143 silly placeDep ROOT @jridgewell/resolve-uri@3.1.2 OK for: @jridgewell/trace-mapping@0.3.31 want: ^3.1.0
1144 silly placeDep ROOT @mjackson/node-fetch-server@0.2.0 OK for: @react-router/node@7.12.0 want: ^0.2.0
1145 silly placeDep ROOT @standard-schema/spec@1.1.0 OK for: @shopify/app-bridge-types@0.5.3 want: ^1.0.0
1146 silly fetch manifest react@16.8.0 - 18
1147 silly packumentCache full:https://registry.npmjs.org/react cache-miss
1148 http cache https://registry.npmjs.org/react 43ms (cache hit)
1149 silly packumentCache full:https://registry.npmjs.org/react set size:6523821 disposed:false
1150 silly fetch manifest react-dom@16.8.0 - 18
1151 silly packumentCache full:https://registry.npmjs.org/react-dom cache-miss
1152 http cache https://registry.npmjs.org/react-dom 47ms (cache hit)
1153 silly packumentCache full:https://registry.npmjs.org/react-dom set size:8651400 disposed:false
1154 silly placeDep ROOT @shopify/graphql-client@1.4.1 OK for: @shopify/hydrogen@2025.10.1 want: 1.4.1
1155 silly placeDep ROOT content-security-policy-builder@2.3.0 OK for: @shopify/hydrogen@2025.10.1 want: ^2.2.0
1156 silly placeDep ROOT flame-chart-js@2.3.1 OK for: @shopify/hydrogen@2025.10.1 want: 2.3.1
1157 silly placeDep ROOT source-map-support@0.5.21 OK for: @shopify/hydrogen@2025.10.1 want: ^0.5.21
1158 silly placeDep ROOT use-resize-observer@9.1.0 OK for: @shopify/hydrogen@2025.10.1 want: ^9.1.0
1159 silly placeDep ROOT react@18.3.1 REPLACE for: use-resize-observer@9.1.0 want: 16.8.0 - 18
1160 silly placeDep ROOT react-dom@18.3.1 OK for: use-resize-observer@9.1.0 want: 16.8.0 - 18
1161 silly placeDep ROOT react@18.3.1 OK for: react-dom@18.3.1 want: ^18.3.1
1162 silly placeDep ROOT worktop@0.7.3 OK for: @shopify/hydrogen@2025.10.1 want: ^0.7.3
1163 silly fetch manifest color@^3.1.3
1164 silly packumentCache full:https://registry.npmjs.org/color cache-miss
1165 silly fetch manifest events@^3.2.0
1166 silly packumentCache full:https://registry.npmjs.org/events cache-miss
1167 silly fetch manifest buffer-from@^1.0.0
1168 silly packumentCache full:https://registry.npmjs.org/buffer-from cache-miss
1169 silly fetch manifest source-map@^0.6.0
1170 silly packumentCache full:https://registry.npmjs.org/source-map cache-miss
1171 silly fetch manifest @juggle/resize-observer@^3.3.1
1172 silly packumentCache full:https://registry.npmjs.org/@juggle%2fresize-observer cache-miss
1173 silly fetch manifest scheduler@^0.23.2
1174 silly packumentCache full:https://registry.npmjs.org/scheduler cache-miss
1175 silly fetch manifest loose-envify@^1.1.0
1176 silly packumentCache full:https://registry.npmjs.org/loose-envify cache-miss
1177 silly fetch manifest loose-envify@^1.1.0
1178 silly packumentCache full:https://registry.npmjs.org/loose-envify cache-miss
1179 silly fetch manifest loose-envify@^1.1.0
1180 silly packumentCache full:https://registry.npmjs.org/loose-envify cache-miss
1181 silly fetch manifest regexparam@^2.0.0
1182 silly packumentCache full:https://registry.npmjs.org/regexparam cache-miss
1183 http cache https://registry.npmjs.org/scheduler 55ms (cache hit)
1184 silly packumentCache full:https://registry.npmjs.org/scheduler set size:5415305 disposed:false
1185 http fetch GET 200 https://registry.npmjs.org/loose-envify 171ms (cache revalidated)
1186 silly packumentCache full:https://registry.npmjs.org/loose-envify set size:12559 disposed:false
1187 http fetch GET 200 https://registry.npmjs.org/loose-envify 175ms (cache revalidated)
1188 silly packumentCache full:https://registry.npmjs.org/loose-envify set size:12559 disposed:false
1189 silly packumentCache full:https://registry.npmjs.org/loose-envify dispose
1190 http fetch GET 200 https://registry.npmjs.org/buffer-from 193ms (cache miss)
1191 silly packumentCache full:https://registry.npmjs.org/buffer-from set size:undefined disposed:false
1192 http fetch GET 200 https://registry.npmjs.org/regexparam 187ms (cache miss)
1193 silly packumentCache full:https://registry.npmjs.org/regexparam set size:undefined disposed:false
1194 http fetch GET 200 https://registry.npmjs.org/events 208ms (cache miss)
1195 silly packumentCache full:https://registry.npmjs.org/events set size:undefined disposed:false
1196 http fetch GET 200 https://registry.npmjs.org/color 212ms (cache miss)
1197 silly packumentCache full:https://registry.npmjs.org/color set size:undefined disposed:false
1198 http fetch GET 200 https://registry.npmjs.org/loose-envify 206ms (cache revalidated)
1199 silly packumentCache full:https://registry.npmjs.org/loose-envify set size:12559 disposed:true
1200 silly packumentCache full:https://registry.npmjs.org/loose-envify dispose
1201 http fetch GET 200 https://registry.npmjs.org/source-map 218ms (cache miss)
1202 silly packumentCache full:https://registry.npmjs.org/source-map set size:undefined disposed:false
1203 http fetch GET 200 https://registry.npmjs.org/@juggle%2fresize-observer 222ms (cache miss)
1204 silly packumentCache full:https://registry.npmjs.org/@juggle%2fresize-observer set size:undefined disposed:false
1205 silly timing Tried to end timer that doesn't exist: idealTree:#root
1206 silly placeDep ROOT @react-router/dev@7.13.1 OK for: @shopify/dev-mcp@1.6.0 want: ^7.1.1
1207 silly placeDep ROOT react-router@7.13.1 OK for: @react-router/dev@7.13.1 want: ^7.13.1
1208 silly placeDep ROOT @shopify/hydrogen@2025.10.1 OK for: @shopify/dev-mcp@1.6.0 want: ^2025.7.1
1209 silly placeDep ROOT @react-router/dev@7.12.0 REPLACE for: @shopify/hydrogen@2025.10.1 want: 7.12.0
1210 silly placeDep ROOT @shopify/hydrogen-react@2025.10.0 OK for: @shopify/dev-mcp@1.6.0 want: ^2025.7.1
1211 silly placeDep ROOT @babel/core@7.29.0 OK for: @react-router/dev@7.12.0 want: ^7.27.7
1212 silly placeDep ROOT @babel/generator@7.29.1 OK for: @react-router/dev@7.12.0 want: ^7.27.5
1213 silly placeDep ROOT @babel/parser@7.29.0 OK for: @react-router/dev@7.12.0 want: ^7.27.7
1214 silly placeDep ROOT @babel/plugin-syntax-jsx@7.28.6 OK for: @react-router/dev@7.12.0 want: ^7.27.1
1215 silly placeDep ROOT @babel/preset-typescript@7.28.5 OK for: @react-router/dev@7.12.0 want: ^7.27.1
1216 silly placeDep ROOT @babel/traverse@7.29.0 OK for: @react-router/dev@7.12.0 want: ^7.27.7
1217 silly placeDep ROOT @babel/types@7.29.0 OK for: @react-router/dev@7.12.0 want: ^7.27.7
1218 silly placeDep ROOT @react-router/node@7.12.0 OK for: @react-router/dev@7.12.0 want: 7.12.0
1219 silly placeDep ROOT react-router@7.12.0 REPLACE for: @react-router/node@7.12.0 want: 7.12.0
1220 silly placeDep ROOT @remix-run/node-fetch-server@0.9.0 OK for: @react-router/dev@7.12.0 want: ^0.9.0
1221 silly placeDep ROOT arg@5.0.2 OK for: @react-router/dev@7.12.0 want: ^5.0.1
1222 silly placeDep ROOT babel-dead-code-elimination@1.0.12 OK for: @react-router/dev@7.12.0 want: ^1.0.6
1223 silly placeDep ROOT chokidar@4.0.3 OK for: @react-router/dev@7.12.0 want: ^4.0.0
1224 silly placeDep ROOT dedent@1.7.2 OK for: @react-router/dev@7.12.0 want: ^1.5.3
1225 silly placeDep ROOT es-module-lexer@1.7.0 OK for: @react-router/dev@7.12.0 want: ^1.3.1
1226 silly placeDep ROOT exit-hook@2.2.1 OK for: @react-router/dev@7.12.0 want: 2.2.1
1227 silly placeDep ROOT jsesc@3.0.2 OK for: @react-router/dev@7.12.0 want: 3.0.2
1228 silly placeDep ROOT p-map@7.0.4 OK for: @react-router/dev@7.12.0 want: ^7.0.3
1229 silly placeDep ROOT pathe@1.1.2 OK for: @react-router/dev@7.12.0 want: ^1.1.2
1230 silly placeDep ROOT picocolors@1.1.1 OK for: @react-router/dev@7.12.0 want: ^1.1.1
1231 silly placeDep ROOT pkg-types@2.3.0 OK for: @react-router/dev@7.12.0 want: ^2.3.0
1232 silly placeDep ROOT prettier@3.8.1 OK for: @react-router/dev@7.12.0 want: ^3.6.2
1233 silly placeDep ROOT react-refresh@0.14.2 OK for: @react-router/dev@7.12.0 want: ^0.14.0
1234 silly placeDep ROOT semver@7.7.4 OK for: @react-router/dev@7.12.0 want: ^7.3.7
1235 silly placeDep ROOT valibot@1.2.0 OK for: @react-router/dev@7.12.0 want: ^1.2.0
1236 silly placeDep ROOT vite-node@3.2.4 OK for: @react-router/dev@7.12.0 want: ^3.2.2
1237 silly placeDep ROOT @babel/code-frame@7.29.0 OK for: @babel/core@7.29.0 want: ^7.29.0
1238 silly placeDep ROOT @babel/helper-compilation-targets@7.28.6 OK for: @babel/core@7.29.0 want: ^7.28.6
1239 silly placeDep ROOT @babel/helper-module-transforms@7.28.6 OK for: @babel/core@7.29.0 want: ^7.28.6
1240 silly placeDep ROOT @babel/helpers@7.28.6 OK for: @babel/core@7.29.0 want: ^7.28.6
1241 silly placeDep ROOT @babel/template@7.28.6 OK for: @babel/core@7.29.0 want: ^7.28.6
1242 silly placeDep ROOT @jridgewell/remapping@2.3.5 OK for: @babel/core@7.29.0 want: ^2.3.5
1243 silly placeDep ROOT convert-source-map@2.0.0 OK for: @babel/core@7.29.0 want: ^2.0.0
1244 silly placeDep ROOT gensync@1.0.0-beta.2 OK for: @babel/core@7.29.0 want: ^1.0.0-beta.2
1245 silly placeDep ROOT json5@2.2.3 OK for: @babel/core@7.29.0 want: ^2.2.3
1246 silly placeDep node_modules/@babel/core semver@6.3.1 OK for: @babel/core@7.29.0 want: ^6.3.1
1247 silly placeDep ROOT @babel/helper-validator-identifier@7.28.5 OK for: @babel/code-frame@7.29.0 want: ^7.28.5
1248 silly placeDep ROOT js-tokens@4.0.0 OK for: @babel/code-frame@7.29.0 want: ^4.0.0
1249 silly placeDep ROOT @jridgewell/gen-mapping@0.3.13 OK for: @babel/generator@7.29.1 want: ^0.3.12
1250 silly placeDep ROOT @jridgewell/trace-mapping@0.3.31 OK for: @babel/generator@7.29.1 want: ^0.3.28
1251 silly placeDep ROOT @babel/compat-data@7.29.0 OK for: @babel/helper-compilation-targets@7.28.6 want: ^7.28.6
1252 silly placeDep ROOT @babel/helper-validator-option@7.27.1 OK for: @babel/helper-compilation-targets@7.28.6 want: ^7.27.1
1253 silly placeDep ROOT browserslist@4.28.1 OK for: @babel/helper-compilation-targets@7.28.6 want: ^4.24.0
1254 silly placeDep ROOT lru-cache@5.1.1 OK for: @babel/helper-compilation-targets@7.28.6 want: ^5.1.1
1255 silly placeDep node_modules/@babel/helper-compilation-targets semver@6.3.1 OK for: @babel/helper-compilation-targets@7.28.6 want: ^6.3.1
1256 silly placeDep ROOT @babel/helper-module-imports@7.28.6 OK for: @babel/helper-module-transforms@7.28.6 want: ^7.28.6
1257 silly placeDep ROOT @babel/helper-plugin-utils@7.28.6 OK for: @babel/plugin-syntax-jsx@7.28.6 want: ^7.28.6
1258 silly placeDep ROOT @babel/plugin-transform-modules-commonjs@7.28.6 OK for: @babel/preset-typescript@7.28.5 want: ^7.27.1
1259 silly placeDep ROOT @babel/plugin-transform-typescript@7.28.6 OK for: @babel/preset-typescript@7.28.5 want: ^7.28.5
1260 silly placeDep ROOT @babel/helper-annotate-as-pure@7.27.3 OK for: @babel/plugin-transform-typescript@7.28.6 want: ^7.27.3
1261 silly placeDep ROOT @babel/helper-create-class-features-plugin@7.28.6 OK for: @babel/plugin-transform-typescript@7.28.6 want: ^7.28.6
1262 silly placeDep ROOT @babel/helper-skip-transparent-expression-wrappers@7.27.1 OK for: @babel/plugin-transform-typescript@7.28.6 want: ^7.27.1
1263 silly placeDep ROOT @babel/plugin-syntax-typescript@7.28.6 OK for: @babel/plugin-transform-typescript@7.28.6 want: ^7.28.6
1264 silly placeDep ROOT @babel/helper-member-expression-to-functions@7.28.5 OK for: @babel/helper-create-class-features-plugin@7.28.6 want: ^7.28.5
1265 silly placeDep ROOT @babel/helper-optimise-call-expression@7.27.1 OK for: @babel/helper-create-class-features-plugin@7.28.6 want: ^7.27.1
1266 silly placeDep ROOT @babel/helper-replace-supers@7.28.6 OK for: @babel/helper-create-class-features-plugin@7.28.6 want: ^7.28.6
1267 silly placeDep node_modules/@babel/helper-create-class-features-plugin semver@6.3.1 OK for: @babel/helper-create-class-features-plugin@7.28.6 want: ^6.3.1
1268 silly placeDep ROOT @babel/helper-globals@7.28.0 OK for: @babel/traverse@7.29.0 want: ^7.28.0
1269 silly placeDep ROOT @babel/helper-string-parser@7.27.1 OK for: @babel/types@7.29.0 want: ^7.27.1
1270 silly placeDep ROOT @jridgewell/sourcemap-codec@1.5.5 OK for: @jridgewell/gen-mapping@0.3.13 want: ^1.5.0
1271 silly placeDep ROOT @jridgewell/resolve-uri@3.1.2 OK for: @jridgewell/trace-mapping@0.3.31 want: ^3.1.0
1272 silly placeDep ROOT @mjackson/node-fetch-server@0.2.0 OK for: @react-router/node@7.12.0 want: ^0.2.0
1273 silly placeDep ROOT @shopify/graphql-client@1.4.1 OK for: @shopify/hydrogen@2025.10.1 want: 1.4.1
1274 silly placeDep ROOT content-security-policy-builder@2.3.0 OK for: @shopify/hydrogen@2025.10.1 want: ^2.2.0
1275 silly placeDep ROOT flame-chart-js@2.3.1 OK for: @shopify/hydrogen@2025.10.1 want: 2.3.1
1276 silly placeDep ROOT source-map-support@0.5.21 OK for: @shopify/hydrogen@2025.10.1 want: ^0.5.21
1277 silly placeDep ROOT use-resize-observer@9.1.0 OK for: @shopify/hydrogen@2025.10.1 want: ^9.1.0
1278 silly placeDep ROOT react-dom@18.3.1 REPLACE for: use-resize-observer@9.1.0 want: 16.8.0 - 18
1279 silly placeDep ROOT worktop@0.7.3 OK for: @shopify/hydrogen@2025.10.1 want: ^0.7.3
1280 silly fetch manifest react@^16.8.0 || ^17.0.0 || ^18.0.0
1281 silly packumentCache full:https://registry.npmjs.org/react cache-miss
1282 http cache https://registry.npmjs.org/react 39ms (cache hit)
1283 silly packumentCache full:https://registry.npmjs.org/react set size:6523821 disposed:false
1284 silly fetch manifest xstate@^4.36.0
1285 silly packumentCache full:https://registry.npmjs.org/xstate cache-miss
1286 http fetch GET 200 https://registry.npmjs.org/xstate 61ms (cache miss)
1287 silly packumentCache full:https://registry.npmjs.org/xstate set size:undefined disposed:false
1288 silly fetch manifest three@^0.172.0
1289 silly packumentCache full:https://registry.npmjs.org/three cache-miss
1290 http fetch GET 200 https://registry.npmjs.org/three 73ms (cache miss)
1291 silly packumentCache full:https://registry.npmjs.org/three set size:undefined disposed:false
1292 silly placeDep ROOT @google/model-viewer@4.1.0 OK for: @shopify/hydrogen-react@2025.10.0 want: ^4.0.0
1293 silly placeDep ROOT three@0.172.0 OK for: @google/model-viewer@4.1.0 want: ^0.172.0
1294 silly placeDep ROOT @xstate/fsm@2.0.0 OK for: @shopify/hydrogen-react@2025.10.0 want: 2.0.0
1295 silly placeDep ROOT @xstate/react@3.2.1 OK for: @shopify/hydrogen-react@2025.10.0 want: 3.2.1
1296 silly placeDep ROOT use-isomorphic-layout-effect@1.2.1 OK for: @shopify/hydrogen-react@2025.10.0 want: 1.2.1
1297 silly placeDep ROOT use-sync-external-store@1.6.0 OK for: @shopify/hydrogen-react@2025.10.0 want: 1.6.0
1298 silly fetch manifest lit@^3.2.1
1299 silly packumentCache full:https://registry.npmjs.org/lit cache-miss
1300 silly fetch manifest @monogrid/gainmap-js@^3.1.0
1301 silly packumentCache full:https://registry.npmjs.org/@monogrid%2fgainmap-js cache-miss
1302 silly fetch manifest use-sync-external-store@^1.0.0
1303 silly packumentCache full:https://registry.npmjs.org/use-sync-external-store cache-miss
1304 silly fetch manifest use-isomorphic-layout-effect@^1.0.0
1305 silly packumentCache full:https://registry.npmjs.org/use-isomorphic-layout-effect cache-miss
1306 http cache https://registry.npmjs.org/use-isomorphic-layout-effect 11ms (cache hit)
1307 silly packumentCache full:https://registry.npmjs.org/use-isomorphic-layout-effect set size:22208 disposed:false
1308 http cache https://registry.npmjs.org/use-sync-external-store 27ms (cache hit)
1309 silly packumentCache full:https://registry.npmjs.org/use-sync-external-store set size:4544327 disposed:false
1310 http fetch GET 200 https://registry.npmjs.org/lit 86ms (cache miss)
1311 silly packumentCache full:https://registry.npmjs.org/lit set size:undefined disposed:false
1312 http fetch GET 200 https://registry.npmjs.org/@monogrid%2fgainmap-js 557ms (cache miss)
1313 silly packumentCache full:https://registry.npmjs.org/@monogrid%2fgainmap-js set size:undefined disposed:false
1314 silly placeDep ROOT @monogrid/gainmap-js@3.4.0 OK for: @google/model-viewer@4.1.0 want: ^3.1.0
1315 silly placeDep ROOT lit@3.3.2 OK for: @google/model-viewer@4.1.0 want: ^3.2.1
1316 silly fetch manifest promise-worker-transferable@^1.0.4
1317 silly packumentCache full:https://registry.npmjs.org/promise-worker-transferable cache-miss
1318 silly fetch manifest @lit/reactive-element@^2.1.0
1319 silly packumentCache full:https://registry.npmjs.org/@lit%2freactive-element cache-miss
1320 silly fetch manifest lit-element@^4.2.0
1321 silly packumentCache full:https://registry.npmjs.org/lit-element cache-miss
1322 silly fetch manifest lit-html@^3.3.0
1323 silly packumentCache full:https://registry.npmjs.org/lit-html cache-miss
1324 http fetch GET 200 https://registry.npmjs.org/promise-worker-transferable 60ms (cache miss)
1325 silly packumentCache full:https://registry.npmjs.org/promise-worker-transferable set size:undefined disposed:false
1326 http fetch GET 200 https://registry.npmjs.org/lit-html 70ms (cache miss)
1327 silly packumentCache full:https://registry.npmjs.org/lit-html set size:undefined disposed:false
1328 http fetch GET 200 https://registry.npmjs.org/lit-element 80ms (cache miss)
1329 silly packumentCache full:https://registry.npmjs.org/lit-element set size:undefined disposed:false
1330 http fetch GET 200 https://registry.npmjs.org/@lit%2freactive-element 101ms (cache miss)
1331 silly packumentCache full:https://registry.npmjs.org/@lit%2freactive-element set size:undefined disposed:false
1332 silly placeDep ROOT promise-worker-transferable@1.0.4 OK for: @monogrid/gainmap-js@3.4.0 want: ^1.0.4
1333 silly fetch manifest is-promise@^2.1.0
1334 silly packumentCache full:https://registry.npmjs.org/is-promise cache-miss
1335 silly fetch manifest lie@^3.0.2
1336 silly packumentCache full:https://registry.npmjs.org/lie cache-miss
1337 http fetch GET 200 https://registry.npmjs.org/lie 45ms (cache miss)
1338 silly packumentCache full:https://registry.npmjs.org/lie set size:undefined disposed:false
1339 http fetch GET 200 https://registry.npmjs.org/is-promise 54ms (cache miss)
1340 silly packumentCache full:https://registry.npmjs.org/is-promise set size:undefined disposed:false
1341 silly placeDep ROOT @shopify/liquid-html-parser@2.9.0 OK for: @shopify/theme-check-common@3.23.0 want: 2.9.0
1342 silly placeDep ROOT cross-fetch@4.1.0 OK for: @shopify/theme-check-common@3.23.0 want: ^4.0.0
1343 silly placeDep ROOT jsonc-parser@3.3.1 OK for: @shopify/theme-check-common@3.23.0 want: ^3.2.0
1344 silly placeDep ROOT line-column@1.0.2 OK for: @shopify/theme-check-common@3.23.0 want: ^1.0.2
1345 silly placeDep ROOT minimatch@9.0.9 OK for: @shopify/theme-check-common@3.23.0 want: ^9.0.1
1346 silly placeDep ROOT vscode-json-languageservice@5.7.2 OK for: @shopify/theme-check-common@3.23.0 want: ^5.3.10
1347 silly placeDep ROOT vscode-uri@3.1.0 OK for: @shopify/theme-check-common@3.23.0 want: ^3.0.7
1348 silly fetch manifest ohm-js@^17.0.0
1349 silly packumentCache full:https://registry.npmjs.org/ohm-js cache-miss
1350 silly fetch manifest node-fetch@^2.7.0
1351 silly packumentCache full:https://registry.npmjs.org/node-fetch cache-miss
1352 silly fetch manifest isarray@^1.0.0
1353 silly packumentCache full:https://registry.npmjs.org/isarray cache-miss
1354 silly fetch manifest isobject@^2.0.0
1355 silly packumentCache full:https://registry.npmjs.org/isobject cache-miss
1356 silly fetch manifest brace-expansion@^2.0.2
1357 silly packumentCache full:https://registry.npmjs.org/brace-expansion cache-miss
1358 silly fetch manifest vscode-languageserver-textdocument@^1.0.12
1359 silly packumentCache full:https://registry.npmjs.org/vscode-languageserver-textdocument cache-miss
1360 silly fetch manifest vscode-languageserver-types@^3.17.5
1361 silly packumentCache full:https://registry.npmjs.org/vscode-languageserver-types cache-miss
1362 silly fetch manifest vscode-uri@^3.1.0
1363 silly packumentCache full:https://registry.npmjs.org/vscode-uri cache-miss
1364 silly fetch manifest @vscode/l10n@^0.0.18
1365 silly packumentCache full:https://registry.npmjs.org/@vscode%2fl10n cache-miss
1366 http cache https://registry.npmjs.org/vscode-uri 30ms (cache hit)
1367 silly packumentCache full:https://registry.npmjs.org/vscode-uri set size:75646 disposed:false
1368 http cache https://registry.npmjs.org/node-fetch 42ms (cache hit)
1369 silly packumentCache full:https://registry.npmjs.org/node-fetch set size:896010 disposed:false
1370 http fetch GET 200 https://registry.npmjs.org/isarray 69ms (cache revalidated)
1371 silly packumentCache full:https://registry.npmjs.org/isarray set size:17392 disposed:false
1372 http fetch GET 200 https://registry.npmjs.org/isobject 77ms (cache miss)
1373 silly packumentCache full:https://registry.npmjs.org/isobject set size:undefined disposed:false
1374 http fetch GET 200 https://registry.npmjs.org/brace-expansion 82ms (cache updated)
1375 silly packumentCache full:https://registry.npmjs.org/brace-expansion set size:undefined disposed:false
1376 http fetch GET 200 https://registry.npmjs.org/ohm-js 92ms (cache miss)
1377 silly packumentCache full:https://registry.npmjs.org/ohm-js set size:undefined disposed:false
1378 http fetch GET 200 https://registry.npmjs.org/vscode-languageserver-textdocument 220ms (cache miss)
1379 silly packumentCache full:https://registry.npmjs.org/vscode-languageserver-textdocument set size:undefined disposed:false
1380 http fetch GET 200 https://registry.npmjs.org/vscode-languageserver-types 232ms (cache miss)
1381 silly packumentCache full:https://registry.npmjs.org/vscode-languageserver-types set size:undefined disposed:false
1382 http fetch GET 200 https://registry.npmjs.org/@vscode%2fl10n 661ms (cache miss)
1383 silly packumentCache full:https://registry.npmjs.org/@vscode%2fl10n set size:undefined disposed:false
1384 silly placeDep ROOT ohm-js@17.5.0 OK for: @shopify/liquid-html-parser@2.9.0 want: ^17.0.0
1385 silly fetch manifest encoding@^0.1.0
1386 silly packumentCache full:https://registry.npmjs.org/encoding cache-miss
1387 http fetch GET 200 https://registry.npmjs.org/encoding 39ms (cache miss)
1388 silly packumentCache full:https://registry.npmjs.org/encoding set size:undefined disposed:false
1389 silly placeDep node_modules/@shopify/theme-check-docs-updater env-paths@2.2.1 OK for: @shopify/theme-check-docs-updater@3.23.0 want: ^2.2.1
1390 silly placeDep ROOT node-fetch@2.7.0 OK for: @shopify/theme-check-docs-updater@3.23.0 want: ^2.6.11
1391 silly fetch manifest whatwg-url@^5.0.0
1392 silly packumentCache full:https://registry.npmjs.org/whatwg-url cache-miss
1393 http fetch GET 200 https://registry.npmjs.org/whatwg-url 45ms (cache miss)
1394 silly packumentCache full:https://registry.npmjs.org/whatwg-url set size:undefined disposed:false
1395 silly placeDep ROOT glob@8.1.0 OK for: @shopify/theme-check-node@3.23.0 want: ^8.0.3
1396 silly placeDep ROOT yaml@2.8.2 OK for: @shopify/theme-check-node@3.23.0 want: ^2.3.0
1397 silly fetch manifest once@^1.3.0
1398 silly packumentCache full:https://registry.npmjs.org/once cache-miss
1399 silly fetch manifest inflight@^1.0.4
1400 silly packumentCache full:https://registry.npmjs.org/inflight cache-miss
1401 silly fetch manifest inherits@2
1402 silly packumentCache full:https://registry.npmjs.org/inherits cache-miss
1403 silly fetch manifest minimatch@^5.0.1
1404 silly packumentCache full:https://registry.npmjs.org/minimatch cache-miss
1405 silly fetch manifest fs.realpath@^1.0.0
1406 silly packumentCache full:https://registry.npmjs.org/fs.realpath cache-miss
1407 http cache https://registry.npmjs.org/once 27ms (cache hit)
1408 silly packumentCache full:https://registry.npmjs.org/once set size:11752 disposed:false
1409 http cache https://registry.npmjs.org/minimatch 24ms (cache hit)
1410 silly packumentCache full:https://registry.npmjs.org/minimatch set size:352359 disposed:false
1411 http fetch GET 200 https://registry.npmjs.org/fs.realpath 41ms (cache miss)
1412 silly packumentCache full:https://registry.npmjs.org/fs.realpath set size:undefined disposed:false
1413 http fetch GET 200 https://registry.npmjs.org/inflight 56ms (cache miss)
1414 silly packumentCache full:https://registry.npmjs.org/inflight set size:undefined disposed:false
1415 http fetch GET 200 https://registry.npmjs.org/inherits 57ms (cache miss)
1416 silly packumentCache full:https://registry.npmjs.org/inherits set size:undefined disposed:false
1417 silly placeDep ROOT ts-morph@25.0.1 OK for: @shopify/ui-extensions@2025.11.0 want: ^25.0.1
1418 silly fetch manifest @ts-morph/common@~0.26.0
1419 silly packumentCache full:https://registry.npmjs.org/@ts-morph%2fcommon cache-miss
1420 silly fetch manifest code-block-writer@^13.0.3
1421 silly packumentCache full:https://registry.npmjs.org/code-block-writer cache-miss
1422 http fetch GET 200 https://registry.npmjs.org/code-block-writer 45ms (cache miss)
1423 silly packumentCache full:https://registry.npmjs.org/code-block-writer set size:undefined disposed:false
1424 http fetch GET 200 https://registry.npmjs.org/@ts-morph%2fcommon 64ms (cache miss)
1425 silly packumentCache full:https://registry.npmjs.org/@ts-morph%2fcommon set size:undefined disposed:false
1426 silly placeDep ROOT csstype@3.2.3 OK for: @types/react@19.2.14 want: ^3.2.2
1427 silly placeDep ROOT fast-deep-equal@3.1.3 OK for: ajv@8.18.0 want: ^3.1.3
1428 silly placeDep ROOT fast-uri@3.1.0 OK for: ajv@8.18.0 want: ^3.0.1
1429 silly placeDep ROOT json-schema-traverse@1.0.0 OK for: ajv@8.18.0 want: ^1.0.0
1430 silly placeDep ROOT require-from-string@2.0.2 OK for: ajv@8.18.0 want: ^2.0.2
1431 silly fetch manifest browserslist@>= 4.21.0
1432 silly packumentCache full:https://registry.npmjs.org/browserslist cache-hit
1433 silly placeDep ROOT baseline-browser-mapping@2.10.0 OK for: browserslist@4.28.1 want: ^2.9.0
1434 silly placeDep ROOT caniuse-lite@1.0.30001775 OK for: browserslist@4.28.1 want: ^1.0.30001759
1435 silly placeDep ROOT electron-to-chromium@1.5.302 OK for: browserslist@4.28.1 want: ^1.5.263
1436 silly placeDep ROOT node-releases@2.0.27 OK for: browserslist@4.28.1 want: ^2.0.27
1437 silly placeDep ROOT update-browserslist-db@1.2.3 OK for: browserslist@4.28.1 want: ^1.2.0
1438 silly fetch manifest escalade@^3.2.0
1439 silly packumentCache full:https://registry.npmjs.org/escalade cache-miss
1440 http fetch GET 200 https://registry.npmjs.org/escalade 71ms (cache revalidated)
1441 silly packumentCache full:https://registry.npmjs.org/escalade set size:33724 disposed:false
1442 silly placeDep ROOT readdirp@4.1.2 OK for: chokidar@4.0.3 want: ^4.0.1
1443 silly placeDep ROOT object-assign@4.1.1 OK for: cors@2.8.6 want: ^4
1444 silly placeDep ROOT vary@1.1.2 OK for: cors@2.8.6 want: ^1
1445 silly placeDep ROOT path-key@3.1.1 OK for: cross-spawn@7.0.6 want: ^3.1.0
1446 silly placeDep ROOT shebang-command@2.0.0 OK for: cross-spawn@7.0.6 want: ^2.0.0
1447 silly placeDep ROOT which@2.0.2 OK for: cross-spawn@7.0.6 want: ^2.0.1
1448 silly fetch manifest shebang-regex@^3.0.0
1449 silly packumentCache full:https://registry.npmjs.org/shebang-regex cache-miss
1450 silly fetch manifest isexe@^2.0.0
1451 silly packumentCache full:https://registry.npmjs.org/isexe cache-miss
1452 http fetch GET 200 https://registry.npmjs.org/shebang-regex 51ms (cache revalidated)
1453 silly packumentCache full:https://registry.npmjs.org/shebang-regex set size:9763 disposed:false
1454 http fetch GET 200 https://registry.npmjs.org/isexe 519ms (cache revalidated)
1455 silly packumentCache full:https://registry.npmjs.org/isexe set size:31756 disposed:false
1456 silly placeDep ROOT ms@2.1.3 OK for: debug@4.4.3 want: ^2.1.3
1457 silly placeDep ROOT get-stream@8.0.1 OK for: execa@8.0.1 want: ^8.0.1
1458 silly placeDep ROOT human-signals@5.0.0 OK for: execa@8.0.1 want: ^5.0.0
1459 silly placeDep ROOT is-stream@3.0.0 OK for: execa@8.0.1 want: ^3.0.0
1460 silly placeDep ROOT merge-stream@2.0.0 OK for: execa@8.0.1 want: ^2.0.0
1461 silly placeDep ROOT npm-run-path@5.3.0 OK for: execa@8.0.1 want: ^5.1.0
1462 silly placeDep ROOT onetime@6.0.0 OK for: execa@8.0.1 want: ^6.0.0
1463 silly placeDep ROOT signal-exit@4.1.0 OK for: execa@8.0.1 want: ^4.1.0
1464 silly placeDep ROOT strip-final-newline@3.0.0 OK for: execa@8.0.1 want: ^3.0.0
1465 silly fetch manifest path-key@^4.0.0
1466 silly packumentCache full:https://registry.npmjs.org/path-key cache-hit
1467 silly fetch manifest mimic-fn@^4.0.0
1468 silly packumentCache full:https://registry.npmjs.org/mimic-fn cache-miss
1469 http fetch GET 200 https://registry.npmjs.org/mimic-fn 36ms (cache miss)
1470 silly packumentCache full:https://registry.npmjs.org/mimic-fn set size:undefined disposed:false
1471 silly placeDep ROOT accepts@2.0.0 OK for: express@5.2.1 want: ^2.0.0
1472 silly placeDep ROOT body-parser@2.2.2 OK for: express@5.2.1 want: ^2.2.1
1473 silly placeDep ROOT content-disposition@1.0.1 OK for: express@5.2.1 want: ^1.0.0
1474 silly placeDep ROOT cookie@0.7.2 OK for: express@5.2.1 want: ^0.7.1
1475 silly placeDep ROOT cookie-signature@1.2.2 OK for: express@5.2.1 want: ^1.2.1
1476 silly placeDep ROOT depd@2.0.0 OK for: express@5.2.1 want: ^2.0.0
1477 silly placeDep ROOT encodeurl@2.0.0 OK for: express@5.2.1 want: ^2.0.0
1478 silly placeDep ROOT escape-html@1.0.3 OK for: express@5.2.1 want: ^1.0.3
1479 silly placeDep ROOT etag@1.8.1 OK for: express@5.2.1 want: ^1.8.1
1480 silly placeDep ROOT finalhandler@2.1.1 OK for: express@5.2.1 want: ^2.1.0
1481 silly placeDep ROOT fresh@2.0.0 OK for: express@5.2.1 want: ^2.0.0
1482 silly placeDep ROOT http-errors@2.0.1 OK for: express@5.2.1 want: ^2.0.0
1483 silly placeDep ROOT merge-descriptors@2.0.0 OK for: express@5.2.1 want: ^2.0.0
1484 silly placeDep ROOT mime-types@3.0.2 OK for: express@5.2.1 want: ^3.0.0
1485 silly placeDep ROOT on-finished@2.4.1 OK for: express@5.2.1 want: ^2.4.1
1486 silly placeDep ROOT once@1.4.0 OK for: express@5.2.1 want: ^1.4.0
1487 silly placeDep ROOT parseurl@1.3.3 OK for: express@5.2.1 want: ^1.3.3
1488 silly placeDep ROOT proxy-addr@2.0.7 OK for: express@5.2.1 want: ^2.0.7
1489 silly placeDep ROOT qs@6.15.0 OK for: express@5.2.1 want: ^6.14.0
1490 silly placeDep ROOT range-parser@1.2.1 OK for: express@5.2.1 want: ^1.2.1
1491 silly placeDep ROOT router@2.2.0 OK for: express@5.2.1 want: ^2.2.0
1492 silly placeDep ROOT send@1.2.1 OK for: express@5.2.1 want: ^1.1.0
1493 silly placeDep ROOT serve-static@2.2.1 OK for: express@5.2.1 want: ^2.2.0
1494 silly placeDep ROOT statuses@2.0.2 OK for: express@5.2.1 want: ^2.0.1
1495 silly placeDep ROOT type-is@2.0.1 OK for: express@5.2.1 want: ^2.0.1
1496 silly fetch manifest negotiator@^1.0.0
1497 silly packumentCache full:https://registry.npmjs.org/negotiator cache-miss
1498 silly fetch manifest bytes@^3.1.2
1499 silly packumentCache full:https://registry.npmjs.org/bytes cache-miss
1500 silly fetch manifest iconv-lite@^0.7.0
1501 silly packumentCache full:https://registry.npmjs.org/iconv-lite cache-miss
1502 silly fetch manifest qs@^6.14.1
1503 silly packumentCache full:https://registry.npmjs.org/qs cache-miss
1504 silly fetch manifest inherits@~2.0.4
1505 silly packumentCache full:https://registry.npmjs.org/inherits cache-miss
1506 silly fetch manifest setprototypeof@~1.2.0
1507 silly packumentCache full:https://registry.npmjs.org/setprototypeof cache-miss
1508 silly fetch manifest statuses@~2.0.2
1509 silly packumentCache full:https://registry.npmjs.org/statuses cache-miss
1510 silly fetch manifest toidentifier@~1.0.1
1511 silly packumentCache full:https://registry.npmjs.org/toidentifier cache-miss
1512 silly fetch manifest mime-db@^1.54.0
1513 silly packumentCache full:https://registry.npmjs.org/mime-db cache-miss
1514 silly fetch manifest ee-first@1.1.1
1515 silly packumentCache full:https://registry.npmjs.org/ee-first cache-miss
1516 silly fetch manifest wrappy@1
1517 silly packumentCache full:https://registry.npmjs.org/wrappy cache-miss
1518 silly fetch manifest forwarded@0.2.0
1519 silly packumentCache full:https://registry.npmjs.org/forwarded cache-miss
1520 silly fetch manifest ipaddr.js@1.9.1
1521 silly packumentCache full:https://registry.npmjs.org/ipaddr.js cache-miss
1522 silly fetch manifest side-channel@^1.1.0
1523 silly packumentCache full:https://registry.npmjs.org/side-channel cache-miss
1524 silly fetch manifest is-promise@^4.0.0
1525 silly packumentCache full:https://registry.npmjs.org/is-promise cache-miss
1526 http cache https://registry.npmjs.org/statuses 84ms (cache hit)
1527 silly packumentCache full:https://registry.npmjs.org/statuses set size:37117 disposed:false
1528 silly fetch manifest path-to-regexp@^8.0.0
1529 silly packumentCache full:https://registry.npmjs.org/path-to-regexp cache-miss
1530 http cache https://registry.npmjs.org/iconv-lite 99ms (cache hit)
1531 silly packumentCache full:https://registry.npmjs.org/iconv-lite set size:120557 disposed:false
1532 silly fetch manifest statuses@^2.0.2
1533 silly packumentCache full:https://registry.npmjs.org/statuses cache-hit
1534 silly fetch manifest media-typer@^1.1.0
1535 silly packumentCache full:https://registry.npmjs.org/media-typer cache-miss
1536 http cache https://registry.npmjs.org/inherits 102ms (cache hit)
1537 silly packumentCache full:https://registry.npmjs.org/inherits set size:12925 disposed:false
1538 http cache https://registry.npmjs.org/bytes 110ms (cache hit)
1539 silly packumentCache full:https://registry.npmjs.org/bytes set size:37018 disposed:false
1540 http cache https://registry.npmjs.org/is-promise 85ms (cache hit)
1541 silly packumentCache full:https://registry.npmjs.org/is-promise set size:18599 disposed:false
1542 http cache https://registry.npmjs.org/qs 115ms (cache hit)
1543 silly packumentCache full:https://registry.npmjs.org/qs set size:350258 disposed:false
1544 http fetch GET 200 https://registry.npmjs.org/negotiator 145ms (cache miss)
1545 silly packumentCache full:https://registry.npmjs.org/negotiator set size:undefined disposed:false
1546 http fetch GET 200 https://registry.npmjs.org/side-channel 125ms (cache revalidated)
1547 silly packumentCache full:https://registry.npmjs.org/side-channel set size:24660 disposed:false
1548 http fetch GET 200 https://registry.npmjs.org/ee-first 134ms (cache miss)
1549 silly packumentCache full:https://registry.npmjs.org/ee-first set size:undefined disposed:false
1550 http fetch GET 200 https://registry.npmjs.org/wrappy 136ms (cache miss)
1551 silly packumentCache full:https://registry.npmjs.org/wrappy set size:undefined disposed:false
1552 http fetch GET 200 https://registry.npmjs.org/toidentifier 148ms (cache miss)
1553 silly packumentCache full:https://registry.npmjs.org/toidentifier set size:undefined disposed:false
1554 http fetch GET 200 https://registry.npmjs.org/forwarded 143ms (cache miss)
1555 silly packumentCache full:https://registry.npmjs.org/forwarded set size:undefined disposed:false
1556 http fetch GET 200 https://registry.npmjs.org/mime-db 150ms (cache miss)
1557 silly packumentCache full:https://registry.npmjs.org/mime-db set size:undefined disposed:false
1558 http fetch GET 200 https://registry.npmjs.org/ipaddr.js 147ms (cache miss)
1559 silly packumentCache full:https://registry.npmjs.org/ipaddr.js set size:undefined disposed:false
1560 http fetch GET 200 https://registry.npmjs.org/path-to-regexp 81ms (cache miss)
1561 silly packumentCache full:https://registry.npmjs.org/path-to-regexp set size:undefined disposed:false
1562 http fetch GET 200 https://registry.npmjs.org/setprototypeof 222ms (cache miss)
1563 silly packumentCache full:https://registry.npmjs.org/setprototypeof set size:undefined disposed:false
1564 http fetch GET 200 https://registry.npmjs.org/media-typer 225ms (cache miss)
1565 silly packumentCache full:https://registry.npmjs.org/media-typer set size:undefined disposed:false
1566 silly placeDep ROOT negotiator@1.0.0 OK for: accepts@2.0.0 want: ^1.0.0
1567 silly placeDep ROOT bytes@3.1.2 OK for: body-parser@2.2.2 want: ^3.1.2
1568 silly placeDep ROOT iconv-lite@0.7.2 OK for: body-parser@2.2.2 want: ^0.7.0
1569 silly fetch manifest safer-buffer@>= 2.1.2 < 3.0.0
1570 silly packumentCache full:https://registry.npmjs.org/safer-buffer cache-miss
1571 http fetch GET 200 https://registry.npmjs.org/safer-buffer 71ms (cache miss)
1572 silly packumentCache full:https://registry.npmjs.org/safer-buffer set size:undefined disposed:false
1573 silly placeDep ROOT ip-address@10.0.1 OK for: express-rate-limit@8.2.1 want: 10.0.1
1574 silly placeDep ROOT color@3.2.1 OK for: flame-chart-js@2.3.1 want: ^3.1.3
1575 silly placeDep ROOT events@3.3.0 OK for: flame-chart-js@2.3.1 want: ^3.2.0
1576 silly fetch manifest color-string@^1.6.0
1577 silly packumentCache full:https://registry.npmjs.org/color-string cache-miss
1578 silly fetch manifest color-convert@^1.9.3
1579 silly packumentCache full:https://registry.npmjs.org/color-convert cache-miss
1580 http fetch GET 200 https://registry.npmjs.org/color-convert 47ms (cache revalidated)
1581 silly packumentCache full:https://registry.npmjs.org/color-convert set size:72663 disposed:false
1582 http fetch GET 200 https://registry.npmjs.org/color-string 59ms (cache miss)
1583 silly packumentCache full:https://registry.npmjs.org/color-string set size:undefined disposed:false
1584 silly placeDep ROOT color-convert@1.9.3 OK for: color@3.2.1 want: ^1.9.3
1585 silly placeDep ROOT color-string@1.9.1 OK for: color@3.2.1 want: ^1.6.0
1586 silly fetch manifest color-name@1.1.3
1587 silly packumentCache full:https://registry.npmjs.org/color-name cache-miss
1588 silly fetch manifest color-name@^1.0.0
1589 silly packumentCache full:https://registry.npmjs.org/color-name cache-miss
1590 silly fetch manifest simple-swizzle@^0.2.2
1591 silly packumentCache full:https://registry.npmjs.org/simple-swizzle cache-miss
1592 http fetch GET 200 https://registry.npmjs.org/simple-swizzle 58ms (cache miss)
1593 silly packumentCache full:https://registry.npmjs.org/simple-swizzle set size:undefined disposed:false
1594 http fetch GET 200 https://registry.npmjs.org/color-name 80ms (cache revalidated)
1595 silly packumentCache full:https://registry.npmjs.org/color-name set size:19467 disposed:false
1596 http fetch GET 200 https://registry.npmjs.org/color-name 88ms (cache revalidated)
1597 silly packumentCache full:https://registry.npmjs.org/color-name set size:19467 disposed:false
1598 silly packumentCache full:https://registry.npmjs.org/color-name dispose
1599 silly placeDep ROOT color-name@1.1.3 OK for: color-convert@1.9.3 want: 1.1.3
1600 silly placeDep ROOT simple-swizzle@0.2.4 OK for: color-string@1.9.1 want: ^0.2.2
1601 silly fetch manifest is-arrayish@^0.3.1
1602 silly packumentCache full:https://registry.npmjs.org/is-arrayish cache-miss
1603 http fetch GET 200 https://registry.npmjs.org/is-arrayish 49ms (cache miss)
1604 silly packumentCache full:https://registry.npmjs.org/is-arrayish set size:undefined disposed:false
1605 silly placeDep ROOT fs.realpath@1.0.0 OK for: glob@8.1.0 want: ^1.0.0
1606 silly placeDep ROOT inflight@1.0.6 OK for: glob@8.1.0 want: ^1.0.4
1607 silly placeDep ROOT inherits@2.0.4 OK for: glob@8.1.0 want: 2
1608 silly placeDep node_modules/glob minimatch@5.1.9 OK for: glob@8.1.0 want: ^5.0.1
1609 silly fetch manifest brace-expansion@^2.0.1
1610 silly packumentCache full:https://registry.npmjs.org/brace-expansion cache-miss
1611 http cache https://registry.npmjs.org/brace-expansion 14ms (cache hit)
1612 silly packumentCache full:https://registry.npmjs.org/brace-expansion set size:55744 disposed:false
1613 silly placeDep ROOT setprototypeof@1.2.0 OK for: http-errors@2.0.1 want: ~1.2.0
1614 silly placeDep ROOT toidentifier@1.0.1 OK for: http-errors@2.0.1 want: ~1.0.1
1615 silly placeDep ROOT safer-buffer@2.1.2 OK for: iconv-lite@0.7.2 want: >= 2.1.2 < 3.0.0
1616 silly placeDep ROOT wrappy@1.0.2 OK for: inflight@1.0.6 want: 1
1617 silly placeDep ROOT isarray@1.0.0 OK for: line-column@1.0.2 want: ^1.0.0
1618 silly placeDep ROOT isobject@2.1.0 OK for: line-column@1.0.2 want: ^2.0.0
1619 silly placeDep ROOT @lit/reactive-element@2.1.2 OK for: lit@3.3.2 want: ^2.1.0
1620 silly placeDep ROOT lit-element@4.2.2 OK for: lit@3.3.2 want: ^4.2.0
1621 silly placeDep ROOT lit-html@3.3.2 OK for: lit@3.3.2 want: ^3.3.0
1622 silly fetch manifest @lit-labs/ssr-dom-shim@^1.5.0
1623 silly packumentCache full:https://registry.npmjs.org/@lit-labs%2fssr-dom-shim cache-miss
1624 silly fetch manifest @lit-labs/ssr-dom-shim@^1.5.0
1625 silly packumentCache full:https://registry.npmjs.org/@lit-labs%2fssr-dom-shim cache-miss
1626 silly fetch manifest @types/trusted-types@^2.0.2
1627 silly packumentCache full:https://registry.npmjs.org/@types%2ftrusted-types cache-miss
1628 http fetch GET 200 https://registry.npmjs.org/@types%2ftrusted-types 54ms (cache miss)
1629 silly packumentCache full:https://registry.npmjs.org/@types%2ftrusted-types set size:undefined disposed:false
1630 http fetch GET 200 https://registry.npmjs.org/@lit-labs%2fssr-dom-shim 80ms (cache miss)
1631 silly packumentCache full:https://registry.npmjs.org/@lit-labs%2fssr-dom-shim set size:undefined disposed:false
1632 http fetch GET 200 https://registry.npmjs.org/@lit-labs%2fssr-dom-shim 82ms (cache miss)
1633 silly packumentCache full:https://registry.npmjs.org/@lit-labs%2fssr-dom-shim set size:undefined disposed:false
1634 silly placeDep ROOT @lit-labs/ssr-dom-shim@1.5.1 OK for: @lit/reactive-element@2.1.2 want: ^1.5.0
1635 silly placeDep ROOT @types/trusted-types@2.0.7 OK for: lit-html@3.3.2 want: ^2.0.2
1636 silly placeDep ROOT yallist@3.1.1 OK for: lru-cache@5.1.1 want: ^3.0.2
1637 silly placeDep ROOT mime-db@1.54.0 OK for: mime-types@3.0.2 want: ^1.54.0
1638 silly placeDep ROOT brace-expansion@2.0.2 OK for: minimatch@9.0.9 want: ^2.0.2
1639 silly fetch manifest balanced-match@^1.0.0
1640 silly packumentCache full:https://registry.npmjs.org/balanced-match cache-miss
1641 http fetch GET 200 https://registry.npmjs.org/balanced-match 47ms (cache revalidated)
1642 silly packumentCache full:https://registry.npmjs.org/balanced-match set size:39082 disposed:false
1643 silly placeDep ROOT balanced-match@1.0.2 OK for: brace-expansion@2.0.2 want: ^1.0.0
1644 silly placeDep ROOT whatwg-url@5.0.0 OK for: node-fetch@2.7.0 want: ^5.0.0
1645 silly fetch manifest tr46@~0.0.3
1646 silly packumentCache full:https://registry.npmjs.org/tr46 cache-miss
1647 silly fetch manifest webidl-conversions@^3.0.0
1648 silly packumentCache full:https://registry.npmjs.org/webidl-conversions cache-miss
1649 http fetch GET 200 https://registry.npmjs.org/webidl-conversions 40ms (cache miss)
1650 silly packumentCache full:https://registry.npmjs.org/webidl-conversions set size:undefined disposed:false
1651 http fetch GET 200 https://registry.npmjs.org/tr46 45ms (cache miss)
1652 silly packumentCache full:https://registry.npmjs.org/tr46 set size:undefined disposed:false
1653 silly placeDep node_modules/npm-run-path path-key@4.0.0 OK for: npm-run-path@5.3.0 want: ^4.0.0
1654 silly placeDep ROOT ee-first@1.1.1 OK for: on-finished@2.4.1 want: 1.1.1
1655 silly placeDep ROOT mimic-fn@4.0.0 OK for: onetime@6.0.0 want: ^4.0.0
1656 silly placeDep ROOT confbox@0.2.4 OK for: pkg-types@2.3.0 want: ^0.2.2
1657 silly placeDep ROOT exsolve@1.0.8 OK for: pkg-types@2.3.0 want: ^1.0.7
1658 silly placeDep node_modules/pkg-types pathe@2.0.3 OK for: pkg-types@2.3.0 want: ^2.0.3
1659 silly placeDep ROOT is-promise@2.2.2 OK for: promise-worker-transferable@1.0.4 want: ^2.1.0
1660 silly placeDep ROOT lie@3.3.0 OK for: promise-worker-transferable@1.0.4 want: ^3.0.2
1661 silly fetch manifest immediate@~3.0.5
1662 silly packumentCache full:https://registry.npmjs.org/immediate cache-miss
1663 http fetch GET 200 https://registry.npmjs.org/immediate 37ms (cache miss)
1664 silly packumentCache full:https://registry.npmjs.org/immediate set size:undefined disposed:false
1665 silly placeDep ROOT immediate@3.0.6 OK for: lie@3.3.0 want: ~3.0.5
1666 silly placeDep ROOT forwarded@0.2.0 OK for: proxy-addr@2.0.7 want: 0.2.0
1667 silly placeDep ROOT ipaddr.js@1.9.1 OK for: proxy-addr@2.0.7 want: 1.9.1
1668 silly placeDep ROOT side-channel@1.1.0 OK for: qs@6.15.0 want: ^1.1.0
1669 silly fetch manifest es-errors@^1.3.0
1670 silly packumentCache full:https://registry.npmjs.org/es-errors cache-miss
1671 silly fetch manifest object-inspect@^1.13.3
1672 silly packumentCache full:https://registry.npmjs.org/object-inspect cache-miss
1673 silly fetch manifest side-channel-list@^1.0.0
1674 silly packumentCache full:https://registry.npmjs.org/side-channel-list cache-miss
1675 silly fetch manifest side-channel-map@^1.0.1
1676 silly packumentCache full:https://registry.npmjs.org/side-channel-map cache-miss
1677 silly fetch manifest side-channel-weakmap@^1.0.2
1678 silly packumentCache full:https://registry.npmjs.org/side-channel-weakmap cache-miss
1679 http fetch GET 200 https://registry.npmjs.org/side-channel-list 60ms (cache revalidated)
1680 silly packumentCache full:https://registry.npmjs.org/side-channel-list set size:6005 disposed:false
1681 http fetch GET 200 https://registry.npmjs.org/object-inspect 63ms (cache revalidated)
1682 silly packumentCache full:https://registry.npmjs.org/object-inspect set size:101912 disposed:false
1683 http fetch GET 200 https://registry.npmjs.org/side-channel-weakmap 62ms (cache revalidated)
1684 silly packumentCache full:https://registry.npmjs.org/side-channel-weakmap set size:12620 disposed:false
1685 http fetch GET 200 https://registry.npmjs.org/es-errors 75ms (cache revalidated)
1686 silly packumentCache full:https://registry.npmjs.org/es-errors set size:16918 disposed:false
1687 http fetch GET 200 https://registry.npmjs.org/side-channel-map 75ms (cache revalidated)
1688 silly packumentCache full:https://registry.npmjs.org/side-channel-map set size:9126 disposed:false
1689 silly placeDep ROOT unpipe@1.0.0 OK for: raw-body@3.0.2 want: ~1.0.0
1690 silly placeDep ROOT loose-envify@1.4.0 OK for: react@18.3.1 want: ^1.1.0
1691 silly placeDep ROOT scheduler@0.23.2 OK for: react-dom@18.3.1 want: ^0.23.2
1692 silly placeDep node_modules/react-router cookie@1.1.1 OK for: react-router@7.12.0 want: ^1.0.1
1693 silly placeDep ROOT set-cookie-parser@2.7.2 OK for: react-router@7.12.0 want: ^2.6.0
1694 silly placeDep node_modules/router is-promise@4.0.0 OK for: router@2.2.0 want: ^4.0.0
1695 silly placeDep ROOT path-to-regexp@8.3.0 OK for: router@2.2.0 want: ^8.0.0
1696 silly placeDep ROOT shebang-regex@3.0.0 OK for: shebang-command@2.0.0 want: ^3.0.0
1697 silly placeDep ROOT es-errors@1.3.0 OK for: side-channel@1.1.0 want: ^1.3.0
1698 silly placeDep ROOT object-inspect@1.13.4 OK for: side-channel@1.1.0 want: ^1.13.3
1699 silly placeDep ROOT side-channel-list@1.0.0 OK for: side-channel@1.1.0 want: ^1.0.0
1700 silly placeDep ROOT side-channel-map@1.0.1 OK for: side-channel@1.1.0 want: ^1.0.1
1701 silly placeDep ROOT side-channel-weakmap@1.0.2 OK for: side-channel@1.1.0 want: ^1.0.2
1702 silly fetch manifest call-bound@^1.0.2
1703 silly packumentCache full:https://registry.npmjs.org/call-bound cache-miss
1704 silly fetch manifest get-intrinsic@^1.2.5
1705 silly packumentCache full:https://registry.npmjs.org/get-intrinsic cache-miss
1706 silly fetch manifest call-bound@^1.0.2
1707 silly packumentCache full:https://registry.npmjs.org/call-bound cache-miss
1708 silly fetch manifest get-intrinsic@^1.2.5
1709 silly packumentCache full:https://registry.npmjs.org/get-intrinsic cache-miss
1710 http fetch GET 200 https://registry.npmjs.org/get-intrinsic 56ms (cache revalidated)
1711 silly packumentCache full:https://registry.npmjs.org/get-intrinsic set size:60985 disposed:false
1712 http fetch GET 200 https://registry.npmjs.org/call-bound 68ms (cache revalidated)
1713 silly packumentCache full:https://registry.npmjs.org/call-bound set size:15317 disposed:false
1714 http fetch GET 200 https://registry.npmjs.org/call-bound 68ms (cache revalidated)
1715 silly packumentCache full:https://registry.npmjs.org/call-bound set size:15317 disposed:false
1716 silly packumentCache full:https://registry.npmjs.org/call-bound dispose
1717 http fetch GET 200 https://registry.npmjs.org/get-intrinsic 71ms (cache revalidated)
1718 silly packumentCache full:https://registry.npmjs.org/get-intrinsic set size:60985 disposed:false
1719 silly packumentCache full:https://registry.npmjs.org/get-intrinsic dispose
1720 silly placeDep ROOT call-bound@1.0.4 OK for: side-channel-map@1.0.1 want: ^1.0.2
1721 silly placeDep ROOT get-intrinsic@1.3.0 OK for: side-channel-map@1.0.1 want: ^1.2.5
1722 silly fetch manifest call-bind-apply-helpers@^1.0.2
1723 silly packumentCache full:https://registry.npmjs.org/call-bind-apply-helpers cache-miss
1724 silly fetch manifest get-intrinsic@^1.3.0
1725 silly packumentCache full:https://registry.npmjs.org/get-intrinsic cache-hit
1726 silly fetch manifest gopd@^1.2.0
1727 silly packumentCache full:https://registry.npmjs.org/gopd cache-miss
1728 silly fetch manifest hasown@^2.0.2
1729 silly packumentCache full:https://registry.npmjs.org/hasown cache-miss
1730 silly fetch manifest get-proto@^1.0.1
1731 silly packumentCache full:https://registry.npmjs.org/get-proto cache-miss
1732 silly fetch manifest has-symbols@^1.1.0
1733 silly packumentCache full:https://registry.npmjs.org/has-symbols cache-miss
1734 silly fetch manifest function-bind@^1.1.2
1735 silly packumentCache full:https://registry.npmjs.org/function-bind cache-miss
1736 silly fetch manifest es-object-atoms@^1.1.1
1737 silly packumentCache full:https://registry.npmjs.org/es-object-atoms cache-miss
1738 silly fetch manifest math-intrinsics@^1.1.0
1739 silly packumentCache full:https://registry.npmjs.org/math-intrinsics cache-miss
1740 silly fetch manifest es-define-property@^1.0.1
1741 silly packumentCache full:https://registry.npmjs.org/es-define-property cache-miss
1742 silly fetch manifest call-bind-apply-helpers@^1.0.2
1743 silly packumentCache full:https://registry.npmjs.org/call-bind-apply-helpers cache-miss
1744 http fetch GET 200 https://registry.npmjs.org/hasown 72ms (cache revalidated)
1745 silly packumentCache full:https://registry.npmjs.org/hasown set size:12476 disposed:false
1746 http fetch GET 200 https://registry.npmjs.org/gopd 74ms (cache revalidated)
1747 silly packumentCache full:https://registry.npmjs.org/gopd set size:11458 disposed:false
1748 http fetch GET 200 https://registry.npmjs.org/call-bind-apply-helpers 90ms (cache revalidated)
1749 silly packumentCache full:https://registry.npmjs.org/call-bind-apply-helpers set size:12744 disposed:false
1750 http fetch GET 200 https://registry.npmjs.org/function-bind 82ms (cache revalidated)
1751 silly packumentCache full:https://registry.npmjs.org/function-bind set size:15733 disposed:false
1752 http fetch GET 200 https://registry.npmjs.org/call-bind-apply-helpers 100ms (cache revalidated)
1753 silly packumentCache full:https://registry.npmjs.org/call-bind-apply-helpers set size:12744 disposed:false
1754 silly packumentCache full:https://registry.npmjs.org/call-bind-apply-helpers dispose
1755 http fetch GET 200 https://registry.npmjs.org/math-intrinsics 107ms (cache revalidated)
1756 silly packumentCache full:https://registry.npmjs.org/math-intrinsics set size:9265 disposed:false
1757 http fetch GET 200 https://registry.npmjs.org/es-define-property 109ms (cache revalidated)
1758 silly packumentCache full:https://registry.npmjs.org/es-define-property set size:8542 disposed:false
1759 http fetch GET 200 https://registry.npmjs.org/has-symbols 117ms (cache revalidated)
1760 silly packumentCache full:https://registry.npmjs.org/has-symbols set size:21550 disposed:false
1761 http fetch GET 200 https://registry.npmjs.org/es-object-atoms 117ms (cache revalidated)
1762 silly packumentCache full:https://registry.npmjs.org/es-object-atoms set size:15304 disposed:false
1763 http fetch GET 200 https://registry.npmjs.org/get-proto 144ms (cache revalidated)
1764 silly packumentCache full:https://registry.npmjs.org/get-proto set size:8300 disposed:false
1765 silly placeDep ROOT call-bind-apply-helpers@1.0.2 OK for: call-bound@1.0.4 want: ^1.0.2
1766 silly placeDep ROOT function-bind@1.1.2 OK for: call-bind-apply-helpers@1.0.2 want: ^1.1.2
1767 silly placeDep ROOT es-define-property@1.0.1 OK for: get-intrinsic@1.3.0 want: ^1.0.1
1768 silly placeDep ROOT es-object-atoms@1.1.1 OK for: get-intrinsic@1.3.0 want: ^1.1.1
1769 silly placeDep ROOT get-proto@1.0.1 OK for: get-intrinsic@1.3.0 want: ^1.0.1
1770 silly placeDep ROOT gopd@1.2.0 OK for: get-intrinsic@1.3.0 want: ^1.2.0
1771 silly placeDep ROOT has-symbols@1.1.0 OK for: get-intrinsic@1.3.0 want: ^1.1.0
1772 silly placeDep ROOT hasown@2.0.2 OK for: get-intrinsic@1.3.0 want: ^2.0.2
1773 silly placeDep ROOT math-intrinsics@1.1.0 OK for: get-intrinsic@1.3.0 want: ^1.1.0
1774 silly fetch manifest dunder-proto@^1.0.1
1775 silly packumentCache full:https://registry.npmjs.org/dunder-proto cache-miss
1776 http fetch GET 200 https://registry.npmjs.org/dunder-proto 56ms (cache revalidated)
1777 silly packumentCache full:https://registry.npmjs.org/dunder-proto set size:8256 disposed:false
1778 silly placeDep ROOT dunder-proto@1.0.1 OK for: get-proto@1.0.1 want: ^1.0.1
1779 silly placeDep ROOT is-arrayish@0.3.4 OK for: simple-swizzle@0.2.4 want: ^0.3.1
1780 silly placeDep ROOT buffer-from@1.1.2 OK for: source-map-support@0.5.21 want: ^1.0.0
1781 silly placeDep ROOT source-map@0.6.1 OK for: source-map-support@0.5.21 want: ^0.6.0
1782 silly placeDep ROOT fdir@6.5.0 OK for: tinyglobby@0.2.15 want: ^6.5.0
1783 silly placeDep ROOT picomatch@4.0.3 OK for: tinyglobby@0.2.15 want: ^4.0.3
1784 silly placeDep ROOT @ts-morph/common@0.26.1 OK for: ts-morph@25.0.1 want: ~0.26.0
1785 silly placeDep ROOT code-block-writer@13.0.3 OK for: ts-morph@25.0.1 want: ^13.0.3
1786 silly fetch manifest fast-glob@^3.3.2
1787 silly packumentCache full:https://registry.npmjs.org/fast-glob cache-miss
1788 silly fetch manifest path-browserify@^1.0.1
1789 silly packumentCache full:https://registry.npmjs.org/path-browserify cache-miss
1790 http fetch GET 200 https://registry.npmjs.org/fast-glob 47ms (cache revalidated)
1791 silly packumentCache full:https://registry.npmjs.org/fast-glob set size:220556 disposed:false
1792 http fetch GET 200 https://registry.npmjs.org/path-browserify 52ms (cache miss)
1793 silly packumentCache full:https://registry.npmjs.org/path-browserify set size:undefined disposed:false
1794 silly placeDep ROOT fast-glob@3.3.3 OK for: @ts-morph/common@0.26.1 want: ^3.3.2
1795 silly placeDep ROOT path-browserify@1.0.1 OK for: @ts-morph/common@0.26.1 want: ^1.0.1
1796 silly fetch manifest @nodelib/fs.stat@^2.0.2
1797 silly packumentCache full:https://registry.npmjs.org/@nodelib%2ffs.stat cache-miss
1798 silly fetch manifest @nodelib/fs.walk@^1.2.3
1799 silly packumentCache full:https://registry.npmjs.org/@nodelib%2ffs.walk cache-miss
1800 silly fetch manifest glob-parent@^5.1.2
1801 silly packumentCache full:https://registry.npmjs.org/glob-parent cache-miss
1802 silly fetch manifest merge2@^1.3.0
1803 silly packumentCache full:https://registry.npmjs.org/merge2 cache-miss
1804 silly fetch manifest micromatch@^4.0.8
1805 silly packumentCache full:https://registry.npmjs.org/micromatch cache-miss
1806 http fetch GET 200 https://registry.npmjs.org/glob-parent 52ms (cache revalidated)
1807 silly packumentCache full:https://registry.npmjs.org/glob-parent set size:42445 disposed:false
1808 http fetch GET 200 https://registry.npmjs.org/merge2 61ms (cache revalidated)
1809 silly packumentCache full:https://registry.npmjs.org/merge2 set size:46159 disposed:false
1810 http fetch GET 200 https://registry.npmjs.org/@nodelib%2ffs.stat 75ms (cache revalidated)
1811 silly packumentCache full:https://registry.npmjs.org/@nodelib%2ffs.stat set size:36993 disposed:false
1812 http fetch GET 200 https://registry.npmjs.org/@nodelib%2ffs.walk 79ms (cache revalidated)
1813 silly packumentCache full:https://registry.npmjs.org/@nodelib%2ffs.walk set size:41589 disposed:false
1814 http fetch GET 200 https://registry.npmjs.org/micromatch 100ms (cache revalidated)
1815 silly packumentCache full:https://registry.npmjs.org/micromatch set size:240630 disposed:false
1816 silly placeDep ROOT @nodelib/fs.stat@2.0.5 OK for: fast-glob@3.3.3 want: ^2.0.2
1817 silly placeDep ROOT @nodelib/fs.walk@1.2.8 OK for: fast-glob@3.3.3 want: ^1.2.3
1818 silly placeDep ROOT glob-parent@5.1.2 OK for: fast-glob@3.3.3 want: ^5.1.2
1819 silly placeDep ROOT merge2@1.4.1 OK for: fast-glob@3.3.3 want: ^1.3.0
1820 silly placeDep ROOT micromatch@4.0.8 OK for: fast-glob@3.3.3 want: ^4.0.8
1821 silly fetch manifest fastq@^1.6.0
1822 silly packumentCache full:https://registry.npmjs.org/fastq cache-miss
1823 silly fetch manifest @nodelib/fs.scandir@2.1.5
1824 silly packumentCache full:https://registry.npmjs.org/@nodelib%2ffs.scandir cache-miss
1825 silly fetch manifest is-glob@^4.0.1
1826 silly packumentCache full:https://registry.npmjs.org/is-glob cache-miss
1827 silly fetch manifest braces@^3.0.3
1828 silly packumentCache full:https://registry.npmjs.org/braces cache-miss
1829 silly fetch manifest picomatch@^2.3.1
1830 silly packumentCache full:https://registry.npmjs.org/picomatch cache-hit
1831 http fetch GET 200 https://registry.npmjs.org/is-glob 53ms (cache revalidated)
1832 silly packumentCache full:https://registry.npmjs.org/is-glob set size:40530 disposed:false
1833 http fetch GET 200 https://registry.npmjs.org/fastq 60ms (cache revalidated)
1834 silly packumentCache full:https://registry.npmjs.org/fastq set size:78301 disposed:false
1835 http fetch GET 200 https://registry.npmjs.org/braces 64ms (cache revalidated)
1836 silly packumentCache full:https://registry.npmjs.org/braces set size:114529 disposed:false
1837 http fetch GET 200 https://registry.npmjs.org/@nodelib%2ffs.scandir 76ms (cache revalidated)
1838 silly packumentCache full:https://registry.npmjs.org/@nodelib%2ffs.scandir set size:49256 disposed:false
1839 silly placeDep ROOT @nodelib/fs.scandir@2.1.5 OK for: @nodelib/fs.walk@1.2.8 want: 2.1.5
1840 silly placeDep ROOT fastq@1.20.1 OK for: @nodelib/fs.walk@1.2.8 want: ^1.6.0
1841 silly fetch manifest run-parallel@^1.1.9
1842 silly packumentCache full:https://registry.npmjs.org/run-parallel cache-miss
1843 silly fetch manifest reusify@^1.0.4
1844 silly packumentCache full:https://registry.npmjs.org/reusify cache-miss
1845 http fetch GET 200 https://registry.npmjs.org/run-parallel 50ms (cache revalidated)
1846 silly packumentCache full:https://registry.npmjs.org/run-parallel set size:35172 disposed:false
1847 http fetch GET 200 https://registry.npmjs.org/reusify 52ms (cache revalidated)
1848 silly packumentCache full:https://registry.npmjs.org/reusify set size:14249 disposed:false
1849 silly placeDep ROOT run-parallel@1.2.0 OK for: @nodelib/fs.scandir@2.1.5 want: ^1.1.9
1850 silly fetch manifest queue-microtask@^1.2.2
1851 silly packumentCache full:https://registry.npmjs.org/queue-microtask cache-miss
1852 http fetch GET 200 https://registry.npmjs.org/queue-microtask 61ms (cache revalidated)
1853 silly packumentCache full:https://registry.npmjs.org/queue-microtask set size:36088 disposed:false
1854 silly placeDep ROOT reusify@1.1.0 OK for: fastq@1.20.1 want: ^1.0.4
1855 silly placeDep ROOT is-glob@4.0.3 OK for: glob-parent@5.1.2 want: ^4.0.1
1856 silly fetch manifest is-extglob@^2.1.1
1857 silly packumentCache full:https://registry.npmjs.org/is-extglob cache-miss
1858 http fetch GET 200 https://registry.npmjs.org/is-extglob 51ms (cache revalidated)
1859 silly packumentCache full:https://registry.npmjs.org/is-extglob set size:11766 disposed:false
1860 silly placeDep ROOT is-extglob@2.1.1 OK for: is-glob@4.0.3 want: ^2.1.1
1861 silly placeDep ROOT braces@3.0.3 OK for: micromatch@4.0.8 want: ^3.0.3
1862 silly placeDep node_modules/micromatch picomatch@2.3.1 OK for: micromatch@4.0.8 want: ^2.3.1
1863 silly fetch manifest fill-range@^7.1.1
1864 silly packumentCache full:https://registry.npmjs.org/fill-range cache-miss
1865 http fetch GET 200 https://registry.npmjs.org/fill-range 64ms (cache revalidated)
1866 silly packumentCache full:https://registry.npmjs.org/fill-range set size:90212 disposed:false
1867 silly placeDep ROOT fill-range@7.1.1 OK for: braces@3.0.3 want: ^7.1.1
1868 silly fetch manifest to-regex-range@^5.0.1
1869 silly packumentCache full:https://registry.npmjs.org/to-regex-range cache-miss
1870 http fetch GET 200 https://registry.npmjs.org/to-regex-range 51ms (cache revalidated)
1871 silly packumentCache full:https://registry.npmjs.org/to-regex-range set size:61569 disposed:false
1872 silly placeDep ROOT to-regex-range@5.0.1 OK for: fill-range@7.1.1 want: ^5.0.1
1873 silly fetch manifest is-number@^7.0.0
1874 silly packumentCache full:https://registry.npmjs.org/is-number cache-miss
1875 http fetch GET 200 https://registry.npmjs.org/is-number 42ms (cache revalidated)
1876 silly packumentCache full:https://registry.npmjs.org/is-number set size:36183 disposed:false
1877 silly placeDep ROOT queue-microtask@1.2.3 OK for: run-parallel@1.2.0 want: ^1.2.2
1878 silly placeDep ROOT is-number@7.0.0 OK for: to-regex-range@5.0.1 want: ^7.0.0
1879 silly placeDep ROOT media-typer@1.1.0 OK for: type-is@2.0.1 want: ^1.1.0
1880 silly placeDep ROOT escalade@3.2.0 OK for: update-browserslist-db@1.2.3 want: ^3.2.0
1881 silly placeDep ROOT @juggle/resize-observer@3.4.0 OK for: use-resize-observer@9.1.0 want: ^3.3.1
1882 silly placeDep ROOT esbuild@0.25.12 OK for: vite@6.4.1 want: ^0.25.0
1883 silly placeDep ROOT fsevents@2.3.3 OK for: vite@6.4.1 want: ~2.3.3
1884 silly placeDep ROOT postcss@8.5.6 OK for: vite@6.4.1 want: ^8.5.3
1885 silly placeDep ROOT rollup@4.59.0 OK for: vite@6.4.1 want: ^4.34.9
1886 silly fetch manifest @esbuild/aix-ppc64@0.25.12
1887 silly packumentCache full:https://registry.npmjs.org/@esbuild%2faix-ppc64 cache-miss
1888 silly fetch manifest @esbuild/linux-arm@0.25.12
1889 silly packumentCache full:https://registry.npmjs.org/@esbuild%2flinux-arm cache-miss
1890 silly fetch manifest @esbuild/linux-x64@0.25.12
1891 silly packumentCache full:https://registry.npmjs.org/@esbuild%2flinux-x64 cache-miss
1892 silly fetch manifest @esbuild/sunos-x64@0.25.12
1893 silly packumentCache full:https://registry.npmjs.org/@esbuild%2fsunos-x64 cache-miss
1894 silly fetch manifest @esbuild/win32-x64@0.25.12
1895 silly packumentCache full:https://registry.npmjs.org/@esbuild%2fwin32-x64 cache-miss
1896 silly fetch manifest @esbuild/darwin-x64@0.25.12
1897 silly packumentCache full:https://registry.npmjs.org/@esbuild%2fdarwin-x64 cache-miss
1898 silly fetch manifest @esbuild/linux-ia32@0.25.12
1899 silly packumentCache full:https://registry.npmjs.org/@esbuild%2flinux-ia32 cache-miss
1900 silly fetch manifest @esbuild/netbsd-x64@0.25.12
1901 silly packumentCache full:https://registry.npmjs.org/@esbuild%2fnetbsd-x64 cache-miss
1902 silly fetch manifest @esbuild/win32-ia32@0.25.12
1903 silly packumentCache full:https://registry.npmjs.org/@esbuild%2fwin32-ia32 cache-miss
1904 silly fetch manifest @esbuild/android-arm@0.25.12
1905 silly packumentCache full:https://registry.npmjs.org/@esbuild%2fandroid-arm cache-miss
1906 silly fetch manifest @esbuild/android-x64@0.25.12
1907 silly packumentCache full:https://registry.npmjs.org/@esbuild%2fandroid-x64 cache-miss
1908 silly fetch manifest @esbuild/freebsd-x64@0.25.12
1909 silly packumentCache full:https://registry.npmjs.org/@esbuild%2ffreebsd-x64 cache-miss
1910 silly fetch manifest @esbuild/linux-arm64@0.25.12
1911 silly packumentCache full:https://registry.npmjs.org/@esbuild%2flinux-arm64 cache-miss
1912 silly fetch manifest @esbuild/linux-ppc64@0.25.12
1913 silly packumentCache full:https://registry.npmjs.org/@esbuild%2flinux-ppc64 cache-miss
1914 silly fetch manifest @esbuild/linux-s390x@0.25.12
1915 silly packumentCache full:https://registry.npmjs.org/@esbuild%2flinux-s390x cache-miss
1916 http fetch GET 200 https://registry.npmjs.org/@esbuild%2fsunos-x64 98ms (cache revalidated)
1917 silly packumentCache full:https://registry.npmjs.org/@esbuild%2fsunos-x64 set size:187474 disposed:false
1918 silly fetch manifest @esbuild/openbsd-x64@0.25.12
1919 silly packumentCache full:https://registry.npmjs.org/@esbuild%2fopenbsd-x64 cache-miss
1920 http fetch GET 200 https://registry.npmjs.org/@esbuild%2flinux-x64 112ms (cache revalidated)
1921 silly packumentCache full:https://registry.npmjs.org/@esbuild%2flinux-x64 set size:187244 disposed:false
1922 silly fetch manifest @esbuild/win32-arm64@0.25.12
1923 silly packumentCache full:https://registry.npmjs.org/@esbuild%2fwin32-arm64 cache-miss
1924 http fetch GET 200 https://registry.npmjs.org/@esbuild%2fwin32-x64 112ms (cache revalidated)
1925 silly packumentCache full:https://registry.npmjs.org/@esbuild%2fwin32-x64 set size:187476 disposed:false
1926 silly fetch manifest @esbuild/darwin-arm64@0.25.12
1927 silly packumentCache full:https://registry.npmjs.org/@esbuild%2fdarwin-arm64 cache-miss
1928 http fetch GET 200 https://registry.npmjs.org/@esbuild%2fdarwin-x64 140ms (cache revalidated)
1929 silly packumentCache full:https://registry.npmjs.org/@esbuild%2fdarwin-x64 set size:187924 disposed:false
1930 silly fetch manifest @esbuild/netbsd-arm64@0.25.12
1931 silly packumentCache full:https://registry.npmjs.org/@esbuild%2fnetbsd-arm64 cache-miss
1932 http fetch GET 200 https://registry.npmjs.org/@esbuild%2flinux-arm 153ms (cache revalidated)
1933 silly packumentCache full:https://registry.npmjs.org/@esbuild%2flinux-arm set size:186917 disposed:false
1934 silly fetch manifest @esbuild/android-arm64@0.25.12
1935 silly packumentCache full:https://registry.npmjs.org/@esbuild%2fandroid-arm64 cache-miss
1936 http fetch GET 200 https://registry.npmjs.org/@esbuild%2faix-ppc64 165ms (cache revalidated)
1937 silly packumentCache full:https://registry.npmjs.org/@esbuild%2faix-ppc64 set size:56029 disposed:false
1938 silly fetch manifest @esbuild/freebsd-arm64@0.25.12
1939 silly packumentCache full:https://registry.npmjs.org/@esbuild%2ffreebsd-arm64 cache-miss
1940 http fetch GET 200 https://registry.npmjs.org/@esbuild%2fandroid-x64 150ms (cache revalidated)
1941 silly packumentCache full:https://registry.npmjs.org/@esbuild%2fandroid-x64 set size:187307 disposed:false
1942 silly fetch manifest @esbuild/linux-loong64@0.25.12
1943 silly packumentCache full:https://registry.npmjs.org/@esbuild%2flinux-loong64 cache-miss
1944 http fetch GET 200 https://registry.npmjs.org/@esbuild%2flinux-s390x 148ms (cache revalidated)
1945 silly packumentCache full:https://registry.npmjs.org/@esbuild%2flinux-s390x set size:190391 disposed:false
1946 silly fetch manifest @esbuild/linux-riscv64@0.25.12
1947 silly packumentCache full:https://registry.npmjs.org/@esbuild%2flinux-riscv64 cache-miss
1948 http fetch GET 200 https://registry.npmjs.org/@esbuild%2flinux-arm64 157ms (cache revalidated)
1949 silly packumentCache full:https://registry.npmjs.org/@esbuild%2flinux-arm64 set size:188948 disposed:false
1950 silly fetch manifest @esbuild/openbsd-arm64@0.25.12
1951 silly packumentCache full:https://registry.npmjs.org/@esbuild%2fopenbsd-arm64 cache-miss
1952 http fetch GET 200 https://registry.npmjs.org/@esbuild%2fandroid-arm 168ms (cache revalidated)
1953 silly packumentCache full:https://registry.npmjs.org/@esbuild%2fandroid-arm set size:213504 disposed:false
1954 silly fetch manifest @esbuild/linux-mips64el@0.25.12
1955 silly packumentCache full:https://registry.npmjs.org/@esbuild%2flinux-mips64el cache-miss
1956 http fetch GET 200 https://registry.npmjs.org/@esbuild%2flinux-ia32 180ms (cache revalidated)
1957 silly packumentCache full:https://registry.npmjs.org/@esbuild%2flinux-ia32 set size:187877 disposed:false
1958 silly fetch manifest @esbuild/openharmony-arm64@0.25.12
1959 silly packumentCache full:https://registry.npmjs.org/@esbuild%2fopenharmony-arm64 cache-miss
1960 http fetch GET 200 https://registry.npmjs.org/@esbuild%2ffreebsd-x64 179ms (cache revalidated)
1961 silly packumentCache full:https://registry.npmjs.org/@esbuild%2ffreebsd-x64 set size:188756 disposed:false
1962 silly fetch manifest nanoid@^3.3.11
1963 silly packumentCache full:https://registry.npmjs.org/nanoid cache-miss
1964 http fetch GET 200 https://registry.npmjs.org/@esbuild%2fnetbsd-x64 191ms (cache revalidated)
1965 silly packumentCache full:https://registry.npmjs.org/@esbuild%2fnetbsd-x64 set size:185730 disposed:false
1966 silly fetch manifest source-map-js@^1.2.1
1967 silly packumentCache full:https://registry.npmjs.org/source-map-js cache-miss
1968 http fetch GET 200 https://registry.npmjs.org/@esbuild%2flinux-ppc64 200ms (cache revalidated)
1969 silly packumentCache full:https://registry.npmjs.org/@esbuild%2flinux-ppc64 set size:190895 disposed:false
1970 silly fetch manifest @types/estree@1.0.8
1971 silly packumentCache full:https://registry.npmjs.org/@types%2festree cache-miss
1972 http fetch GET 200 https://registry.npmjs.org/@esbuild%2fwin32-ia32 219ms (cache revalidated)
1973 silly packumentCache full:https://registry.npmjs.org/@esbuild%2fwin32-ia32 set size:188094 disposed:false
1974 silly fetch manifest @rollup/rollup-darwin-arm64@4.59.0
1975 silly packumentCache full:https://registry.npmjs.org/@rollup%2frollup-darwin-arm64 cache-miss
1976 http fetch GET 200 https://registry.npmjs.org/@esbuild%2fopenbsd-x64 134ms (cache revalidated)
1977 silly packumentCache full:https://registry.npmjs.org/@esbuild%2fopenbsd-x64 set size:188762 disposed:false
1978 silly fetch manifest @rollup/rollup-android-arm64@4.59.0
1979 silly packumentCache full:https://registry.npmjs.org/@rollup%2frollup-android-arm64 cache-miss
1980 http fetch GET 200 https://registry.npmjs.org/@esbuild%2fdarwin-arm64 178ms (cache revalidated)
1981 silly packumentCache full:https://registry.npmjs.org/@esbuild%2fdarwin-arm64 set size:189596 disposed:false
1982 silly fetch manifest @rollup/rollup-win32-arm64-msvc@4.59.0
1983 silly packumentCache full:https://registry.npmjs.org/@rollup%2frollup-win32-arm64-msvc cache-miss
1984 http fetch GET 200 https://registry.npmjs.org/@esbuild%2fnetbsd-arm64 172ms (cache revalidated)
1985 silly packumentCache full:https://registry.npmjs.org/@esbuild%2fnetbsd-arm64 set size:32428 disposed:false
1986 silly fetch manifest @rollup/rollup-freebsd-arm64@4.59.0
1987 silly packumentCache full:https://registry.npmjs.org/@rollup%2frollup-freebsd-arm64 cache-miss
1988 http fetch GET 200 https://registry.npmjs.org/nanoid 127ms (cache revalidated)
1989 silly packumentCache full:https://registry.npmjs.org/nanoid set size:298419 disposed:false
1990 silly fetch manifest @rollup/rollup-linux-arm64-gnu@4.59.0
1991 silly packumentCache full:https://registry.npmjs.org/@rollup%2frollup-linux-arm64-gnu cache-miss
1992 http fetch GET 200 https://registry.npmjs.org/@esbuild%2fandroid-arm64 181ms (cache revalidated)
1993 silly packumentCache full:https://registry.npmjs.org/@esbuild%2fandroid-arm64 set size:192279 disposed:false
1994 silly fetch manifest @rollup/rollup-linux-arm64-musl@4.59.0
1995 silly packumentCache full:https://registry.npmjs.org/@rollup%2frollup-linux-arm64-musl cache-miss
1996 http fetch GET 200 https://registry.npmjs.org/@esbuild%2ffreebsd-arm64 182ms (cache revalidated)
1997 silly packumentCache full:https://registry.npmjs.org/@esbuild%2ffreebsd-arm64 set size:190447 disposed:false
1998 silly fetch manifest @rollup/rollup-android-arm-eabi@4.59.0
1999 silly packumentCache full:https://registry.npmjs.org/@rollup%2frollup-android-arm-eabi cache-miss
2000 http fetch GET 200 https://registry.npmjs.org/source-map-js 147ms (cache revalidated)
2001 silly packumentCache full:https://registry.npmjs.org/source-map-js set size:62640 disposed:false
2002 silly fetch manifest @rollup/rollup-linux-arm-gnueabihf@4.59.0
2003 silly packumentCache full:https://registry.npmjs.org/@rollup%2frollup-linux-arm-gnueabihf cache-miss
2004 http fetch GET 200 https://registry.npmjs.org/@esbuild%2fopenharmony-arm64 182ms (cache revalidated)
2005 silly packumentCache full:https://registry.npmjs.org/@esbuild%2fopenharmony-arm64 set size:21007 disposed:false
2006 silly fetch manifest @rollup/rollup-linux-arm-musleabihf@4.59.0
2007 silly packumentCache full:https://registry.npmjs.org/@rollup%2frollup-linux-arm-musleabihf cache-miss
2008 http fetch GET 200 https://registry.npmjs.org/@esbuild%2fopenbsd-arm64 211ms (cache revalidated)
2009 silly packumentCache full:https://registry.npmjs.org/@esbuild%2fopenbsd-arm64 set size:37704 disposed:false
2010 silly fetch manifest @rollup/rollup-win32-ia32-msvc@4.59.0
2011 silly packumentCache full:https://registry.npmjs.org/@rollup%2frollup-win32-ia32-msvc cache-miss
2012 http fetch GET 200 https://registry.npmjs.org/@esbuild%2flinux-loong64 232ms (cache revalidated)
2013 silly packumentCache full:https://registry.npmjs.org/@esbuild%2flinux-loong64 set size:243782 disposed:false
2014 silly fetch manifest @rollup/rollup-linux-loong64-gnu@4.59.0
2015 silly packumentCache full:https://registry.npmjs.org/@rollup%2frollup-linux-loong64-gnu cache-miss
2016 http fetch GET 200 https://registry.npmjs.org/@rollup%2frollup-darwin-arm64 170ms (cache revalidated)
2017 silly packumentCache full:https://registry.npmjs.org/@rollup%2frollup-darwin-arm64 set size:326593 disposed:false
2018 silly fetch manifest @rollup/rollup-linux-loong64-musl@4.59.0
2019 silly packumentCache full:https://registry.npmjs.org/@rollup%2frollup-linux-loong64-musl cache-miss
2020 http fetch GET 200 https://registry.npmjs.org/@esbuild%2flinux-riscv64 241ms (cache revalidated)
2021 silly packumentCache full:https://registry.npmjs.org/@esbuild%2flinux-riscv64 set size:190569 disposed:false
2022 silly fetch manifest @rollup/rollup-linux-riscv64-gnu@4.59.0
2023 silly packumentCache full:https://registry.npmjs.org/@rollup%2frollup-linux-riscv64-gnu cache-miss
2024 http fetch GET 200 https://registry.npmjs.org/@esbuild%2flinux-mips64el 235ms (cache revalidated)
2025 silly packumentCache full:https://registry.npmjs.org/@esbuild%2flinux-mips64el set size:192558 disposed:false
2026 silly fetch manifest @rollup/rollup-linux-riscv64-musl@4.59.0
2027 silly packumentCache full:https://registry.npmjs.org/@rollup%2frollup-linux-riscv64-musl cache-miss
2028 http fetch GET 200 https://registry.npmjs.org/@rollup%2frollup-android-arm64 182ms (cache revalidated)
2029 silly packumentCache full:https://registry.npmjs.org/@rollup%2frollup-android-arm64 set size:328041 disposed:false
2030 silly fetch manifest @rollup/rollup-linux-ppc64-gnu@4.59.0
2031 silly packumentCache full:https://registry.npmjs.org/@rollup%2frollup-linux-ppc64-gnu cache-miss
2032 http fetch GET 200 https://registry.npmjs.org/@types%2festree 293ms (cache revalidated)
2033 silly packumentCache full:https://registry.npmjs.org/@types%2festree set size:74091 disposed:false
2034 silly fetch manifest @rollup/rollup-linux-ppc64-musl@4.59.0
2035 silly packumentCache full:https://registry.npmjs.org/@rollup%2frollup-linux-ppc64-musl cache-miss
2036 http fetch GET 200 https://registry.npmjs.org/@rollup%2frollup-win32-arm64-msvc 233ms (cache revalidated)
2037 silly packumentCache full:https://registry.npmjs.org/@rollup%2frollup-win32-arm64-msvc set size:331325 disposed:false
2038 silly fetch manifest @rollup/rollup-linux-s390x-gnu@4.59.0
2039 silly packumentCache full:https://registry.npmjs.org/@rollup%2frollup-linux-s390x-gnu cache-miss
2040 http fetch GET 200 https://registry.npmjs.org/@esbuild%2fwin32-arm64 428ms (cache revalidated)
2041 silly packumentCache full:https://registry.npmjs.org/@esbuild%2fwin32-arm64 set size:189169 disposed:false
2042 silly fetch manifest @rollup/rollup-darwin-x64@4.59.0
2043 silly packumentCache full:https://registry.npmjs.org/@rollup%2frollup-darwin-x64 cache-miss
2044 http fetch GET 200 https://registry.npmjs.org/@rollup%2frollup-freebsd-arm64 254ms (cache revalidated)
2045 silly packumentCache full:https://registry.npmjs.org/@rollup%2frollup-freebsd-arm64 set size:176248 disposed:false
2046 silly fetch manifest @rollup/rollup-win32-x64-gnu@4.59.0
2047 silly packumentCache full:https://registry.npmjs.org/@rollup%2frollup-win32-x64-gnu cache-miss
2048 http fetch GET 200 https://registry.npmjs.org/@rollup%2frollup-linux-arm64-musl 257ms (cache revalidated)
2049 silly packumentCache full:https://registry.npmjs.org/@rollup%2frollup-linux-arm64-musl set size:288863 disposed:false
2050 silly fetch manifest @rollup/rollup-win32-x64-msvc@4.59.0
2051 silly packumentCache full:https://registry.npmjs.org/@rollup%2frollup-win32-x64-msvc cache-miss
2052 http fetch GET 200 https://registry.npmjs.org/@rollup%2frollup-android-arm-eabi 262ms (cache revalidated)
2053 silly packumentCache full:https://registry.npmjs.org/@rollup%2frollup-android-arm-eabi set size:331331 disposed:false
2054 silly fetch manifest @rollup/rollup-freebsd-x64@4.59.0
2055 silly packumentCache full:https://registry.npmjs.org/@rollup%2frollup-freebsd-x64 cache-miss
2056 http fetch GET 200 https://registry.npmjs.org/@rollup%2frollup-linux-arm64-gnu 287ms (cache revalidated)
2057 silly packumentCache full:https://registry.npmjs.org/@rollup%2frollup-linux-arm64-gnu set size:333515 disposed:false
2058 silly fetch manifest @rollup/rollup-linux-x64-gnu@4.59.0
2059 silly packumentCache full:https://registry.npmjs.org/@rollup%2frollup-linux-x64-gnu cache-miss
2060 http fetch GET 200 https://registry.npmjs.org/@rollup%2frollup-linux-arm-gnueabihf 279ms (cache revalidated)
2061 silly packumentCache full:https://registry.npmjs.org/@rollup%2frollup-linux-arm-gnueabihf set size:336850 disposed:false
2062 silly fetch manifest @rollup/rollup-linux-x64-musl@4.59.0
2063 silly packumentCache full:https://registry.npmjs.org/@rollup%2frollup-linux-x64-musl cache-miss
2064 http fetch GET 200 https://registry.npmjs.org/@rollup%2frollup-linux-arm-musleabihf 295ms (cache revalidated)
2065 silly packumentCache full:https://registry.npmjs.org/@rollup%2frollup-linux-arm-musleabihf set size:230992 disposed:false
2066 silly fetch manifest @rollup/rollup-openbsd-x64@4.59.0
2067 silly packumentCache full:https://registry.npmjs.org/@rollup%2frollup-openbsd-x64 cache-miss
2068 http fetch GET 200 https://registry.npmjs.org/@rollup%2frollup-win32-ia32-msvc 290ms (cache revalidated)
2069 silly packumentCache full:https://registry.npmjs.org/@rollup%2frollup-win32-ia32-msvc set size:329889 disposed:false
2070 silly fetch manifest @rollup/rollup-openharmony-arm64@4.59.0
2071 silly packumentCache full:https://registry.npmjs.org/@rollup%2frollup-openharmony-arm64 cache-miss
2072 http fetch GET 200 https://registry.npmjs.org/@rollup%2frollup-linux-loong64-gnu 293ms (cache revalidated)
2073 silly packumentCache full:https://registry.npmjs.org/@rollup%2frollup-linux-loong64-gnu set size:57876 disposed:false
2074 http fetch GET 200 https://registry.npmjs.org/@rollup%2frollup-linux-riscv64-gnu 283ms (cache revalidated)
2075 silly packumentCache full:https://registry.npmjs.org/@rollup%2frollup-linux-riscv64-gnu set size:259562 disposed:false
2076 http fetch GET 200 https://registry.npmjs.org/@rollup%2frollup-linux-ppc64-gnu 277ms (cache revalidated)
2077 silly packumentCache full:https://registry.npmjs.org/@rollup%2frollup-linux-ppc64-gnu set size:78190 disposed:false
2078 http fetch GET 200 https://registry.npmjs.org/@rollup%2frollup-linux-riscv64-musl 290ms (cache revalidated)
2079 silly packumentCache full:https://registry.npmjs.org/@rollup%2frollup-linux-riscv64-musl set size:105510 disposed:false
2080 http fetch GET 200 https://registry.npmjs.org/@rollup%2frollup-linux-loong64-musl 321ms (cache revalidated)
2081 silly packumentCache full:https://registry.npmjs.org/@rollup%2frollup-linux-loong64-musl set size:19845 disposed:false
2082 http fetch GET 200 https://registry.npmjs.org/@rollup%2frollup-linux-ppc64-musl 213ms (cache revalidated)
2083 silly packumentCache full:https://registry.npmjs.org/@rollup%2frollup-linux-ppc64-musl set size:19680 disposed:false
2084 http fetch GET 200 https://registry.npmjs.org/@rollup%2frollup-linux-s390x-gnu 221ms (cache revalidated)
2085 silly packumentCache full:https://registry.npmjs.org/@rollup%2frollup-linux-s390x-gnu set size:233358 disposed:false
2086 http fetch GET 200 https://registry.npmjs.org/@rollup%2frollup-darwin-x64 219ms (cache revalidated)
2087 silly packumentCache full:https://registry.npmjs.org/@rollup%2frollup-darwin-x64 set size:321884 disposed:false
2088 http fetch GET 200 https://registry.npmjs.org/@rollup%2frollup-win32-x64-gnu 204ms (cache revalidated)
2089 silly packumentCache full:https://registry.npmjs.org/@rollup%2frollup-win32-x64-gnu set size:49709 disposed:false
2090 http fetch GET 200 https://registry.npmjs.org/@rollup%2frollup-win32-x64-msvc 191ms (cache revalidated)
2091 silly packumentCache full:https://registry.npmjs.org/@rollup%2frollup-win32-x64-msvc set size:326588 disposed:false
2092 http fetch GET 200 https://registry.npmjs.org/@rollup%2frollup-linux-x64-gnu 183ms (cache revalidated)
2093 silly packumentCache full:https://registry.npmjs.org/@rollup%2frollup-linux-x64-gnu set size:328744 disposed:false
2094 http fetch GET 200 https://registry.npmjs.org/@rollup%2frollup-openbsd-x64 149ms (cache revalidated)
2095 silly packumentCache full:https://registry.npmjs.org/@rollup%2frollup-openbsd-x64 set size:19171 disposed:false
2096 http fetch GET 200 https://registry.npmjs.org/@rollup%2frollup-openharmony-arm64 137ms (cache revalidated)
2097 silly packumentCache full:https://registry.npmjs.org/@rollup%2frollup-openharmony-arm64 set size:58833 disposed:false
2098 http fetch GET 200 https://registry.npmjs.org/@rollup%2frollup-linux-x64-musl 199ms (cache revalidated)
2099 silly packumentCache full:https://registry.npmjs.org/@rollup%2frollup-linux-x64-musl set size:328061 disposed:false
2100 http fetch GET 200 https://registry.npmjs.org/@rollup%2frollup-freebsd-x64 339ms (cache revalidated)
2101 silly packumentCache full:https://registry.npmjs.org/@rollup%2frollup-freebsd-x64 set size:174438 disposed:false
2102 silly placeDep ROOT @esbuild/aix-ppc64@0.25.12 OK for: esbuild@0.25.12 want: 0.25.12
2103 silly placeDep ROOT @esbuild/android-arm@0.25.12 OK for: esbuild@0.25.12 want: 0.25.12
2104 silly placeDep ROOT @esbuild/android-arm64@0.25.12 OK for: esbuild@0.25.12 want: 0.25.12
2105 silly placeDep ROOT @esbuild/android-x64@0.25.12 OK for: esbuild@0.25.12 want: 0.25.12
2106 silly placeDep ROOT @esbuild/darwin-arm64@0.25.12 OK for: esbuild@0.25.12 want: 0.25.12
2107 silly placeDep ROOT @esbuild/darwin-x64@0.25.12 OK for: esbuild@0.25.12 want: 0.25.12
2108 silly placeDep ROOT @esbuild/freebsd-arm64@0.25.12 OK for: esbuild@0.25.12 want: 0.25.12
2109 silly placeDep ROOT @esbuild/freebsd-x64@0.25.12 OK for: esbuild@0.25.12 want: 0.25.12
2110 silly placeDep ROOT @esbuild/linux-arm@0.25.12 OK for: esbuild@0.25.12 want: 0.25.12
2111 silly placeDep ROOT @esbuild/linux-arm64@0.25.12 OK for: esbuild@0.25.12 want: 0.25.12
2112 silly placeDep ROOT @esbuild/linux-ia32@0.25.12 OK for: esbuild@0.25.12 want: 0.25.12
2113 silly placeDep ROOT @esbuild/linux-loong64@0.25.12 OK for: esbuild@0.25.12 want: 0.25.12
2114 silly placeDep ROOT @esbuild/linux-mips64el@0.25.12 OK for: esbuild@0.25.12 want: 0.25.12
2115 silly placeDep ROOT @esbuild/linux-ppc64@0.25.12 OK for: esbuild@0.25.12 want: 0.25.12
2116 silly placeDep ROOT @esbuild/linux-riscv64@0.25.12 OK for: esbuild@0.25.12 want: 0.25.12
2117 silly placeDep ROOT @esbuild/linux-s390x@0.25.12 OK for: esbuild@0.25.12 want: 0.25.12
2118 silly placeDep ROOT @esbuild/linux-x64@0.25.12 OK for: esbuild@0.25.12 want: 0.25.12
2119 silly placeDep ROOT @esbuild/netbsd-arm64@0.25.12 OK for: esbuild@0.25.12 want: 0.25.12
2120 silly placeDep ROOT @esbuild/netbsd-x64@0.25.12 OK for: esbuild@0.25.12 want: 0.25.12
2121 silly placeDep ROOT @esbuild/openbsd-arm64@0.25.12 OK for: esbuild@0.25.12 want: 0.25.12
2122 silly placeDep ROOT @esbuild/openbsd-x64@0.25.12 OK for: esbuild@0.25.12 want: 0.25.12
2123 silly placeDep ROOT @esbuild/openharmony-arm64@0.25.12 OK for: esbuild@0.25.12 want: 0.25.12
2124 silly placeDep ROOT @esbuild/sunos-x64@0.25.12 OK for: esbuild@0.25.12 want: 0.25.12
2125 silly placeDep ROOT @esbuild/win32-arm64@0.25.12 OK for: esbuild@0.25.12 want: 0.25.12
2126 silly placeDep ROOT @esbuild/win32-ia32@0.25.12 OK for: esbuild@0.25.12 want: 0.25.12
2127 silly placeDep ROOT @esbuild/win32-x64@0.25.12 OK for: esbuild@0.25.12 want: 0.25.12
2128 silly placeDep ROOT nanoid@3.3.11 OK for: postcss@8.5.6 want: ^3.3.11
2129 silly placeDep ROOT source-map-js@1.2.1 OK for: postcss@8.5.6 want: ^1.2.1
2130 silly placeDep ROOT @rollup/rollup-android-arm-eabi@4.59.0 OK for: rollup@4.59.0 want: 4.59.0
2131 silly placeDep ROOT @rollup/rollup-android-arm64@4.59.0 OK for: rollup@4.59.0 want: 4.59.0
2132 silly placeDep ROOT @rollup/rollup-darwin-arm64@4.59.0 OK for: rollup@4.59.0 want: 4.59.0
2133 silly placeDep ROOT @rollup/rollup-darwin-x64@4.59.0 OK for: rollup@4.59.0 want: 4.59.0
2134 silly placeDep ROOT @rollup/rollup-freebsd-arm64@4.59.0 OK for: rollup@4.59.0 want: 4.59.0
2135 silly placeDep ROOT @rollup/rollup-freebsd-x64@4.59.0 OK for: rollup@4.59.0 want: 4.59.0
2136 silly placeDep ROOT @rollup/rollup-linux-arm-gnueabihf@4.59.0 OK for: rollup@4.59.0 want: 4.59.0
2137 silly placeDep ROOT @rollup/rollup-linux-arm-musleabihf@4.59.0 OK for: rollup@4.59.0 want: 4.59.0
2138 silly placeDep ROOT @rollup/rollup-linux-arm64-gnu@4.59.0 OK for: rollup@4.59.0 want: 4.59.0
2139 silly placeDep ROOT @rollup/rollup-linux-arm64-musl@4.59.0 OK for: rollup@4.59.0 want: 4.59.0
2140 silly placeDep ROOT @rollup/rollup-linux-loong64-gnu@4.59.0 OK for: rollup@4.59.0 want: 4.59.0
2141 silly placeDep ROOT @rollup/rollup-linux-loong64-musl@4.59.0 OK for: rollup@4.59.0 want: 4.59.0
2142 silly placeDep ROOT @rollup/rollup-linux-ppc64-gnu@4.59.0 OK for: rollup@4.59.0 want: 4.59.0
2143 silly placeDep ROOT @rollup/rollup-linux-ppc64-musl@4.59.0 OK for: rollup@4.59.0 want: 4.59.0
2144 silly placeDep ROOT @rollup/rollup-linux-riscv64-gnu@4.59.0 OK for: rollup@4.59.0 want: 4.59.0
2145 silly placeDep ROOT @rollup/rollup-linux-riscv64-musl@4.59.0 OK for: rollup@4.59.0 want: 4.59.0
2146 silly placeDep ROOT @rollup/rollup-linux-s390x-gnu@4.59.0 OK for: rollup@4.59.0 want: 4.59.0
2147 silly placeDep ROOT @rollup/rollup-linux-x64-gnu@4.59.0 OK for: rollup@4.59.0 want: 4.59.0
2148 silly placeDep ROOT @rollup/rollup-linux-x64-musl@4.59.0 OK for: rollup@4.59.0 want: 4.59.0
2149 silly placeDep ROOT @rollup/rollup-openbsd-x64@4.59.0 OK for: rollup@4.59.0 want: 4.59.0
2150 silly placeDep ROOT @rollup/rollup-openharmony-arm64@4.59.0 OK for: rollup@4.59.0 want: 4.59.0
2151 silly placeDep ROOT @rollup/rollup-win32-arm64-msvc@4.59.0 OK for: rollup@4.59.0 want: 4.59.0
2152 silly placeDep ROOT @rollup/rollup-win32-ia32-msvc@4.59.0 OK for: rollup@4.59.0 want: 4.59.0
2153 silly placeDep ROOT @rollup/rollup-win32-x64-gnu@4.59.0 OK for: rollup@4.59.0 want: 4.59.0
2154 silly placeDep ROOT @rollup/rollup-win32-x64-msvc@4.59.0 OK for: rollup@4.59.0 want: 4.59.0
2155 silly placeDep ROOT @types/estree@1.0.8 OK for: rollup@4.59.0 want: 1.0.8
2156 silly placeDep ROOT cac@6.7.14 OK for: vite-node@3.2.4 want: ^6.7.14
2157 silly placeDep node_modules/vite-node pathe@2.0.3 OK for: vite-node@3.2.4 want: ^2.0.3
2158 silly placeDep ROOT @vscode/l10n@0.0.18 OK for: vscode-json-languageservice@5.7.2 want: ^0.0.18
2159 silly placeDep ROOT vscode-languageserver-textdocument@1.0.12 OK for: vscode-json-languageservice@5.7.2 want: ^1.0.12
2160 silly placeDep ROOT vscode-languageserver-types@3.17.5 OK for: vscode-json-languageservice@5.7.2 want: ^3.17.5
2161 silly placeDep ROOT tr46@0.0.3 OK for: whatwg-url@5.0.0 want: ~0.0.3
2162 silly placeDep ROOT webidl-conversions@3.0.1 OK for: whatwg-url@5.0.0 want: ^3.0.0
2163 silly placeDep ROOT isexe@2.0.0 OK for: which@2.0.2 want: ^2.0.0
2164 silly placeDep ROOT regexparam@2.0.2 OK for: worktop@0.7.3 want: ^2.0.0
2165 silly reify moves {}
2166 silly audit bulk request {
2166 silly audit   '@shopify/dev-mcp': [ '1.6.0' ],
2166 silly audit   '@modelcontextprotocol/sdk': [ '1.27.1' ],
2166 silly audit   '@shopify/app-bridge-types': [ '0.5.3' ],
2166 silly audit   vite: [ '6.4.1' ],
2166 silly audit   '@shopify/polaris-types': [ '1.0.1' ],
2166 silly audit   '@shopify/theme-check-common': [ '3.23.0' ],
2166 silly audit   '@shopify/theme-check-docs-updater': [ '3.23.0' ],
2166 silly audit   '@shopify/theme-check-node': [ '3.23.0' ],
2166 silly audit   '@shopify/ui-extensions': [ '2025.11.0' ],
2166 silly audit   '@types/react': [ '19.2.14' ],
2166 silly audit   'env-paths': [ '3.0.0', '2.2.1' ],
2166 silly audit   execa: [ '8.0.1' ],
2166 silly audit   graphql: [ '16.13.0' ],
2166 silly audit   preact: [ '10.28.4' ],
2166 silly audit   'schema-dts': [ '1.1.5' ],
2166 silly audit   toml: [ '3.0.0' ],
2166 silly audit   'type-fest': [ '4.41.0' ],
2166 silly audit   typescript: [ '5.9.3' ],
2166 silly audit   zod: [ '3.25.76' ],
2166 silly audit   '@hono/node-server': [ '1.19.9' ],
2166 silly audit   hono: [ '4.12.3' ],
2166 silly audit   ajv: [ '8.18.0' ],
2166 silly audit   'ajv-formats': [ '3.0.1' ],
2166 silly audit   'content-type': [ '1.0.5' ],
2166 silly audit   cors: [ '2.8.6' ],
2166 silly audit   'cross-spawn': [ '7.0.6' ],
2166 silly audit   eventsource: [ '3.0.7' ],
2166 silly audit   'eventsource-parser': [ '3.0.6' ],
2166 silly audit   express: [ '5.2.1' ],
2166 silly audit   'express-rate-limit': [ '8.2.1' ],
2166 silly audit   jose: [ '6.1.3' ],
2166 silly audit   'json-schema-typed': [ '8.0.2' ],
2166 silly audit   'pkce-challenge': [ '5.0.1' ],
2166 silly audit   'raw-body': [ '3.0.2' ],
2166 silly audit   'zod-to-json-schema': [ '3.25.1' ],
2166 silly audit   isbot: [ '5.1.35' ],
2166 silly audit   lodash: [ '4.17.23' ],
2166 silly audit   tinyglobby: [ '0.2.15' ],
2166 silly audit   debug: [ '4.4.3' ],
2166 silly audit   '@standard-schema/spec': [ '1.1.0' ],
2166 silly audit   react: [ '18.3.1' ],
2166 silly audit   '@shopify/hydrogen': [ '2025.10.1' ],
2166 silly audit   '@react-router/dev': [ '7.12.0' ],
2166 silly audit   '@shopify/hydrogen-react': [ '2025.10.0' ],
2166 silly audit   '@babel/core': [ '7.29.0' ],
2166 silly audit   '@babel/generator': [ '7.29.1' ],
2166 silly audit   '@babel/parser': [ '7.29.0' ],
2166 silly audit   '@babel/plugin-syntax-jsx': [ '7.28.6' ],
2166 silly audit   '@babel/preset-typescript': [ '7.28.5' ],
2166 silly audit   '@babel/traverse': [ '7.29.0' ],
2166 silly audit   '@babel/types': [ '7.29.0' ],
2166 silly audit   '@react-router/node': [ '7.12.0' ],
2166 silly audit   'react-router': [ '7.12.0' ],
2166 silly audit   '@remix-run/node-fetch-server': [ '0.9.0' ],
2166 silly audit   arg: [ '5.0.2' ],
2166 silly audit   'babel-dead-code-elimination': [ '1.0.12' ],
2166 silly audit   chokidar: [ '4.0.3' ],
2166 silly audit   dedent: [ '1.7.2' ],
2166 silly audit   'es-module-lexer': [ '1.7.0' ],
2166 silly audit   'exit-hook': [ '2.2.1' ],
2166 silly audit   jsesc: [ '3.0.2' ],
2166 silly audit   'p-map': [ '7.0.4' ],
2166 silly audit   pathe: [ '1.1.2', '2.0.3' ],
2166 silly audit   picocolors: [ '1.1.1' ],
2166 silly audit   'pkg-types': [ '2.3.0' ],
2166 silly audit   prettier: [ '3.8.1' ],
2166 silly audit   'react-refresh': [ '0.14.2' ],
2166 silly audit   semver: [ '7.7.4', '6.3.1' ],
2166 silly audit   valibot: [ '1.2.0' ],
2166 silly audit   'vite-node': [ '3.2.4' ],
2166 silly audit   '@babel/code-frame': [ '7.29.0' ],
2166 silly audit   '@babel/helper-compilation-targets': [ '7.28.6' ],
2166 silly audit   '@babel/helper-module-transforms': [ '7.28.6' ],
2166 silly audit   '@babel/helpers': [ '7.28.6' ],
2166 silly audit   '@babel/template': [ '7.28.6' ],
2166 silly audit   '@jridgewell/remapping': [ '2.3.5' ],
2166 silly audit   'convert-source-map': [ '2.0.0' ],
2166 silly audit   gensync: [ '1.0.0-beta.2' ],
2166 silly audit   json5: [ '2.2.3' ],
2166 silly audit   '@babel/helper-validator-identifier': [ '7.28.5' ],
2166 silly audit   'js-tokens': [ '4.0.0' ],
2166 silly audit   '@jridgewell/gen-mapping': [ '0.3.13' ],
2166 silly audit   '@jridgewell/trace-mapping': [ '0.3.31' ],
2166 silly audit   '@babel/compat-data': [ '7.29.0' ],
2166 silly audit   '@babel/helper-validator-option': [ '7.27.1' ],
2166 silly audit   browserslist: [ '4.28.1' ],
2166 silly audit   'lru-cache': [ '5.1.1' ],
2166 silly audit   '@babel/helper-module-imports': [ '7.28.6' ],
2166 silly audit   '@babel/helper-plugin-utils': [ '7.28.6' ],
2166 silly audit   '@babel/plugin-transform-modules-commonjs': [ '7.28.6' ],
2166 silly audit   '@babel/plugin-transform-typescript': [ '7.28.6' ],
2166 silly audit   '@babel/helper-annotate-as-pure': [ '7.27.3' ],
2166 silly audit   '@babel/helper-create-class-features-plugin': [ '7.28.6' ],
2166 silly audit   '@babel/helper-skip-transparent-expression-wrappers': [ '7.27.1' ],
2166 silly audit   '@babel/plugin-syntax-typescript': [ '7.28.6' ],
2166 silly audit   '@babel/helper-member-expression-to-functions': [ '7.28.5' ],
2166 silly audit   '@babel/helper-optimise-call-expression': [ '7.27.1' ],
2166 silly audit   '@babel/helper-replace-supers': [ '7.28.6' ],
2166 silly audit   '@babel/helper-globals': [ '7.28.0' ],
2166 silly audit   '@babel/helper-string-parser': [ '7.27.1' ],
2166 silly audit   '@jridgewell/sourcemap-codec': [ '1.5.5' ],
2166 silly audit   '@jridgewell/resolve-uri': [ '3.1.2' ],
2166 silly audit   '@mjackson/node-fetch-server': [ '0.2.0' ],
2166 silly audit   '@shopify/graphql-client': [ '1.4.1' ],
2166 silly audit   'content-security-policy-builder': [ '2.3.0' ],
2166 silly audit   'flame-chart-js': [ '2.3.1' ],
2166 silly audit   'source-map-support': [ '0.5.21' ],
2166 silly audit   'use-resize-observer': [ '9.1.0' ],
2166 silly audit   'react-dom': [ '18.3.1' ],
2166 silly audit   worktop: [ '0.7.3' ],
2166 silly audit   '@google/model-viewer': [ '4.1.0' ],
2166 silly audit   three: [ '0.172.0' ],
2166 silly audit   '@xstate/fsm': [ '2.0.0' ],
2166 silly audit   '@xstate/react': [ '3.2.1' ],
2166 silly audit   'use-isomorphic-layout-effect': [ '1.2.1' ],
2166 silly audit   'use-sync-external-store': [ '1.6.0' ],
2166 silly audit   '@monogrid/gainmap-js': [ '3.4.0' ],
2166 silly audit   lit: [ '3.3.2' ],
2166 silly audit   'promise-worker-transferable': [ '1.0.4' ],
2166 silly audit   '@shopify/liquid-html-parser': [ '2.9.0' ],
2166 silly audit   'cross-fetch': [ '4.1.0' ],
2166 silly audit   'jsonc-parser': [ '3.3.1' ],
2166 silly audit   'line-column': [ '1.0.2' ],
2166 silly audit   minimatch: [ '9.0.9', '5.1.9' ],
2166 silly audit   'vscode-json-languageservice': [ '5.7.2' ],
2166 silly audit   'vscode-uri': [ '3.1.0' ],
2166 silly audit   'ohm-js': [ '17.5.0' ],
2166 silly audit   'node-fetch': [ '2.7.0' ],
2166 silly audit   glob: [ '8.1.0' ],
2166 silly audit   yaml: [ '2.8.2' ],
2166 silly audit   'ts-morph': [ '25.0.1' ],
2166 silly audit   csstype: [ '3.2.3' ],
2166 silly audit   'fast-deep-equal': [ '3.1.3' ],
2166 silly audit   'fast-uri': [ '3.1.0' ],
2166 silly audit   'json-schema-traverse': [ '1.0.0' ],
2166 silly audit   'require-from-string': [ '2.0.2' ],
2166 silly audit   'baseline-browser-mapping': [ '2.10.0' ],
2166 silly audit   'caniuse-lite': [ '1.0.30001775' ],
2166 silly audit   'electron-to-chromium': [ '1.5.302' ],
2166 silly audit   'node-releases': [ '2.0.27' ],
2166 silly audit   'update-browserslist-db': [ '1.2.3' ],
2166 silly audit   readdirp: [ '4.1.2' ],
2166 silly audit   'object-assign': [ '4.1.1' ],
2166 silly audit   vary: [ '1.1.2' ],
2166 silly audit   'path-key': [ '3.1.1', '4.0.0' ],
2166 silly audit   'shebang-command': [ '2.0.0' ],
2166 silly audit   which: [ '2.0.2' ],
2166 silly audit   ms: [ '2.1.3' ],
2166 silly audit   'get-stream': [ '8.0.1' ],
2166 silly audit   'human-signals': [ '5.0.0' ],
2166 silly audit   'is-stream': [ '3.0.0' ],
2166 silly audit   'merge-stream': [ '2.0.0' ],
2166 silly audit   'npm-run-path': [ '5.3.0' ],
2166 silly audit   onetime: [ '6.0.0' ],
2166 silly audit   'signal-exit': [ '4.1.0' ],
2166 silly audit   'strip-final-newline': [ '3.0.0' ],
2166 silly audit   accepts: [ '2.0.0' ],
2166 silly audit   'body-parser': [ '2.2.2' ],
2166 silly audit   'content-disposition': [ '1.0.1' ],
2166 silly audit   cookie: [ '0.7.2', '1.1.1' ],
2166 silly audit   'cookie-signature': [ '1.2.2' ],
2166 silly audit   depd: [ '2.0.0' ],
2166 silly audit   encodeurl: [ '2.0.0' ],
2166 silly audit   'escape-html': [ '1.0.3' ],
2166 silly audit   etag: [ '1.8.1' ],
2166 silly audit   finalhandler: [ '2.1.1' ],
2166 silly audit   fresh: [ '2.0.0' ],
2166 silly audit   'http-errors': [ '2.0.1' ],
2166 silly audit   'merge-descriptors': [ '2.0.0' ],
2166 silly audit   'mime-types': [ '3.0.2' ],
2166 silly audit   'on-finished': [ '2.4.1' ],
2166 silly audit   once: [ '1.4.0' ],
2166 silly audit   parseurl: [ '1.3.3' ],
2166 silly audit   'proxy-addr': [ '2.0.7' ],
2166 silly audit   qs: [ '6.15.0' ],
2166 silly audit   'range-parser': [ '1.2.1' ],
2166 silly audit   router: [ '2.2.0' ],
2166 silly audit   send: [ '1.2.1' ],
2166 silly audit   'serve-static': [ '2.2.1' ],
2166 silly audit   statuses: [ '2.0.2' ],
2166 silly audit   'type-is': [ '2.0.1' ],
2166 silly audit   negotiator: [ '1.0.0' ],
2166 silly audit   bytes: [ '3.1.2' ],
2166 silly audit   'iconv-lite': [ '0.7.2' ],
2166 silly audit   'ip-address': [ '10.0.1' ],
2166 silly audit   color: [ '3.2.1' ],
2166 silly audit   events: [ '3.3.0' ],
2166 silly audit   'color-convert': [ '1.9.3' ],
2166 silly audit   'color-string': [ '1.9.1' ],
2166 silly audit   'color-name': [ '1.1.3' ],
2166 silly audit   'simple-swizzle': [ '0.2.4' ],
2166 silly audit   'fs.realpath': [ '1.0.0' ],
2166 silly audit   inflight: [ '1.0.6' ],
2166 silly audit   inherits: [ '2.0.4' ],
2166 silly audit   setprototypeof: [ '1.2.0' ],
2166 silly audit   toidentifier: [ '1.0.1' ],
2166 silly audit   'safer-buffer': [ '2.1.2' ],
2166 silly audit   wrappy: [ '1.0.2' ],
2166 silly audit   isarray: [ '1.0.0' ],
2166 silly audit   isobject: [ '2.1.0' ],
2166 silly audit   '@lit/reactive-element': [ '2.1.2' ],
2166 silly audit   'lit-element': [ '4.2.2' ],
2166 silly audit   'lit-html': [ '3.3.2' ],
2166 silly audit   '@lit-labs/ssr-dom-shim': [ '1.5.1' ],
2166 silly audit   '@types/trusted-types': [ '2.0.7' ],
2166 silly audit   yallist: [ '3.1.1' ],
2166 silly audit   'mime-db': [ '1.54.0' ],
2166 silly audit   'brace-expansion': [ '2.0.2' ],
2166 silly audit   'balanced-match': [ '1.0.2' ],
2166 silly audit   'whatwg-url': [ '5.0.0' ],
2166 silly audit   'ee-first': [ '1.1.1' ],
2166 silly audit   'mimic-fn': [ '4.0.0' ],
2166 silly audit   confbox: [ '0.2.4' ],
2166 silly audit   exsolve: [ '1.0.8' ],
2166 silly audit   'is-promise': [ '2.2.2', '4.0.0' ],
2166 silly audit   lie: [ '3.3.0' ],
2166 silly audit   immediate: [ '3.0.6' ],
2166 silly audit   forwarded: [ '0.2.0' ],
2166 silly audit   'ipaddr.js': [ '1.9.1' ],
2166 silly audit   'side-channel': [ '1.1.0' ],
2166 silly audit   unpipe: [ '1.0.0' ],
2166 silly audit   'loose-envify': [ '1.4.0' ],
2166 silly audit   scheduler: [ '0.23.2' ],
2166 silly audit   'set-cookie-parser': [ '2.7.2' ],
2166 silly audit   'path-to-regexp': [ '8.3.0' ],
2166 silly audit   'shebang-regex': [ '3.0.0' ],
2166 silly audit   'es-errors': [ '1.3.0' ],
2166 silly audit   'object-inspect': [ '1.13.4' ],
2166 silly audit   'side-channel-list': [ '1.0.0' ],
2166 silly audit   'side-channel-map': [ '1.0.1' ],
2166 silly audit   'side-channel-weakmap': [ '1.0.2' ],
2166 silly audit   'call-bound': [ '1.0.4' ],
2166 silly audit   'get-intrinsic': [ '1.3.0' ],
2166 silly audit   'call-bind-apply-helpers': [ '1.0.2' ],
2166 silly audit   'function-bind': [ '1.1.2' ],
2166 silly audit   'es-define-property': [ '1.0.1' ],
2166 silly audit   'es-object-atoms': [ '1.1.1' ],
2166 silly audit   'get-proto': [ '1.0.1' ],
2166 silly audit   gopd: [ '1.2.0' ],
2166 silly audit   'has-symbols': [ '1.1.0' ],
2166 silly audit   hasown: [ '2.0.2' ],
2166 silly audit   'math-intrinsics': [ '1.1.0' ],
2166 silly audit   'dunder-proto': [ '1.0.1' ],
2166 silly audit   'is-arrayish': [ '0.3.4' ],
2166 silly audit   'buffer-from': [ '1.1.2' ],
2166 silly audit   'source-map': [ '0.6.1' ],
2166 silly audit   fdir: [ '6.5.0' ],
2166 silly audit   picomatch: [ '4.0.3', '2.3.1' ],
2166 silly audit   '@ts-morph/common': [ '0.26.1' ],
2166 silly audit   'code-block-writer': [ '13.0.3' ],
2166 silly audit   'fast-glob': [ '3.3.3' ],
2166 silly audit   'path-browserify': [ '1.0.1' ],
2166 silly audit   '@nodelib/fs.stat': [ '2.0.5' ],
2166 silly audit   '@nodelib/fs.walk': [ '1.2.8' ],
2166 silly audit   'glob-parent': [ '5.1.2' ],
2166 silly audit   merge2: [ '1.4.1' ],
2166 silly audit   micromatch: [ '4.0.8' ],
2166 silly audit   '@nodelib/fs.scandir': [ '2.1.5' ],
2166 silly audit   fastq: [ '1.20.1' ],
2166 silly audit   'run-parallel': [ '1.2.0' ],
2166 silly audit   reusify: [ '1.1.0' ],
2166 silly audit   'is-glob': [ '4.0.3' ],
2166 silly audit   'is-extglob': [ '2.1.1' ],
2166 silly audit   braces: [ '3.0.3' ],
2166 silly audit   'fill-range': [ '7.1.1' ],
2166 silly audit   'to-regex-range': [ '5.0.1' ],
2166 silly audit   'queue-microtask': [ '1.2.3' ],
2166 silly audit   'is-number': [ '7.0.0' ],
2166 silly audit   'media-typer': [ '1.1.0' ],
2166 silly audit   escalade: [ '3.2.0' ],
2166 silly audit   '@juggle/resize-observer': [ '3.4.0' ],
2166 silly audit   esbuild: [ '0.25.12' ],
2166 silly audit   fsevents: [ '2.3.3' ],
2166 silly audit   postcss: [ '8.5.6' ],
2166 silly audit   rollup: [ '4.59.0' ],
2166 silly audit   '@esbuild/aix-ppc64': [ '0.25.12' ],
2166 silly audit   '@esbuild/android-arm': [ '0.25.12' ],
2166 silly audit   '@esbuild/android-arm64': [ '0.25.12' ],
2166 silly audit   '@esbuild/android-x64': [ '0.25.12' ],
2166 silly audit   '@esbuild/darwin-arm64': [ '0.25.12' ],
2166 silly audit   '@esbuild/darwin-x64': [ '0.25.12' ],
2166 silly audit   '@esbuild/freebsd-arm64': [ '0.25.12' ],
2166 silly audit   '@esbuild/freebsd-x64': [ '0.25.12' ],
2166 silly audit   '@esbuild/linux-arm': [ '0.25.12' ],
2166 silly audit   '@esbuild/linux-arm64': [ '0.25.12' ],
2166 silly audit   '@esbuild/linux-ia32': [ '0.25.12' ],
2166 silly audit   '@esbuild/linux-loong64': [ '0.25.12' ],
2166 silly audit   '@esbuild/linux-mips64el': [ '0.25.12' ],
2166 silly audit   '@esbuild/linux-ppc64': [ '0.25.12' ],
2166 silly audit   '@esbuild/linux-riscv64': [ '0.25.12' ],
2166 silly audit   '@esbuild/linux-s390x': [ '0.25.12' ],
2166 silly audit   '@esbuild/linux-x64': [ '0.25.12' ],
2166 silly audit   '@esbuild/netbsd-arm64': [ '0.25.12' ],
2166 silly audit   '@esbuild/netbsd-x64': [ '0.25.12' ],
2166 silly audit   '@esbuild/openbsd-arm64': [ '0.25.12' ],
2166 silly audit   '@esbuild/openbsd-x64': [ '0.25.12' ],
2166 silly audit   '@esbuild/openharmony-arm64': [ '0.25.12' ],
2166 silly audit   '@esbuild/sunos-x64': [ '0.25.12' ],
2166 silly audit   '@esbuild/win32-arm64': [ '0.25.12' ],
2166 silly audit   '@esbuild/win32-ia32': [ '0.25.12' ],
2166 silly audit   '@esbuild/win32-x64': [ '0.25.12' ],
2166 silly audit   nanoid: [ '3.3.11' ],
2166 silly audit   'source-map-js': [ '1.2.1' ],
2166 silly audit   '@rollup/rollup-android-arm-eabi': [ '4.59.0' ],
2166 silly audit   '@rollup/rollup-android-arm64': [ '4.59.0' ],
2166 silly audit   '@rollup/rollup-darwin-arm64': [ '4.59.0' ],
2166 silly audit   '@rollup/rollup-darwin-x64': [ '4.59.0' ],
2166 silly audit   '@rollup/rollup-freebsd-arm64': [ '4.59.0' ],
2166 silly audit   '@rollup/rollup-freebsd-x64': [ '4.59.0' ],
2166 silly audit   '@rollup/rollup-linux-arm-gnueabihf': [ '4.59.0' ],
2166 silly audit   '@rollup/rollup-linux-arm-musleabihf': [ '4.59.0' ],
2166 silly audit   '@rollup/rollup-linux-arm64-gnu': [ '4.59.0' ],
2166 silly audit   '@rollup/rollup-linux-arm64-musl': [ '4.59.0' ],
2166 silly audit   '@rollup/rollup-linux-loong64-gnu': [ '4.59.0' ],
2166 silly audit   '@rollup/rollup-linux-loong64-musl': [ '4.59.0' ],
2166 silly audit   '@rollup/rollup-linux-ppc64-gnu': [ '4.59.0' ],
2166 silly audit   '@rollup/rollup-linux-ppc64-musl': [ '4.59.0' ],
2166 silly audit   '@rollup/rollup-linux-riscv64-gnu': [ '4.59.0' ],
2166 silly audit   '@rollup/rollup-linux-riscv64-musl': [ '4.59.0' ],
2166 silly audit   '@rollup/rollup-linux-s390x-gnu': [ '4.59.0' ],
2166 silly audit   '@rollup/rollup-linux-x64-gnu': [ '4.59.0' ],
2166 silly audit   '@rollup/rollup-linux-x64-musl': [ '4.59.0' ],
2166 silly audit   '@rollup/rollup-openbsd-x64': [ '4.59.0' ],
2166 silly audit   '@rollup/rollup-openharmony-arm64': [ '4.59.0' ],
2166 silly audit   '@rollup/rollup-win32-arm64-msvc': [ '4.59.0' ],
2166 silly audit   '@rollup/rollup-win32-ia32-msvc': [ '4.59.0' ],
2166 silly audit   '@rollup/rollup-win32-x64-gnu': [ '4.59.0' ],
2166 silly audit   '@rollup/rollup-win32-x64-msvc': [ '4.59.0' ],
2166 silly audit   '@types/estree': [ '1.0.8' ],
2166 silly audit   cac: [ '6.7.14' ],
2166 silly audit   '@vscode/l10n': [ '0.0.18' ],
2166 silly audit   'vscode-languageserver-textdocument': [ '1.0.12' ],
2166 silly audit   'vscode-languageserver-types': [ '3.17.5' ],
2166 silly audit   tr46: [ '0.0.3' ],
2166 silly audit   'webidl-conversions': [ '3.0.1' ],
2166 silly audit   isexe: [ '2.0.0' ],
2166 silly audit   regexparam: [ '2.0.2' ]
2166 silly audit }
2167 http cache regexparam@https://registry.npmjs.org/regexparam/-/regexparam-2.0.2.tgz 0ms (cache hit)
2168 http cache isexe@https://registry.npmjs.org/isexe/-/isexe-2.0.0.tgz 0ms (cache hit)
2169 http cache @vscode/l10n@https://registry.npmjs.org/@vscode/l10n/-/l10n-0.0.18.tgz 0ms (cache hit)
2170 http cache webidl-conversions@https://registry.npmjs.org/webidl-conversions/-/webidl-conversions-3.0.1.tgz 0ms (cache hit)
2171 http cache @types/estree@https://registry.npmjs.org/@types/estree/-/estree-1.0.8.tgz 0ms (cache hit)
2172 http cache tr46@https://registry.npmjs.org/tr46/-/tr46-0.0.3.tgz 0ms (cache hit)
2173 http cache @rollup/rollup-win32-x64-msvc@https://registry.npmjs.org/@rollup/rollup-win32-x64-msvc/-/rollup-win32-x64-msvc-4.59.0.tgz 1ms (cache hit)
2174 http cache vscode-languageserver-types@https://registry.npmjs.org/vscode-languageserver-types/-/vscode-languageserver-types-3.17.5.tgz 0ms (cache hit)
2175 http cache @esbuild/win32-x64@https://registry.npmjs.org/@esbuild/win32-x64/-/win32-x64-0.25.12.tgz 0ms (cache hit)
2176 http cache vscode-languageserver-textdocument@https://registry.npmjs.org/vscode-languageserver-textdocument/-/vscode-languageserver-textdocument-1.0.12.tgz 1ms (cache hit)
2177 http cache cac@https://registry.npmjs.org/cac/-/cac-6.7.14.tgz 0ms (cache hit)
2178 http cache @rollup/rollup-win32-x64-gnu@https://registry.npmjs.org/@rollup/rollup-win32-x64-gnu/-/rollup-win32-x64-gnu-4.59.0.tgz 0ms (cache hit)
2179 http cache source-map-js@https://registry.npmjs.org/source-map-js/-/source-map-js-1.2.1.tgz 0ms (cache hit)
2180 http cache rollup@https://registry.npmjs.org/rollup/-/rollup-4.59.0.tgz 0ms (cache hit)
2181 http cache nanoid@https://registry.npmjs.org/nanoid/-/nanoid-3.3.11.tgz 0ms (cache hit)
2182 http cache postcss@https://registry.npmjs.org/postcss/-/postcss-8.5.6.tgz 0ms (cache hit)
2183 http cache @juggle/resize-observer@https://registry.npmjs.org/@juggle/resize-observer/-/resize-observer-3.4.0.tgz 0ms (cache hit)
2184 http cache esbuild@https://registry.npmjs.org/esbuild/-/esbuild-0.25.12.tgz 0ms (cache hit)
2185 http cache media-typer@https://registry.npmjs.org/media-typer/-/media-typer-1.1.0.tgz 0ms (cache hit)
2186 http cache escalade@https://registry.npmjs.org/escalade/-/escalade-3.2.0.tgz 0ms (cache hit)
2187 http cache queue-microtask@https://registry.npmjs.org/queue-microtask/-/queue-microtask-1.2.3.tgz 1ms (cache hit)
2188 http cache fill-range@https://registry.npmjs.org/fill-range/-/fill-range-7.1.1.tgz 1ms (cache hit)
2189 http cache to-regex-range@https://registry.npmjs.org/to-regex-range/-/to-regex-range-5.0.1.tgz 0ms (cache hit)
2190 http cache braces@https://registry.npmjs.org/braces/-/braces-3.0.3.tgz 0ms (cache hit)
2191 http cache reusify@https://registry.npmjs.org/reusify/-/reusify-1.1.0.tgz 0ms (cache hit)
2192 http cache run-parallel@https://registry.npmjs.org/run-parallel/-/run-parallel-1.2.0.tgz 0ms (cache hit)
2193 http cache is-number@https://registry.npmjs.org/is-number/-/is-number-7.0.0.tgz 0ms (cache hit)
2194 http cache is-extglob@https://registry.npmjs.org/is-extglob/-/is-extglob-2.1.1.tgz 0ms (cache hit)
2195 http cache @nodelib/fs.scandir@https://registry.npmjs.org/@nodelib/fs.scandir/-/fs.scandir-2.1.5.tgz 0ms (cache hit)
2196 http cache @nodelib/fs.stat@https://registry.npmjs.org/@nodelib/fs.stat/-/fs.stat-2.0.5.tgz 0ms (cache hit)
2197 http cache @nodelib/fs.walk@https://registry.npmjs.org/@nodelib/fs.walk/-/fs.walk-1.2.8.tgz 0ms (cache hit)
2198 http cache micromatch@https://registry.npmjs.org/micromatch/-/micromatch-4.0.8.tgz 0ms (cache hit)
2199 http cache is-glob@https://registry.npmjs.org/is-glob/-/is-glob-4.0.3.tgz 0ms (cache hit)
2200 http cache fast-glob@https://registry.npmjs.org/fast-glob/-/fast-glob-3.3.3.tgz 0ms (cache hit)
2201 http cache merge2@https://registry.npmjs.org/merge2/-/merge2-1.4.1.tgz 0ms (cache hit)
2202 http cache path-browserify@https://registry.npmjs.org/path-browserify/-/path-browserify-1.0.1.tgz 0ms (cache hit)
2203 http cache @ts-morph/common@https://registry.npmjs.org/@ts-morph/common/-/common-0.26.1.tgz 0ms (cache hit)
2204 http cache picomatch@https://registry.npmjs.org/picomatch/-/picomatch-4.0.3.tgz 0ms (cache hit)
2205 http cache code-block-writer@https://registry.npmjs.org/code-block-writer/-/code-block-writer-13.0.3.tgz 0ms (cache hit)
2206 http cache source-map@https://registry.npmjs.org/source-map/-/source-map-0.6.1.tgz 0ms (cache hit)
2207 http cache is-arrayish@https://registry.npmjs.org/is-arrayish/-/is-arrayish-0.3.4.tgz 0ms (cache hit)
2208 http cache buffer-from@https://registry.npmjs.org/buffer-from/-/buffer-from-1.1.2.tgz 0ms (cache hit)
2209 http cache dunder-proto@https://registry.npmjs.org/dunder-proto/-/dunder-proto-1.0.1.tgz 0ms (cache hit)
2210 http cache math-intrinsics@https://registry.npmjs.org/math-intrinsics/-/math-intrinsics-1.1.0.tgz 0ms (cache hit)
2211 http cache fdir@https://registry.npmjs.org/fdir/-/fdir-6.5.0.tgz 0ms (cache hit)
2212 http cache hasown@https://registry.npmjs.org/hasown/-/hasown-2.0.2.tgz 0ms (cache hit)
2213 http cache get-proto@https://registry.npmjs.org/get-proto/-/get-proto-1.0.1.tgz 0ms (cache hit)
2214 http cache has-symbols@https://registry.npmjs.org/has-symbols/-/has-symbols-1.1.0.tgz 0ms (cache hit)
2215 http cache es-define-property@https://registry.npmjs.org/es-define-property/-/es-define-property-1.0.1.tgz 0ms (cache hit)
2216 http cache gopd@https://registry.npmjs.org/gopd/-/gopd-1.2.0.tgz 0ms (cache hit)
2217 http cache call-bind-apply-helpers@https://registry.npmjs.org/call-bind-apply-helpers/-/call-bind-apply-helpers-1.0.2.tgz 0ms (cache hit)
2218 http cache get-intrinsic@https://registry.npmjs.org/get-intrinsic/-/get-intrinsic-1.3.0.tgz 0ms (cache hit)
2219 http cache side-channel-weakmap@https://registry.npmjs.org/side-channel-weakmap/-/side-channel-weakmap-1.0.2.tgz 0ms (cache hit)
2220 http cache fastq@https://registry.npmjs.org/fastq/-/fastq-1.20.1.tgz 0ms (cache hit)
2221 http cache side-channel-map@https://registry.npmjs.org/side-channel-map/-/side-channel-map-1.0.1.tgz 0ms (cache hit)
2222 http cache es-object-atoms@https://registry.npmjs.org/es-object-atoms/-/es-object-atoms-1.1.1.tgz 0ms (cache hit)
2223 http cache function-bind@https://registry.npmjs.org/function-bind/-/function-bind-1.1.2.tgz 0ms (cache hit)
2224 http cache es-errors@https://registry.npmjs.org/es-errors/-/es-errors-1.3.0.tgz 0ms (cache hit)
2225 http cache call-bound@https://registry.npmjs.org/call-bound/-/call-bound-1.0.4.tgz 0ms (cache hit)
2226 http cache object-inspect@https://registry.npmjs.org/object-inspect/-/object-inspect-1.13.4.tgz 0ms (cache hit)
2227 http cache path-to-regexp@https://registry.npmjs.org/path-to-regexp/-/path-to-regexp-8.3.0.tgz 0ms (cache hit)
2228 http cache scheduler@https://registry.npmjs.org/scheduler/-/scheduler-0.23.2.tgz 0ms (cache hit)
2229 http cache set-cookie-parser@https://registry.npmjs.org/set-cookie-parser/-/set-cookie-parser-2.7.2.tgz 0ms (cache hit)
2230 http cache unpipe@https://registry.npmjs.org/unpipe/-/unpipe-1.0.0.tgz 0ms (cache hit)
2231 http cache shebang-regex@https://registry.npmjs.org/shebang-regex/-/shebang-regex-3.0.0.tgz 0ms (cache hit)
2232 http cache side-channel@https://registry.npmjs.org/side-channel/-/side-channel-1.1.0.tgz 0ms (cache hit)
2233 http cache loose-envify@https://registry.npmjs.org/loose-envify/-/loose-envify-1.4.0.tgz 0ms (cache hit)
2234 http cache side-channel-list@https://registry.npmjs.org/side-channel-list/-/side-channel-list-1.0.0.tgz 0ms (cache hit)
2235 http cache immediate@https://registry.npmjs.org/immediate/-/immediate-3.0.6.tgz 0ms (cache hit)
2236 http cache ipaddr.js@https://registry.npmjs.org/ipaddr.js/-/ipaddr.js-1.9.1.tgz 0ms (cache hit)
2237 http cache lie@https://registry.npmjs.org/lie/-/lie-3.3.0.tgz 0ms (cache hit)
2238 http cache is-promise@https://registry.npmjs.org/is-promise/-/is-promise-2.2.2.tgz 0ms (cache hit)
2239 http cache forwarded@https://registry.npmjs.org/forwarded/-/forwarded-0.2.0.tgz 0ms (cache hit)
2240 http cache confbox@https://registry.npmjs.org/confbox/-/confbox-0.2.4.tgz 0ms (cache hit)
2241 http cache exsolve@https://registry.npmjs.org/exsolve/-/exsolve-1.0.8.tgz 0ms (cache hit)
2242 http cache mimic-fn@https://registry.npmjs.org/mimic-fn/-/mimic-fn-4.0.0.tgz 0ms (cache hit)
2243 http cache whatwg-url@https://registry.npmjs.org/whatwg-url/-/whatwg-url-5.0.0.tgz 0ms (cache hit)
2244 http cache balanced-match@https://registry.npmjs.org/balanced-match/-/balanced-match-1.0.2.tgz 0ms (cache hit)
2245 http cache ee-first@https://registry.npmjs.org/ee-first/-/ee-first-1.1.1.tgz 0ms (cache hit)
2246 http cache brace-expansion@https://registry.npmjs.org/brace-expansion/-/brace-expansion-2.0.2.tgz 0ms (cache hit)
2247 http cache @lit-labs/ssr-dom-shim@https://registry.npmjs.org/@lit-labs/ssr-dom-shim/-/ssr-dom-shim-1.5.1.tgz 0ms (cache hit)
2248 http cache glob-parent@https://registry.npmjs.org/glob-parent/-/glob-parent-5.1.2.tgz 0ms (cache hit)
2249 http cache mime-db@https://registry.npmjs.org/mime-db/-/mime-db-1.54.0.tgz 0ms (cache hit)
2250 http cache @types/trusted-types@https://registry.npmjs.org/@types/trusted-types/-/trusted-types-2.0.7.tgz 0ms (cache hit)
2251 http cache yallist@https://registry.npmjs.org/yallist/-/yallist-3.1.1.tgz 0ms (cache hit)
2252 http cache lit-html@https://registry.npmjs.org/lit-html/-/lit-html-3.3.2.tgz 0ms (cache hit)
2253 http cache lit-element@https://registry.npmjs.org/lit-element/-/lit-element-4.2.2.tgz 0ms (cache hit)
2254 http cache isobject@https://registry.npmjs.org/isobject/-/isobject-2.1.0.tgz 0ms (cache hit)
2255 http cache wrappy@https://registry.npmjs.org/wrappy/-/wrappy-1.0.2.tgz 0ms (cache hit)
2256 http cache isarray@https://registry.npmjs.org/isarray/-/isarray-1.0.0.tgz 0ms (cache hit)
2257 http cache toidentifier@https://registry.npmjs.org/toidentifier/-/toidentifier-1.0.1.tgz 0ms (cache hit)
2258 http cache safer-buffer@https://registry.npmjs.org/safer-buffer/-/safer-buffer-2.1.2.tgz 0ms (cache hit)
2259 http cache @lit/reactive-element@https://registry.npmjs.org/@lit/reactive-element/-/reactive-element-2.1.2.tgz 0ms (cache hit)
2260 http cache inflight@https://registry.npmjs.org/inflight/-/inflight-1.0.6.tgz 0ms (cache hit)
2261 http cache setprototypeof@https://registry.npmjs.org/setprototypeof/-/setprototypeof-1.2.0.tgz 0ms (cache hit)
2262 http cache simple-swizzle@https://registry.npmjs.org/simple-swizzle/-/simple-swizzle-0.2.4.tgz 0ms (cache hit)
2263 http cache color-name@https://registry.npmjs.org/color-name/-/color-name-1.1.3.tgz 0ms (cache hit)
2264 http cache inherits@https://registry.npmjs.org/inherits/-/inherits-2.0.4.tgz 0ms (cache hit)
2265 http cache fs.realpath@https://registry.npmjs.org/fs.realpath/-/fs.realpath-1.0.0.tgz 0ms (cache hit)
2266 http cache color-convert@https://registry.npmjs.org/color-convert/-/color-convert-1.9.3.tgz 0ms (cache hit)
2267 http cache color-string@https://registry.npmjs.org/color-string/-/color-string-1.9.1.tgz 0ms (cache hit)
2268 http cache events@https://registry.npmjs.org/events/-/events-3.3.0.tgz 0ms (cache hit)
2269 http cache iconv-lite@https://registry.npmjs.org/iconv-lite/-/iconv-lite-0.7.2.tgz 0ms (cache hit)
2270 http cache ip-address@https://registry.npmjs.org/ip-address/-/ip-address-10.0.1.tgz 0ms (cache hit)
2271 http cache bytes@https://registry.npmjs.org/bytes/-/bytes-3.1.2.tgz 0ms (cache hit)
2272 http cache type-is@https://registry.npmjs.org/type-is/-/type-is-2.0.1.tgz 0ms (cache hit)
2273 http cache color@https://registry.npmjs.org/color/-/color-3.2.1.tgz 0ms (cache hit)
2274 http cache negotiator@https://registry.npmjs.org/negotiator/-/negotiator-1.0.0.tgz 0ms (cache hit)
2275 http cache serve-static@https://registry.npmjs.org/serve-static/-/serve-static-2.2.1.tgz 0ms (cache hit)
2276 http cache statuses@https://registry.npmjs.org/statuses/-/statuses-2.0.2.tgz 0ms (cache hit)
2277 http cache parseurl@https://registry.npmjs.org/parseurl/-/parseurl-1.3.3.tgz 0ms (cache hit)
2278 http cache proxy-addr@https://registry.npmjs.org/proxy-addr/-/proxy-addr-2.0.7.tgz 0ms (cache hit)
2279 http cache router@https://registry.npmjs.org/router/-/router-2.2.0.tgz 0ms (cache hit)
2280 http cache once@https://registry.npmjs.org/once/-/once-1.4.0.tgz 0ms (cache hit)
2281 http cache send@https://registry.npmjs.org/send/-/send-1.2.1.tgz 0ms (cache hit)
2282 http cache on-finished@https://registry.npmjs.org/on-finished/-/on-finished-2.4.1.tgz 0ms (cache hit)
2283 http cache merge-descriptors@https://registry.npmjs.org/merge-descriptors/-/merge-descriptors-2.0.0.tgz 0ms (cache hit)
2284 http cache http-errors@https://registry.npmjs.org/http-errors/-/http-errors-2.0.1.tgz 0ms (cache hit)
2285 http cache qs@https://registry.npmjs.org/qs/-/qs-6.15.0.tgz 0ms (cache hit)
2286 http cache fresh@https://registry.npmjs.org/fresh/-/fresh-2.0.0.tgz 0ms (cache hit)
2287 http cache mime-types@https://registry.npmjs.org/mime-types/-/mime-types-3.0.2.tgz 0ms (cache hit)
2288 http cache range-parser@https://registry.npmjs.org/range-parser/-/range-parser-1.2.1.tgz 0ms (cache hit)
2289 http cache etag@https://registry.npmjs.org/etag/-/etag-1.8.1.tgz 0ms (cache hit)
2290 http cache escape-html@https://registry.npmjs.org/escape-html/-/escape-html-1.0.3.tgz 0ms (cache hit)
2291 http cache cookie-signature@https://registry.npmjs.org/cookie-signature/-/cookie-signature-1.2.2.tgz 0ms (cache hit)
2292 http cache encodeurl@https://registry.npmjs.org/encodeurl/-/encodeurl-2.0.0.tgz 0ms (cache hit)
2293 http cache content-disposition@https://registry.npmjs.org/content-disposition/-/content-disposition-1.0.1.tgz 0ms (cache hit)
2294 http cache body-parser@https://registry.npmjs.org/body-parser/-/body-parser-2.2.2.tgz 0ms (cache hit)
2295 http cache finalhandler@https://registry.npmjs.org/finalhandler/-/finalhandler-2.1.1.tgz 0ms (cache hit)
2296 http cache accepts@https://registry.npmjs.org/accepts/-/accepts-2.0.0.tgz 0ms (cache hit)
2297 http cache npm-run-path@https://registry.npmjs.org/npm-run-path/-/npm-run-path-5.3.0.tgz 0ms (cache hit)
2298 http cache depd@https://registry.npmjs.org/depd/-/depd-2.0.0.tgz 0ms (cache hit)
2299 http cache signal-exit@https://registry.npmjs.org/signal-exit/-/signal-exit-4.1.0.tgz 0ms (cache hit)
2300 http cache cookie@https://registry.npmjs.org/cookie/-/cookie-0.7.2.tgz 0ms (cache hit)
2301 http cache onetime@https://registry.npmjs.org/onetime/-/onetime-6.0.0.tgz 0ms (cache hit)
2302 http cache merge-stream@https://registry.npmjs.org/merge-stream/-/merge-stream-2.0.0.tgz 0ms (cache hit)
2303 http cache which@https://registry.npmjs.org/which/-/which-2.0.2.tgz 0ms (cache hit)
2304 http cache strip-final-newline@https://registry.npmjs.org/strip-final-newline/-/strip-final-newline-3.0.0.tgz 0ms (cache hit)
2305 http cache human-signals@https://registry.npmjs.org/human-signals/-/human-signals-5.0.0.tgz 0ms (cache hit)
2306 http cache shebang-command@https://registry.npmjs.org/shebang-command/-/shebang-command-2.0.0.tgz 0ms (cache hit)
2307 http cache path-key@https://registry.npmjs.org/path-key/-/path-key-3.1.1.tgz 0ms (cache hit)
2308 http cache vary@https://registry.npmjs.org/vary/-/vary-1.1.2.tgz 0ms (cache hit)
2309 http cache object-assign@https://registry.npmjs.org/object-assign/-/object-assign-4.1.1.tgz 0ms (cache hit)
2310 http cache readdirp@https://registry.npmjs.org/readdirp/-/readdirp-4.1.2.tgz 0ms (cache hit)
2311 http cache get-stream@https://registry.npmjs.org/get-stream/-/get-stream-8.0.1.tgz 0ms (cache hit)
2312 http cache ms@https://registry.npmjs.org/ms/-/ms-2.1.3.tgz 0ms (cache hit)
2313 http cache node-releases@https://registry.npmjs.org/node-releases/-/node-releases-2.0.27.tgz 0ms (cache hit)
2314 http cache update-browserslist-db@https://registry.npmjs.org/update-browserslist-db/-/update-browserslist-db-1.2.3.tgz 0ms (cache hit)
2315 http cache caniuse-lite@https://registry.npmjs.org/caniuse-lite/-/caniuse-lite-1.0.30001775.tgz 1ms (cache hit)
2316 http cache require-from-string@https://registry.npmjs.org/require-from-string/-/require-from-string-2.0.2.tgz 0ms (cache hit)
2317 http cache baseline-browser-mapping@https://registry.npmjs.org/baseline-browser-mapping/-/baseline-browser-mapping-2.10.0.tgz 0ms (cache hit)
2318 http cache electron-to-chromium@https://registry.npmjs.org/electron-to-chromium/-/electron-to-chromium-1.5.302.tgz 0ms (cache hit)
2319 http cache fast-uri@https://registry.npmjs.org/fast-uri/-/fast-uri-3.1.0.tgz 0ms (cache hit)
2320 http cache fast-deep-equal@https://registry.npmjs.org/fast-deep-equal/-/fast-deep-equal-3.1.3.tgz 0ms (cache hit)
2321 http cache json-schema-traverse@https://registry.npmjs.org/json-schema-traverse/-/json-schema-traverse-1.0.0.tgz 0ms (cache hit)
2322 http cache yaml@https://registry.npmjs.org/yaml/-/yaml-2.8.2.tgz 0ms (cache hit)
2323 http cache glob@https://registry.npmjs.org/glob/-/glob-8.1.0.tgz 0ms (cache hit)
2324 http cache ohm-js@https://registry.npmjs.org/ohm-js/-/ohm-js-17.5.0.tgz 1ms (cache hit)
2325 http cache minimatch@https://registry.npmjs.org/minimatch/-/minimatch-9.0.9.tgz 0ms (cache hit)
2326 http cache node-fetch@https://registry.npmjs.org/node-fetch/-/node-fetch-2.7.0.tgz 0ms (cache hit)
2327 http cache ts-morph@https://registry.npmjs.org/ts-morph/-/ts-morph-25.0.1.tgz 0ms (cache hit)
2328 http cache vscode-uri@https://registry.npmjs.org/vscode-uri/-/vscode-uri-3.1.0.tgz 0ms (cache hit)
2329 http cache vscode-json-languageservice@https://registry.npmjs.org/vscode-json-languageservice/-/vscode-json-languageservice-5.7.2.tgz 0ms (cache hit)
2330 http cache is-stream@https://registry.npmjs.org/is-stream/-/is-stream-3.0.0.tgz 0ms (cache hit)
2331 http cache csstype@https://registry.npmjs.org/csstype/-/csstype-3.2.3.tgz 0ms (cache hit)
2332 http cache @shopify/liquid-html-parser@https://registry.npmjs.org/@shopify/liquid-html-parser/-/liquid-html-parser-2.9.0.tgz 0ms (cache hit)
2333 http cache @monogrid/gainmap-js@https://registry.npmjs.org/@monogrid/gainmap-js/-/gainmap-js-3.4.0.tgz 0ms (cache hit)
2334 http cache cross-fetch@https://registry.npmjs.org/cross-fetch/-/cross-fetch-4.1.0.tgz 0ms (cache hit)
2335 http cache lit@https://registry.npmjs.org/lit/-/lit-3.3.2.tgz 0ms (cache hit)
2336 http cache @xstate/fsm@https://registry.npmjs.org/@xstate/fsm/-/fsm-2.0.0.tgz 0ms (cache hit)
2337 http cache jsonc-parser@https://registry.npmjs.org/jsonc-parser/-/jsonc-parser-3.3.1.tgz 0ms (cache hit)
2338 http cache use-sync-external-store@https://registry.npmjs.org/use-sync-external-store/-/use-sync-external-store-1.6.0.tgz 0ms (cache hit)
2339 http cache use-isomorphic-layout-effect@https://registry.npmjs.org/use-isomorphic-layout-effect/-/use-isomorphic-layout-effect-1.2.1.tgz 0ms (cache hit)
2340 http cache three@https://registry.npmjs.org/three/-/three-0.172.0.tgz 0ms (cache hit)
2341 http cache @google/model-viewer@https://registry.npmjs.org/@google/model-viewer/-/model-viewer-4.1.0.tgz 0ms (cache hit)
2342 http cache worktop@https://registry.npmjs.org/worktop/-/worktop-0.7.3.tgz 0ms (cache hit)
2343 http cache @xstate/react@https://registry.npmjs.org/@xstate/react/-/react-3.2.1.tgz 0ms (cache hit)
2344 http cache promise-worker-transferable@https://registry.npmjs.org/promise-worker-transferable/-/promise-worker-transferable-1.0.4.tgz 0ms (cache hit)
2345 http cache react-dom@https://registry.npmjs.org/react-dom/-/react-dom-18.3.1.tgz 0ms (cache hit)
2346 http cache use-resize-observer@https://registry.npmjs.org/use-resize-observer/-/use-resize-observer-9.1.0.tgz 0ms (cache hit)
2347 http cache @shopify/graphql-client@https://registry.npmjs.org/@shopify/graphql-client/-/graphql-client-1.4.1.tgz 0ms (cache hit)
2348 http cache flame-chart-js@https://registry.npmjs.org/flame-chart-js/-/flame-chart-js-2.3.1.tgz 0ms (cache hit)
2349 http cache @mjackson/node-fetch-server@https://registry.npmjs.org/@mjackson/node-fetch-server/-/node-fetch-server-0.2.0.tgz 0ms (cache hit)
2350 http cache source-map-support@https://registry.npmjs.org/source-map-support/-/source-map-support-0.5.21.tgz 0ms (cache hit)
2351 http cache content-security-policy-builder@https://registry.npmjs.org/content-security-policy-builder/-/content-security-policy-builder-2.3.0.tgz 0ms (cache hit)
2352 http cache @jridgewell/sourcemap-codec@https://registry.npmjs.org/@jridgewell/sourcemap-codec/-/sourcemap-codec-1.5.5.tgz 0ms (cache hit)
2353 http cache @jridgewell/resolve-uri@https://registry.npmjs.org/@jridgewell/resolve-uri/-/resolve-uri-3.1.2.tgz 0ms (cache hit)
2354 http cache @babel/helper-string-parser@https://registry.npmjs.org/@babel/helper-string-parser/-/helper-string-parser-7.27.1.tgz 0ms (cache hit)
2355 http cache line-column@https://registry.npmjs.org/line-column/-/line-column-1.0.2.tgz 0ms (cache hit)
2356 http cache @babel/helper-globals@https://registry.npmjs.org/@babel/helper-globals/-/helper-globals-7.28.0.tgz 0ms (cache hit)
2357 http cache @babel/helper-optimise-call-expression@https://registry.npmjs.org/@babel/helper-optimise-call-expression/-/helper-optimise-call-expression-7.27.1.tgz 0ms (cache hit)
2358 http cache @babel/helper-member-expression-to-functions@https://registry.npmjs.org/@babel/helper-member-expression-to-functions/-/helper-member-expression-to-functions-7.28.5.tgz 0ms (cache hit)
2359 http cache @babel/plugin-syntax-typescript@https://registry.npmjs.org/@babel/plugin-syntax-typescript/-/plugin-syntax-typescript-7.28.6.tgz 0ms (cache hit)
2360 http cache @babel/helper-create-class-features-plugin@https://registry.npmjs.org/@babel/helper-create-class-features-plugin/-/helper-create-class-features-plugin-7.28.6.tgz 0ms (cache hit)
2361 http cache @babel/helper-skip-transparent-expression-wrappers@https://registry.npmjs.org/@babel/helper-skip-transparent-expression-wrappers/-/helper-skip-transparent-expression-wrappers-7.27.1.tgz 0ms (cache hit)
2362 http cache @babel/helper-annotate-as-pure@https://registry.npmjs.org/@babel/helper-annotate-as-pure/-/helper-annotate-as-pure-7.27.3.tgz 0ms (cache hit)
2363 http cache lru-cache@https://registry.npmjs.org/lru-cache/-/lru-cache-5.1.1.tgz 0ms (cache hit)
2364 http cache @babel/helper-module-imports@https://registry.npmjs.org/@babel/helper-module-imports/-/helper-module-imports-7.28.6.tgz 0ms (cache hit)
2365 http cache @babel/plugin-transform-typescript@https://registry.npmjs.org/@babel/plugin-transform-typescript/-/plugin-transform-typescript-7.28.6.tgz 0ms (cache hit)
2366 http cache browserslist@https://registry.npmjs.org/browserslist/-/browserslist-4.28.1.tgz 0ms (cache hit)
2367 http cache @babel/helper-validator-option@https://registry.npmjs.org/@babel/helper-validator-option/-/helper-validator-option-7.27.1.tgz 0ms (cache hit)
2368 http cache @jridgewell/gen-mapping@https://registry.npmjs.org/@jridgewell/gen-mapping/-/gen-mapping-0.3.13.tgz 0ms (cache hit)
2369 http cache @babel/compat-data@https://registry.npmjs.org/@babel/compat-data/-/compat-data-7.29.0.tgz 0ms (cache hit)
2370 http cache js-tokens@https://registry.npmjs.org/js-tokens/-/js-tokens-4.0.0.tgz 0ms (cache hit)
2371 http cache @jridgewell/trace-mapping@https://registry.npmjs.org/@jridgewell/trace-mapping/-/trace-mapping-0.3.31.tgz 0ms (cache hit)
2372 http cache @babel/helper-plugin-utils@https://registry.npmjs.org/@babel/helper-plugin-utils/-/helper-plugin-utils-7.28.6.tgz 0ms (cache hit)
2373 http cache @babel/template@https://registry.npmjs.org/@babel/template/-/template-7.28.6.tgz 0ms (cache hit)
2374 http cache @babel/plugin-transform-modules-commonjs@https://registry.npmjs.org/@babel/plugin-transform-modules-commonjs/-/plugin-transform-modules-commonjs-7.28.6.tgz 0ms (cache hit)
2375 http cache @babel/helper-replace-supers@https://registry.npmjs.org/@babel/helper-replace-supers/-/helper-replace-supers-7.28.6.tgz 0ms (cache hit)
2376 http cache convert-source-map@https://registry.npmjs.org/convert-source-map/-/convert-source-map-2.0.0.tgz 0ms (cache hit)
2377 http cache @jridgewell/remapping@https://registry.npmjs.org/@jridgewell/remapping/-/remapping-2.3.5.tgz 0ms (cache hit)
2378 http cache vite-node@https://registry.npmjs.org/vite-node/-/vite-node-3.2.4.tgz 0ms (cache hit)
2379 http cache @babel/helper-validator-identifier@https://registry.npmjs.org/@babel/helper-validator-identifier/-/helper-validator-identifier-7.28.5.tgz 0ms (cache hit)
2380 http cache @babel/helper-module-transforms@https://registry.npmjs.org/@babel/helper-module-transforms/-/helper-module-transforms-7.28.6.tgz 0ms (cache hit)
2381 http cache @babel/helpers@https://registry.npmjs.org/@babel/helpers/-/helpers-7.28.6.tgz 0ms (cache hit)
2382 http cache @babel/code-frame@https://registry.npmjs.org/@babel/code-frame/-/code-frame-7.29.0.tgz 0ms (cache hit)
2383 http cache @babel/helper-compilation-targets@https://registry.npmjs.org/@babel/helper-compilation-targets/-/helper-compilation-targets-7.28.6.tgz 0ms (cache hit)
2384 http cache valibot@https://registry.npmjs.org/valibot/-/valibot-1.2.0.tgz 0ms (cache hit)
2385 http cache semver@https://registry.npmjs.org/semver/-/semver-7.7.4.tgz 0ms (cache hit)
2386 http cache prettier@https://registry.npmjs.org/prettier/-/prettier-3.8.1.tgz 0ms (cache hit)
2387 http cache picocolors@https://registry.npmjs.org/picocolors/-/picocolors-1.1.1.tgz 0ms (cache hit)
2388 http cache gensync@https://registry.npmjs.org/gensync/-/gensync-1.0.0-beta.2.tgz 0ms (cache hit)
2389 http cache p-map@https://registry.npmjs.org/p-map/-/p-map-7.0.4.tgz 0ms (cache hit)
2390 http cache json5@https://registry.npmjs.org/json5/-/json5-2.2.3.tgz 1ms (cache hit)
2391 http cache pkg-types@https://registry.npmjs.org/pkg-types/-/pkg-types-2.3.0.tgz 0ms (cache hit)
2392 http cache pathe@https://registry.npmjs.org/pathe/-/pathe-1.1.2.tgz 0ms (cache hit)
2393 http cache exit-hook@https://registry.npmjs.org/exit-hook/-/exit-hook-2.2.1.tgz 0ms (cache hit)
2394 http cache chokidar@https://registry.npmjs.org/chokidar/-/chokidar-4.0.3.tgz 0ms (cache hit)
2395 http cache babel-dead-code-elimination@https://registry.npmjs.org/babel-dead-code-elimination/-/babel-dead-code-elimination-1.0.12.tgz 0ms (cache hit)
2396 http cache @remix-run/node-fetch-server@https://registry.npmjs.org/@remix-run/node-fetch-server/-/node-fetch-server-0.9.0.tgz 0ms (cache hit)
2397 http cache es-module-lexer@https://registry.npmjs.org/es-module-lexer/-/es-module-lexer-1.7.0.tgz 0ms (cache hit)
2398 http cache @react-router/node@https://registry.npmjs.org/@react-router/node/-/node-7.12.0.tgz 0ms (cache hit)
2399 http cache arg@https://registry.npmjs.org/arg/-/arg-5.0.2.tgz 0ms (cache hit)
2400 http cache jsesc@https://registry.npmjs.org/jsesc/-/jsesc-3.0.2.tgz 0ms (cache hit)
2401 http cache react-router@https://registry.npmjs.org/react-router/-/react-router-7.12.0.tgz 0ms (cache hit)
2402 http cache @babel/types@https://registry.npmjs.org/@babel/types/-/types-7.29.0.tgz 0ms (cache hit)
2403 http cache @babel/preset-typescript@https://registry.npmjs.org/@babel/preset-typescript/-/preset-typescript-7.28.5.tgz 0ms (cache hit)
2404 http cache dedent@https://registry.npmjs.org/dedent/-/dedent-1.7.2.tgz 0ms (cache hit)
2405 http cache @babel/parser@https://registry.npmjs.org/@babel/parser/-/parser-7.29.0.tgz 0ms (cache hit)
2406 http cache @babel/plugin-syntax-jsx@https://registry.npmjs.org/@babel/plugin-syntax-jsx/-/plugin-syntax-jsx-7.28.6.tgz 0ms (cache hit)
2407 http cache @babel/traverse@https://registry.npmjs.org/@babel/traverse/-/traverse-7.29.0.tgz 0ms (cache hit)
2408 http cache @shopify/hydrogen-react@https://registry.npmjs.org/@shopify/hydrogen-react/-/hydrogen-react-2025.10.0.tgz 0ms (cache hit)
2409 http cache @babel/generator@https://registry.npmjs.org/@babel/generator/-/generator-7.29.1.tgz 0ms (cache hit)
2410 http cache react-refresh@https://registry.npmjs.org/react-refresh/-/react-refresh-0.14.2.tgz 1ms (cache hit)
2411 http cache react@https://registry.npmjs.org/react/-/react-18.3.1.tgz 0ms (cache hit)
2412 http cache @react-router/dev@https://registry.npmjs.org/@react-router/dev/-/dev-7.12.0.tgz 0ms (cache hit)
2413 http cache @shopify/hydrogen@https://registry.npmjs.org/@shopify/hydrogen/-/hydrogen-2025.10.1.tgz 0ms (cache hit)
2414 http cache @babel/core@https://registry.npmjs.org/@babel/core/-/core-7.29.0.tgz 0ms (cache hit)
2415 http cache lodash@https://registry.npmjs.org/lodash/-/lodash-4.17.23.tgz 0ms (cache hit)
2416 http cache @standard-schema/spec@https://registry.npmjs.org/@standard-schema/spec/-/spec-1.1.0.tgz 0ms (cache hit)
2417 http cache debug@https://registry.npmjs.org/debug/-/debug-4.4.3.tgz 0ms (cache hit)
2418 http cache tinyglobby@https://registry.npmjs.org/tinyglobby/-/tinyglobby-0.2.15.tgz 0ms (cache hit)
2419 http cache isbot@https://registry.npmjs.org/isbot/-/isbot-5.1.35.tgz 0ms (cache hit)
2420 http cache pkce-challenge@https://registry.npmjs.org/pkce-challenge/-/pkce-challenge-5.0.1.tgz 0ms (cache hit)
2421 http cache express-rate-limit@https://registry.npmjs.org/express-rate-limit/-/express-rate-limit-8.2.1.tgz 0ms (cache hit)
2422 http cache express@https://registry.npmjs.org/express/-/express-5.2.1.tgz 0ms (cache hit)
2423 http cache zod-to-json-schema@https://registry.npmjs.org/zod-to-json-schema/-/zod-to-json-schema-3.25.1.tgz 0ms (cache hit)
2424 http cache jose@https://registry.npmjs.org/jose/-/jose-6.1.3.tgz 0ms (cache hit)
2425 http cache eventsource@https://registry.npmjs.org/eventsource/-/eventsource-3.0.7.tgz 0ms (cache hit)
2426 http cache eventsource-parser@https://registry.npmjs.org/eventsource-parser/-/eventsource-parser-3.0.6.tgz 0ms (cache hit)
2427 http cache raw-body@https://registry.npmjs.org/raw-body/-/raw-body-3.0.2.tgz 0ms (cache hit)
2428 http cache json-schema-typed@https://registry.npmjs.org/json-schema-typed/-/json-schema-typed-8.0.2.tgz 0ms (cache hit)
2429 http cache content-type@https://registry.npmjs.org/content-type/-/content-type-1.0.5.tgz 0ms (cache hit)
2430 http cache @hono/node-server@https://registry.npmjs.org/@hono/node-server/-/node-server-1.19.9.tgz 0ms (cache hit)
2431 http cache cors@https://registry.npmjs.org/cors/-/cors-2.8.6.tgz 0ms (cache hit)
2432 http cache cross-spawn@https://registry.npmjs.org/cross-spawn/-/cross-spawn-7.0.6.tgz 0ms (cache hit)
2433 http cache zod@https://registry.npmjs.org/zod/-/zod-3.25.76.tgz 0ms (cache hit)
2434 http cache ajv@https://registry.npmjs.org/ajv/-/ajv-8.18.0.tgz 0ms (cache hit)
2435 http cache ajv-formats@https://registry.npmjs.org/ajv-formats/-/ajv-formats-3.0.1.tgz 0ms (cache hit)
2436 http cache hono@https://registry.npmjs.org/hono/-/hono-4.12.3.tgz 0ms (cache hit)
2437 http cache type-fest@https://registry.npmjs.org/type-fest/-/type-fest-4.41.0.tgz 0ms (cache hit)
2438 http cache graphql@https://registry.npmjs.org/graphql/-/graphql-16.13.0.tgz 0ms (cache hit)
2439 http cache execa@https://registry.npmjs.org/execa/-/execa-8.0.1.tgz 0ms (cache hit)
2440 http cache @types/react@https://registry.npmjs.org/@types/react/-/react-19.2.14.tgz 0ms (cache hit)
2441 http cache toml@https://registry.npmjs.org/toml/-/toml-3.0.0.tgz 0ms (cache hit)
2442 http cache preact@https://registry.npmjs.org/preact/-/preact-10.28.4.tgz 0ms (cache hit)
2443 http cache schema-dts@https://registry.npmjs.org/schema-dts/-/schema-dts-1.1.5.tgz 0ms (cache hit)
2444 http cache typescript@https://registry.npmjs.org/typescript/-/typescript-5.9.3.tgz 0ms (cache hit)
2445 http cache @shopify/ui-extensions@https://registry.npmjs.org/@shopify/ui-extensions/-/ui-extensions-2025.11.0.tgz 0ms (cache hit)
2446 http cache @shopify/theme-check-node@https://registry.npmjs.org/@shopify/theme-check-node/-/theme-check-node-3.23.0.tgz 0ms (cache hit)
2447 http cache env-paths@https://registry.npmjs.org/env-paths/-/env-paths-3.0.0.tgz 0ms (cache hit)
2448 http cache @modelcontextprotocol/sdk@https://registry.npmjs.org/@modelcontextprotocol/sdk/-/sdk-1.27.1.tgz 0ms (cache hit)
2449 http cache @shopify/theme-check-common@https://registry.npmjs.org/@shopify/theme-check-common/-/theme-check-common-3.23.0.tgz 0ms (cache hit)
2450 http cache is-promise@https://registry.npmjs.org/is-promise/-/is-promise-4.0.0.tgz 0ms (cache hit)
2451 http cache vite@https://registry.npmjs.org/vite/-/vite-6.4.1.tgz 0ms (cache hit)
2452 http cache picomatch@https://registry.npmjs.org/picomatch/-/picomatch-2.3.1.tgz 0ms (cache hit)
2453 http cache path-key@https://registry.npmjs.org/path-key/-/path-key-4.0.0.tgz 0ms (cache hit)
2454 http cache @shopify/app-bridge-types@https://registry.npmjs.org/@shopify/app-bridge-types/-/app-bridge-types-0.5.3.tgz 0ms (cache hit)
2455 http cache semver@https://registry.npmjs.org/semver/-/semver-6.3.1.tgz 0ms (cache hit)
2456 http cache cookie@https://registry.npmjs.org/cookie/-/cookie-1.1.1.tgz 0ms (cache hit)
2457 http cache @shopify/polaris-types@https://registry.npmjs.org/@shopify/polaris-types/-/polaris-types-1.0.1.tgz 0ms (cache hit)
2458 http cache @shopify/dev-mcp@https://registry.npmjs.org/@shopify/dev-mcp/-/dev-mcp-1.6.0.tgz 0ms (cache hit)
2459 http cache pathe@https://registry.npmjs.org/pathe/-/pathe-2.0.3.tgz 0ms (cache hit)
2460 http cache semver@https://registry.npmjs.org/semver/-/semver-6.3.1.tgz 0ms (cache hit)
2461 http cache pathe@https://registry.npmjs.org/pathe/-/pathe-2.0.3.tgz 0ms (cache hit)
2462 http cache minimatch@https://registry.npmjs.org/minimatch/-/minimatch-5.1.9.tgz 0ms (cache hit)
2463 http cache env-paths@https://registry.npmjs.org/env-paths/-/env-paths-2.2.1.tgz 0ms (cache hit)
2464 http cache @shopify/theme-check-docs-updater@https://registry.npmjs.org/@shopify/theme-check-docs-updater/-/theme-check-docs-updater-3.23.0.tgz 0ms (cache hit)
2465 http cache semver@https://registry.npmjs.org/semver/-/semver-6.3.1.tgz 0ms (cache hit)
2466 silly tarball no local data for regexparam@https://registry.npmjs.org/regexparam/-/regexparam-2.0.2.tgz. Extracting by manifest.
2467 silly tarball no local data for @vscode/l10n@https://registry.npmjs.org/@vscode/l10n/-/l10n-0.0.18.tgz. Extracting by manifest.
2468 silly tarball no local data for webidl-conversions@https://registry.npmjs.org/webidl-conversions/-/webidl-conversions-3.0.1.tgz. Extracting by manifest.
2469 silly tarball no local data for tr46@https://registry.npmjs.org/tr46/-/tr46-0.0.3.tgz. Extracting by manifest.
2470 silly tarball no local data for vscode-languageserver-types@https://registry.npmjs.org/vscode-languageserver-types/-/vscode-languageserver-types-3.17.5.tgz. Extracting by manifest.
2471 silly tarball no local data for @esbuild/win32-x64@https://registry.npmjs.org/@esbuild/win32-x64/-/win32-x64-0.25.12.tgz. Extracting by manifest.
2472 silly tarball no local data for vscode-languageserver-textdocument@https://registry.npmjs.org/vscode-languageserver-textdocument/-/vscode-languageserver-textdocument-1.0.12.tgz. Extracting by manifest.
2473 silly tarball no local data for cac@https://registry.npmjs.org/cac/-/cac-6.7.14.tgz. Extracting by manifest.
2474 silly tarball no local data for @juggle/resize-observer@https://registry.npmjs.org/@juggle/resize-observer/-/resize-observer-3.4.0.tgz. Extracting by manifest.
2475 silly tarball no local data for esbuild@https://registry.npmjs.org/esbuild/-/esbuild-0.25.12.tgz. Extracting by manifest.
2476 silly tarball no local data for media-typer@https://registry.npmjs.org/media-typer/-/media-typer-1.1.0.tgz. Extracting by manifest.
2477 silly tarball no local data for fast-glob@https://registry.npmjs.org/fast-glob/-/fast-glob-3.3.3.tgz. Extracting by manifest.
2478 silly tarball no local data for path-browserify@https://registry.npmjs.org/path-browserify/-/path-browserify-1.0.1.tgz. Extracting by manifest.
2479 silly tarball no local data for @ts-morph/common@https://registry.npmjs.org/@ts-morph/common/-/common-0.26.1.tgz. Extracting by manifest.
2480 silly tarball no local data for code-block-writer@https://registry.npmjs.org/code-block-writer/-/code-block-writer-13.0.3.tgz. Extracting by manifest.
2481 silly tarball no local data for source-map@https://registry.npmjs.org/source-map/-/source-map-0.6.1.tgz. Extracting by manifest.
2482 silly tarball no local data for is-arrayish@https://registry.npmjs.org/is-arrayish/-/is-arrayish-0.3.4.tgz. Extracting by manifest.
2483 silly tarball no local data for buffer-from@https://registry.npmjs.org/buffer-from/-/buffer-from-1.1.2.tgz. Extracting by manifest.
2484 silly tarball no local data for path-to-regexp@https://registry.npmjs.org/path-to-regexp/-/path-to-regexp-8.3.0.tgz. Extracting by manifest.
2485 silly tarball no local data for scheduler@https://registry.npmjs.org/scheduler/-/scheduler-0.23.2.tgz. Extracting by manifest.
2486 silly tarball no local data for set-cookie-parser@https://registry.npmjs.org/set-cookie-parser/-/set-cookie-parser-2.7.2.tgz. Extracting by manifest.
2487 silly tarball no local data for unpipe@https://registry.npmjs.org/unpipe/-/unpipe-1.0.0.tgz. Extracting by manifest.
2488 silly tarball no local data for immediate@https://registry.npmjs.org/immediate/-/immediate-3.0.6.tgz. Extracting by manifest.
2489 silly tarball no local data for ipaddr.js@https://registry.npmjs.org/ipaddr.js/-/ipaddr.js-1.9.1.tgz. Extracting by manifest.
2490 silly tarball no local data for lie@https://registry.npmjs.org/lie/-/lie-3.3.0.tgz. Extracting by manifest.
2491 silly tarball no local data for is-promise@https://registry.npmjs.org/is-promise/-/is-promise-2.2.2.tgz. Extracting by manifest.
2492 silly tarball no local data for forwarded@https://registry.npmjs.org/forwarded/-/forwarded-0.2.0.tgz. Extracting by manifest.
2493 silly tarball no local data for confbox@https://registry.npmjs.org/confbox/-/confbox-0.2.4.tgz. Extracting by manifest.
2494 silly tarball no local data for exsolve@https://registry.npmjs.org/exsolve/-/exsolve-1.0.8.tgz. Extracting by manifest.
2495 silly tarball no local data for mimic-fn@https://registry.npmjs.org/mimic-fn/-/mimic-fn-4.0.0.tgz. Extracting by manifest.
2496 silly tarball no local data for whatwg-url@https://registry.npmjs.org/whatwg-url/-/whatwg-url-5.0.0.tgz. Extracting by manifest.
2497 silly tarball no local data for ee-first@https://registry.npmjs.org/ee-first/-/ee-first-1.1.1.tgz. Extracting by manifest.
2498 silly tarball no local data for brace-expansion@https://registry.npmjs.org/brace-expansion/-/brace-expansion-2.0.2.tgz. Extracting by manifest.
2499 silly tarball no local data for @lit-labs/ssr-dom-shim@https://registry.npmjs.org/@lit-labs/ssr-dom-shim/-/ssr-dom-shim-1.5.1.tgz. Extracting by manifest.
2500 silly tarball no local data for mime-db@https://registry.npmjs.org/mime-db/-/mime-db-1.54.0.tgz. Extracting by manifest.
2501 silly tarball no local data for @types/trusted-types@https://registry.npmjs.org/@types/trusted-types/-/trusted-types-2.0.7.tgz. Extracting by manifest.
2502 silly tarball no local data for lit-html@https://registry.npmjs.org/lit-html/-/lit-html-3.3.2.tgz. Extracting by manifest.
2503 silly tarball no local data for lit-element@https://registry.npmjs.org/lit-element/-/lit-element-4.2.2.tgz. Extracting by manifest.
2504 silly tarball no local data for isobject@https://registry.npmjs.org/isobject/-/isobject-2.1.0.tgz. Extracting by manifest.
2505 silly tarball no local data for wrappy@https://registry.npmjs.org/wrappy/-/wrappy-1.0.2.tgz. Extracting by manifest.
2506 silly tarball no local data for isarray@https://registry.npmjs.org/isarray/-/isarray-1.0.0.tgz. Extracting by manifest.
2507 silly tarball no local data for toidentifier@https://registry.npmjs.org/toidentifier/-/toidentifier-1.0.1.tgz. Extracting by manifest.
2508 silly tarball no local data for safer-buffer@https://registry.npmjs.org/safer-buffer/-/safer-buffer-2.1.2.tgz. Extracting by manifest.
2509 silly tarball no local data for @lit/reactive-element@https://registry.npmjs.org/@lit/reactive-element/-/reactive-element-2.1.2.tgz. Extracting by manifest.
2510 silly tarball no local data for inflight@https://registry.npmjs.org/inflight/-/inflight-1.0.6.tgz. Extracting by manifest.
2511 silly tarball no local data for setprototypeof@https://registry.npmjs.org/setprototypeof/-/setprototypeof-1.2.0.tgz. Extracting by manifest.
2512 silly tarball no local data for simple-swizzle@https://registry.npmjs.org/simple-swizzle/-/simple-swizzle-0.2.4.tgz. Extracting by manifest.
2513 silly tarball no local data for color-name@https://registry.npmjs.org/color-name/-/color-name-1.1.3.tgz. Extracting by manifest.
2514 silly tarball no local data for inherits@https://registry.npmjs.org/inherits/-/inherits-2.0.4.tgz. Extracting by manifest.
2515 silly tarball no local data for fs.realpath@https://registry.npmjs.org/fs.realpath/-/fs.realpath-1.0.0.tgz. Extracting by manifest.
2516 silly tarball no local data for color-convert@https://registry.npmjs.org/color-convert/-/color-convert-1.9.3.tgz. Extracting by manifest.
2517 silly tarball no local data for color-string@https://registry.npmjs.org/color-string/-/color-string-1.9.1.tgz. Extracting by manifest.
2518 silly tarball no local data for events@https://registry.npmjs.org/events/-/events-3.3.0.tgz. Extracting by manifest.
2519 silly tarball no local data for iconv-lite@https://registry.npmjs.org/iconv-lite/-/iconv-lite-0.7.2.tgz. Extracting by manifest.
2520 silly tarball no local data for ip-address@https://registry.npmjs.org/ip-address/-/ip-address-10.0.1.tgz. Extracting by manifest.
2521 silly tarball no local data for bytes@https://registry.npmjs.org/bytes/-/bytes-3.1.2.tgz. Extracting by manifest.
2522 silly tarball no local data for type-is@https://registry.npmjs.org/type-is/-/type-is-2.0.1.tgz. Extracting by manifest.
2523 silly tarball no local data for color@https://registry.npmjs.org/color/-/color-3.2.1.tgz. Extracting by manifest.
2524 silly tarball no local data for negotiator@https://registry.npmjs.org/negotiator/-/negotiator-1.0.0.tgz. Extracting by manifest.
2525 silly tarball no local data for serve-static@https://registry.npmjs.org/serve-static/-/serve-static-2.2.1.tgz. Extracting by manifest.
2526 silly tarball no local data for statuses@https://registry.npmjs.org/statuses/-/statuses-2.0.2.tgz. Extracting by manifest.
2527 silly tarball no local data for parseurl@https://registry.npmjs.org/parseurl/-/parseurl-1.3.3.tgz. Extracting by manifest.
2528 silly tarball no local data for proxy-addr@https://registry.npmjs.org/proxy-addr/-/proxy-addr-2.0.7.tgz. Extracting by manifest.
2529 silly tarball no local data for router@https://registry.npmjs.org/router/-/router-2.2.0.tgz. Extracting by manifest.
2530 silly tarball no local data for once@https://registry.npmjs.org/once/-/once-1.4.0.tgz. Extracting by manifest.
2531 silly tarball no local data for send@https://registry.npmjs.org/send/-/send-1.2.1.tgz. Extracting by manifest.
2532 silly tarball no local data for on-finished@https://registry.npmjs.org/on-finished/-/on-finished-2.4.1.tgz. Extracting by manifest.
2533 silly tarball no local data for merge-descriptors@https://registry.npmjs.org/merge-descriptors/-/merge-descriptors-2.0.0.tgz. Extracting by manifest.
2534 silly tarball no local data for http-errors@https://registry.npmjs.org/http-errors/-/http-errors-2.0.1.tgz. Extracting by manifest.
2535 silly tarball no local data for qs@https://registry.npmjs.org/qs/-/qs-6.15.0.tgz. Extracting by manifest.
2536 silly tarball no local data for fresh@https://registry.npmjs.org/fresh/-/fresh-2.0.0.tgz. Extracting by manifest.
2537 silly tarball no local data for mime-types@https://registry.npmjs.org/mime-types/-/mime-types-3.0.2.tgz. Extracting by manifest.
2538 silly tarball no local data for range-parser@https://registry.npmjs.org/range-parser/-/range-parser-1.2.1.tgz. Extracting by manifest.
2539 silly tarball no local data for etag@https://registry.npmjs.org/etag/-/etag-1.8.1.tgz. Extracting by manifest.
2540 silly tarball no local data for escape-html@https://registry.npmjs.org/escape-html/-/escape-html-1.0.3.tgz. Extracting by manifest.
2541 silly tarball no local data for cookie-signature@https://registry.npmjs.org/cookie-signature/-/cookie-signature-1.2.2.tgz. Extracting by manifest.
2542 silly tarball no local data for encodeurl@https://registry.npmjs.org/encodeurl/-/encodeurl-2.0.0.tgz. Extracting by manifest.
2543 silly tarball no local data for content-disposition@https://registry.npmjs.org/content-disposition/-/content-disposition-1.0.1.tgz. Extracting by manifest.
2544 silly tarball no local data for body-parser@https://registry.npmjs.org/body-parser/-/body-parser-2.2.2.tgz. Extracting by manifest.
2545 silly tarball no local data for finalhandler@https://registry.npmjs.org/finalhandler/-/finalhandler-2.1.1.tgz. Extracting by manifest.
2546 silly tarball no local data for accepts@https://registry.npmjs.org/accepts/-/accepts-2.0.0.tgz. Extracting by manifest.
2547 silly tarball no local data for npm-run-path@https://registry.npmjs.org/npm-run-path/-/npm-run-path-5.3.0.tgz. Extracting by manifest.
2548 silly tarball no local data for depd@https://registry.npmjs.org/depd/-/depd-2.0.0.tgz. Extracting by manifest.
2549 silly tarball no local data for signal-exit@https://registry.npmjs.org/signal-exit/-/signal-exit-4.1.0.tgz. Extracting by manifest.
2550 silly tarball no local data for cookie@https://registry.npmjs.org/cookie/-/cookie-0.7.2.tgz. Extracting by manifest.
2551 silly tarball no local data for onetime@https://registry.npmjs.org/onetime/-/onetime-6.0.0.tgz. Extracting by manifest.
2552 silly tarball no local data for merge-stream@https://registry.npmjs.org/merge-stream/-/merge-stream-2.0.0.tgz. Extracting by manifest.
2553 silly tarball no local data for strip-final-newline@https://registry.npmjs.org/strip-final-newline/-/strip-final-newline-3.0.0.tgz. Extracting by manifest.
2554 silly tarball no local data for human-signals@https://registry.npmjs.org/human-signals/-/human-signals-5.0.0.tgz. Extracting by manifest.
2555 silly tarball no local data for vary@https://registry.npmjs.org/vary/-/vary-1.1.2.tgz. Extracting by manifest.
2556 silly tarball no local data for readdirp@https://registry.npmjs.org/readdirp/-/readdirp-4.1.2.tgz. Extracting by manifest.
2557 silly tarball no local data for get-stream@https://registry.npmjs.org/get-stream/-/get-stream-8.0.1.tgz. Extracting by manifest.
2558 silly tarball no local data for caniuse-lite@https://registry.npmjs.org/caniuse-lite/-/caniuse-lite-1.0.30001775.tgz. Extracting by manifest.
2559 silly tarball no local data for require-from-string@https://registry.npmjs.org/require-from-string/-/require-from-string-2.0.2.tgz. Extracting by manifest.
2560 silly tarball no local data for fast-uri@https://registry.npmjs.org/fast-uri/-/fast-uri-3.1.0.tgz. Extracting by manifest.
2561 silly tarball no local data for json-schema-traverse@https://registry.npmjs.org/json-schema-traverse/-/json-schema-traverse-1.0.0.tgz. Extracting by manifest.
2562 silly tarball no local data for yaml@https://registry.npmjs.org/yaml/-/yaml-2.8.2.tgz. Extracting by manifest.
2563 silly tarball no local data for glob@https://registry.npmjs.org/glob/-/glob-8.1.0.tgz. Extracting by manifest.
2564 silly tarball no local data for ohm-js@https://registry.npmjs.org/ohm-js/-/ohm-js-17.5.0.tgz. Extracting by manifest.
2565 silly tarball no local data for minimatch@https://registry.npmjs.org/minimatch/-/minimatch-9.0.9.tgz. Extracting by manifest.
2566 silly tarball no local data for node-fetch@https://registry.npmjs.org/node-fetch/-/node-fetch-2.7.0.tgz. Extracting by manifest.
2567 silly tarball no local data for ts-morph@https://registry.npmjs.org/ts-morph/-/ts-morph-25.0.1.tgz. Extracting by manifest.
2568 silly tarball no local data for vscode-uri@https://registry.npmjs.org/vscode-uri/-/vscode-uri-3.1.0.tgz. Extracting by manifest.
2569 silly tarball no local data for vscode-json-languageservice@https://registry.npmjs.org/vscode-json-languageservice/-/vscode-json-languageservice-5.7.2.tgz. Extracting by manifest.
2570 silly tarball no local data for is-stream@https://registry.npmjs.org/is-stream/-/is-stream-3.0.0.tgz. Extracting by manifest.
2571 silly tarball no local data for @shopify/liquid-html-parser@https://registry.npmjs.org/@shopify/liquid-html-parser/-/liquid-html-parser-2.9.0.tgz. Extracting by manifest.
2572 silly tarball no local data for @monogrid/gainmap-js@https://registry.npmjs.org/@monogrid/gainmap-js/-/gainmap-js-3.4.0.tgz. Extracting by manifest.
2573 silly tarball no local data for cross-fetch@https://registry.npmjs.org/cross-fetch/-/cross-fetch-4.1.0.tgz. Extracting by manifest.
2574 silly tarball no local data for lit@https://registry.npmjs.org/lit/-/lit-3.3.2.tgz. Extracting by manifest.
2575 silly tarball no local data for @xstate/fsm@https://registry.npmjs.org/@xstate/fsm/-/fsm-2.0.0.tgz. Extracting by manifest.
2576 silly tarball no local data for jsonc-parser@https://registry.npmjs.org/jsonc-parser/-/jsonc-parser-3.3.1.tgz. Extracting by manifest.
2577 silly tarball no local data for use-isomorphic-layout-effect@https://registry.npmjs.org/use-isomorphic-layout-effect/-/use-isomorphic-layout-effect-1.2.1.tgz. Extracting by manifest.
2578 silly tarball no local data for three@https://registry.npmjs.org/three/-/three-0.172.0.tgz. Extracting by manifest.
2579 silly tarball no local data for @google/model-viewer@https://registry.npmjs.org/@google/model-viewer/-/model-viewer-4.1.0.tgz. Extracting by manifest.
2580 silly tarball no local data for worktop@https://registry.npmjs.org/worktop/-/worktop-0.7.3.tgz. Extracting by manifest.
2581 silly tarball no local data for @xstate/react@https://registry.npmjs.org/@xstate/react/-/react-3.2.1.tgz. Extracting by manifest.
2582 silly tarball no local data for promise-worker-transferable@https://registry.npmjs.org/promise-worker-transferable/-/promise-worker-transferable-1.0.4.tgz. Extracting by manifest.
2583 silly tarball no local data for react-dom@https://registry.npmjs.org/react-dom/-/react-dom-18.3.1.tgz. Extracting by manifest.
2584 silly tarball no local data for use-resize-observer@https://registry.npmjs.org/use-resize-observer/-/use-resize-observer-9.1.0.tgz. Extracting by manifest.
2585 silly tarball no local data for @shopify/graphql-client@https://registry.npmjs.org/@shopify/graphql-client/-/graphql-client-1.4.1.tgz. Extracting by manifest.
2586 silly tarball no local data for flame-chart-js@https://registry.npmjs.org/flame-chart-js/-/flame-chart-js-2.3.1.tgz. Extracting by manifest.
2587 silly tarball no local data for @mjackson/node-fetch-server@https://registry.npmjs.org/@mjackson/node-fetch-server/-/node-fetch-server-0.2.0.tgz. Extracting by manifest.
2588 silly tarball no local data for source-map-support@https://registry.npmjs.org/source-map-support/-/source-map-support-0.5.21.tgz. Extracting by manifest.
2589 silly tarball no local data for content-security-policy-builder@https://registry.npmjs.org/content-security-policy-builder/-/content-security-policy-builder-2.3.0.tgz. Extracting by manifest.
2590 silly tarball no local data for line-column@https://registry.npmjs.org/line-column/-/line-column-1.0.2.tgz. Extracting by manifest.
2591 silly tarball no local data for @babel/helper-optimise-call-expression@https://registry.npmjs.org/@babel/helper-optimise-call-expression/-/helper-optimise-call-expression-7.27.1.tgz. Extracting by manifest.
2592 silly tarball no local data for @babel/helper-member-expression-to-functions@https://registry.npmjs.org/@babel/helper-member-expression-to-functions/-/helper-member-expression-to-functions-7.28.5.tgz. Extracting by manifest.
2593 silly tarball no local data for @babel/plugin-syntax-typescript@https://registry.npmjs.org/@babel/plugin-syntax-typescript/-/plugin-syntax-typescript-7.28.6.tgz. Extracting by manifest.
2594 silly tarball no local data for @babel/helper-create-class-features-plugin@https://registry.npmjs.org/@babel/helper-create-class-features-plugin/-/helper-create-class-features-plugin-7.28.6.tgz. Extracting by manifest.
2595 silly tarball no local data for @babel/helper-skip-transparent-expression-wrappers@https://registry.npmjs.org/@babel/helper-skip-transparent-expression-wrappers/-/helper-skip-transparent-expression-wrappers-7.27.1.tgz. Extracting by manifest.
2596 silly tarball no local data for @babel/helper-annotate-as-pure@https://registry.npmjs.org/@babel/helper-annotate-as-pure/-/helper-annotate-as-pure-7.27.3.tgz. Extracting by manifest.
2597 silly tarball no local data for @babel/plugin-transform-typescript@https://registry.npmjs.org/@babel/plugin-transform-typescript/-/plugin-transform-typescript-7.28.6.tgz. Extracting by manifest.
2598 silly tarball no local data for @babel/helper-plugin-utils@https://registry.npmjs.org/@babel/helper-plugin-utils/-/helper-plugin-utils-7.28.6.tgz. Extracting by manifest.
2599 silly tarball no local data for @babel/plugin-transform-modules-commonjs@https://registry.npmjs.org/@babel/plugin-transform-modules-commonjs/-/plugin-transform-modules-commonjs-7.28.6.tgz. Extracting by manifest.
2600 silly tarball no local data for @babel/helper-replace-supers@https://registry.npmjs.org/@babel/helper-replace-supers/-/helper-replace-supers-7.28.6.tgz. Extracting by manifest.
2601 silly tarball no local data for vite-node@https://registry.npmjs.org/vite-node/-/vite-node-3.2.4.tgz. Extracting by manifest.
2602 silly tarball no local data for valibot@https://registry.npmjs.org/valibot/-/valibot-1.2.0.tgz. Extracting by manifest.
2603 silly tarball no local data for prettier@https://registry.npmjs.org/prettier/-/prettier-3.8.1.tgz. Extracting by manifest.
2604 silly tarball no local data for p-map@https://registry.npmjs.org/p-map/-/p-map-7.0.4.tgz. Extracting by manifest.
2605 silly tarball no local data for pkg-types@https://registry.npmjs.org/pkg-types/-/pkg-types-2.3.0.tgz. Extracting by manifest.
2606 silly tarball no local data for pathe@https://registry.npmjs.org/pathe/-/pathe-1.1.2.tgz. Extracting by manifest.
2607 silly tarball no local data for exit-hook@https://registry.npmjs.org/exit-hook/-/exit-hook-2.2.1.tgz. Extracting by manifest.
2608 silly tarball no local data for chokidar@https://registry.npmjs.org/chokidar/-/chokidar-4.0.3.tgz. Extracting by manifest.
2609 silly tarball no local data for babel-dead-code-elimination@https://registry.npmjs.org/babel-dead-code-elimination/-/babel-dead-code-elimination-1.0.12.tgz. Extracting by manifest.
2610 silly tarball no local data for @remix-run/node-fetch-server@https://registry.npmjs.org/@remix-run/node-fetch-server/-/node-fetch-server-0.9.0.tgz. Extracting by manifest.
2611 silly tarball no local data for @react-router/node@https://registry.npmjs.org/@react-router/node/-/node-7.12.0.tgz. Extracting by manifest.
2612 silly tarball no local data for arg@https://registry.npmjs.org/arg/-/arg-5.0.2.tgz. Extracting by manifest.
2613 silly tarball no local data for jsesc@https://registry.npmjs.org/jsesc/-/jsesc-3.0.2.tgz. Extracting by manifest.
2614 silly tarball no local data for react-router@https://registry.npmjs.org/react-router/-/react-router-7.12.0.tgz. Extracting by manifest.
2615 silly tarball no local data for @babel/preset-typescript@https://registry.npmjs.org/@babel/preset-typescript/-/preset-typescript-7.28.5.tgz. Extracting by manifest.
2616 silly tarball no local data for dedent@https://registry.npmjs.org/dedent/-/dedent-1.7.2.tgz. Extracting by manifest.
2617 silly tarball no local data for @babel/plugin-syntax-jsx@https://registry.npmjs.org/@babel/plugin-syntax-jsx/-/plugin-syntax-jsx-7.28.6.tgz. Extracting by manifest.
2618 silly tarball no local data for @shopify/hydrogen-react@https://registry.npmjs.org/@shopify/hydrogen-react/-/hydrogen-react-2025.10.0.tgz. Extracting by manifest.
2619 silly tarball no local data for react-refresh@https://registry.npmjs.org/react-refresh/-/react-refresh-0.14.2.tgz. Extracting by manifest.
2620 silly tarball no local data for react@https://registry.npmjs.org/react/-/react-18.3.1.tgz. Extracting by manifest.
2621 silly tarball no local data for @react-router/dev@https://registry.npmjs.org/@react-router/dev/-/dev-7.12.0.tgz. Extracting by manifest.
2622 silly tarball no local data for @shopify/hydrogen@https://registry.npmjs.org/@shopify/hydrogen/-/hydrogen-2025.10.1.tgz. Extracting by manifest.
2623 silly tarball no local data for lodash@https://registry.npmjs.org/lodash/-/lodash-4.17.23.tgz. Extracting by manifest.
2624 silly tarball no local data for isbot@https://registry.npmjs.org/isbot/-/isbot-5.1.35.tgz. Extracting by manifest.
2625 silly tarball no local data for pkce-challenge@https://registry.npmjs.org/pkce-challenge/-/pkce-challenge-5.0.1.tgz. Extracting by manifest.
2626 silly tarball no local data for express-rate-limit@https://registry.npmjs.org/express-rate-limit/-/express-rate-limit-8.2.1.tgz. Extracting by manifest.
2627 silly tarball no local data for express@https://registry.npmjs.org/express/-/express-5.2.1.tgz. Extracting by manifest.
2628 silly tarball no local data for zod-to-json-schema@https://registry.npmjs.org/zod-to-json-schema/-/zod-to-json-schema-3.25.1.tgz. Extracting by manifest.
2629 silly tarball no local data for jose@https://registry.npmjs.org/jose/-/jose-6.1.3.tgz. Extracting by manifest.
2630 silly tarball no local data for eventsource@https://registry.npmjs.org/eventsource/-/eventsource-3.0.7.tgz. Extracting by manifest.
2631 silly tarball no local data for eventsource-parser@https://registry.npmjs.org/eventsource-parser/-/eventsource-parser-3.0.6.tgz. Extracting by manifest.
2632 silly tarball no local data for raw-body@https://registry.npmjs.org/raw-body/-/raw-body-3.0.2.tgz. Extracting by manifest.
2633 silly tarball no local data for json-schema-typed@https://registry.npmjs.org/json-schema-typed/-/json-schema-typed-8.0.2.tgz. Extracting by manifest.
2634 silly tarball no local data for content-type@https://registry.npmjs.org/content-type/-/content-type-1.0.5.tgz. Extracting by manifest.
2635 silly tarball no local data for @hono/node-server@https://registry.npmjs.org/@hono/node-server/-/node-server-1.19.9.tgz. Extracting by manifest.
2636 silly tarball no local data for cors@https://registry.npmjs.org/cors/-/cors-2.8.6.tgz. Extracting by manifest.
2637 silly tarball no local data for zod@https://registry.npmjs.org/zod/-/zod-3.25.76.tgz. Extracting by manifest.
2638 silly tarball no local data for ajv@https://registry.npmjs.org/ajv/-/ajv-8.18.0.tgz. Extracting by manifest.
2639 silly tarball no local data for ajv-formats@https://registry.npmjs.org/ajv-formats/-/ajv-formats-3.0.1.tgz. Extracting by manifest.
2640 silly tarball no local data for hono@https://registry.npmjs.org/hono/-/hono-4.12.3.tgz. Extracting by manifest.
2641 silly tarball no local data for type-fest@https://registry.npmjs.org/type-fest/-/type-fest-4.41.0.tgz. Extracting by manifest.
2642 silly tarball no local data for graphql@https://registry.npmjs.org/graphql/-/graphql-16.13.0.tgz. Extracting by manifest.
2643 silly tarball no local data for execa@https://registry.npmjs.org/execa/-/execa-8.0.1.tgz. Extracting by manifest.
2644 silly tarball no local data for toml@https://registry.npmjs.org/toml/-/toml-3.0.0.tgz. Extracting by manifest.
2645 silly tarball no local data for preact@https://registry.npmjs.org/preact/-/preact-10.28.4.tgz. Extracting by manifest.
2646 silly tarball no local data for schema-dts@https://registry.npmjs.org/schema-dts/-/schema-dts-1.1.5.tgz. Extracting by manifest.
2647 silly tarball no local data for @shopify/ui-extensions@https://registry.npmjs.org/@shopify/ui-extensions/-/ui-extensions-2025.11.0.tgz. Extracting by manifest.
2648 silly tarball no local data for @shopify/theme-check-node@https://registry.npmjs.org/@shopify/theme-check-node/-/theme-check-node-3.23.0.tgz. Extracting by manifest.
2649 silly tarball no local data for env-paths@https://registry.npmjs.org/env-paths/-/env-paths-3.0.0.tgz. Extracting by manifest.
2650 silly tarball no local data for @modelcontextprotocol/sdk@https://registry.npmjs.org/@modelcontextprotocol/sdk/-/sdk-1.27.1.tgz. Extracting by manifest.
2651 silly tarball no local data for @shopify/theme-check-common@https://registry.npmjs.org/@shopify/theme-check-common/-/theme-check-common-3.23.0.tgz. Extracting by manifest.
2652 silly tarball no local data for is-promise@https://registry.npmjs.org/is-promise/-/is-promise-4.0.0.tgz. Extracting by manifest.
2653 silly tarball no local data for vite@https://registry.npmjs.org/vite/-/vite-6.4.1.tgz. Extracting by manifest.
2654 silly tarball no local data for path-key@https://registry.npmjs.org/path-key/-/path-key-4.0.0.tgz. Extracting by manifest.
2655 silly tarball no local data for @shopify/app-bridge-types@https://registry.npmjs.org/@shopify/app-bridge-types/-/app-bridge-types-0.5.3.tgz. Extracting by manifest.
2656 silly tarball no local data for @shopify/polaris-types@https://registry.npmjs.org/@shopify/polaris-types/-/polaris-types-1.0.1.tgz. Extracting by manifest.
2657 silly tarball no local data for @shopify/dev-mcp@https://registry.npmjs.org/@shopify/dev-mcp/-/dev-mcp-1.6.0.tgz. Extracting by manifest.
2658 silly tarball no local data for minimatch@https://registry.npmjs.org/minimatch/-/minimatch-5.1.9.tgz. Extracting by manifest.
2659 silly tarball no local data for env-paths@https://registry.npmjs.org/env-paths/-/env-paths-2.2.1.tgz. Extracting by manifest.
2660 silly tarball no local data for @shopify/theme-check-docs-updater@https://registry.npmjs.org/@shopify/theme-check-docs-updater/-/theme-check-docs-updater-3.23.0.tgz. Extracting by manifest.
2661 http fetch POST 200 https://registry.npmjs.org/-/npm/v1/security/advisories/bulk 1172ms
2662 silly audit report {}
2663 http fetch GET 200 https://registry.npmjs.org/regexparam/-/regexparam-2.0.2.tgz 1666ms (cache miss)
2664 http fetch GET 200 https://registry.npmjs.org/webidl-conversions/-/webidl-conversions-3.0.1.tgz 1663ms (cache miss)
2665 http fetch GET 200 https://registry.npmjs.org/path-browserify/-/path-browserify-1.0.1.tgz 1639ms (cache miss)
2666 http fetch GET 200 https://registry.npmjs.org/media-typer/-/media-typer-1.1.0.tgz 1648ms (cache miss)
2667 http fetch GET 200 https://registry.npmjs.org/@vscode/l10n/-/l10n-0.0.18.tgz 1700ms (cache miss)
2668 http fetch GET 200 https://registry.npmjs.org/vscode-languageserver-textdocument/-/vscode-languageserver-textdocument-1.0.12.tgz 1689ms (cache miss)
2669 http fetch GET 200 https://registry.npmjs.org/is-arrayish/-/is-arrayish-0.3.4.tgz 1665ms (cache miss)
2670 http fetch GET 200 https://registry.npmjs.org/unpipe/-/unpipe-1.0.0.tgz 1706ms (cache miss)
2671 http fetch GET 200 https://registry.npmjs.org/ipaddr.js/-/ipaddr.js-1.9.1.tgz 1703ms (cache miss)
2672 http fetch GET 200 https://registry.npmjs.org/set-cookie-parser/-/set-cookie-parser-2.7.2.tgz 1710ms (cache miss)
2673 http fetch GET 200 https://registry.npmjs.org/lie/-/lie-3.3.0.tgz 1704ms (cache miss)
2674 http fetch GET 200 https://registry.npmjs.org/immediate/-/immediate-3.0.6.tgz 1710ms (cache miss)
2675 http fetch GET 200 https://registry.npmjs.org/buffer-from/-/buffer-from-1.1.2.tgz 1723ms (cache miss)
2676 http fetch GET 200 https://registry.npmjs.org/forwarded/-/forwarded-0.2.0.tgz 1706ms (cache miss)
2677 http fetch GET 200 https://registry.npmjs.org/is-promise/-/is-promise-2.2.2.tgz 1707ms (cache miss)
2678 http fetch GET 200 https://registry.npmjs.org/mimic-fn/-/mimic-fn-4.0.0.tgz 1744ms (cache miss)
2679 http fetch GET 200 https://registry.npmjs.org/whatwg-url/-/whatwg-url-5.0.0.tgz 1772ms (cache miss)
2680 http fetch GET 200 https://registry.npmjs.org/brace-expansion/-/brace-expansion-2.0.2.tgz 1771ms (cache miss)
2681 http fetch GET 200 https://registry.npmjs.org/ee-first/-/ee-first-1.1.1.tgz 1775ms (cache miss)
2682 http fetch GET 200 https://registry.npmjs.org/path-to-regexp/-/path-to-regexp-8.3.0.tgz 1814ms (cache miss)
2683 http fetch GET 200 https://registry.npmjs.org/wrappy/-/wrappy-1.0.2.tgz 1805ms (cache miss)
2684 http fetch GET 200 https://registry.npmjs.org/@types/trusted-types/-/trusted-types-2.0.7.tgz 1815ms (cache miss)
2685 http fetch GET 200 https://registry.npmjs.org/isobject/-/isobject-2.1.0.tgz 1811ms (cache miss)
2686 http fetch GET 200 https://registry.npmjs.org/toidentifier/-/toidentifier-1.0.1.tgz 1851ms (cache miss)
2687 http fetch GET 200 https://registry.npmjs.org/isarray/-/isarray-1.0.0.tgz 1887ms (cache miss)
2688 http fetch GET 200 https://registry.npmjs.org/inflight/-/inflight-1.0.6.tgz 1885ms (cache miss)
2689 http fetch GET 200 https://registry.npmjs.org/inherits/-/inherits-2.0.4.tgz 1912ms (cache miss)
2690 http fetch GET 200 https://registry.npmjs.org/simple-swizzle/-/simple-swizzle-0.2.4.tgz 1916ms (cache miss)
2691 http fetch GET 200 https://registry.npmjs.org/setprototypeof/-/setprototypeof-1.2.0.tgz 1919ms (cache miss)
2692 warn deprecated inflight@1.0.6: This module is not supported, and leaks memory. Do not use it. Check out lru-cache if you want a good and tested way to coalesce async requests by a key value, which is much more comprehensive and powerful.
2693 http fetch GET 200 https://registry.npmjs.org/color-string/-/color-string-1.9.1.tgz 1934ms (cache miss)
2694 http fetch GET 200 https://registry.npmjs.org/fs.realpath/-/fs.realpath-1.0.0.tgz 1973ms (cache miss)
2695 http fetch GET 200 https://registry.npmjs.org/statuses/-/statuses-2.0.2.tgz 1950ms (cache miss)
2696 http fetch GET 200 https://registry.npmjs.org/once/-/once-1.4.0.tgz 1945ms (cache miss)
2697 http fetch GET 200 https://registry.npmjs.org/parseurl/-/parseurl-1.3.3.tgz 1952ms (cache miss)
2698 http fetch GET 200 https://registry.npmjs.org/serve-static/-/serve-static-2.2.1.tgz 2000ms (cache miss)
2699 http fetch GET 200 https://registry.npmjs.org/proxy-addr/-/proxy-addr-2.0.7.tgz 1994ms (cache miss)
2700 http fetch GET 200 https://registry.npmjs.org/on-finished/-/on-finished-2.4.1.tgz 1989ms (cache miss)
2701 http fetch GET 200 https://registry.npmjs.org/merge-descriptors/-/merge-descriptors-2.0.0.tgz 1999ms (cache miss)
2702 http fetch GET 200 https://registry.npmjs.org/http-errors/-/http-errors-2.0.1.tgz 2021ms (cache miss)
2703 http fetch GET 200 https://registry.npmjs.org/fresh/-/fresh-2.0.0.tgz 2018ms (cache miss)
2704 http fetch GET 200 https://registry.npmjs.org/mime-types/-/mime-types-3.0.2.tgz 2018ms (cache miss)
2705 http fetch GET 200 https://registry.npmjs.org/exsolve/-/exsolve-1.0.8.tgz 2101ms (cache miss)
2706 http fetch GET 200 https://registry.npmjs.org/send/-/send-1.2.1.tgz 2038ms (cache miss)
2707 http fetch GET 200 https://registry.npmjs.org/range-parser/-/range-parser-1.2.1.tgz 2033ms (cache miss)
2708 http fetch GET 200 https://registry.npmjs.org/etag/-/etag-1.8.1.tgz 2031ms (cache miss)
2709 http fetch GET 200 https://registry.npmjs.org/escape-html/-/escape-html-1.0.3.tgz 2030ms (cache miss)
2710 http fetch GET 200 https://registry.npmjs.org/cookie-signature/-/cookie-signature-1.2.2.tgz 2052ms (cache miss)
2711 http fetch GET 200 https://registry.npmjs.org/bytes/-/bytes-3.1.2.tgz 2127ms (cache miss)
2712 http fetch GET 200 https://registry.npmjs.org/color/-/color-3.2.1.tgz 2125ms (cache miss)
2713 http fetch GET 200 https://registry.npmjs.org/content-disposition/-/content-disposition-1.0.1.tgz 2092ms (cache miss)
2714 http fetch GET 200 https://registry.npmjs.org/finalhandler/-/finalhandler-2.1.1.tgz 2090ms (cache miss)
2715 http fetch GET 200 https://registry.npmjs.org/npm-run-path/-/npm-run-path-5.3.0.tgz 2089ms (cache miss)
2716 http fetch GET 200 https://registry.npmjs.org/type-is/-/type-is-2.0.1.tgz 2136ms (cache miss)
2717 http fetch GET 200 https://registry.npmjs.org/body-parser/-/body-parser-2.2.2.tgz 2109ms (cache miss)
2718 http fetch GET 200 https://registry.npmjs.org/accepts/-/accepts-2.0.0.tgz 2107ms (cache miss)
2719 http fetch GET 200 https://registry.npmjs.org/encodeurl/-/encodeurl-2.0.0.tgz 2116ms (cache miss)
2720 http fetch GET 200 https://registry.npmjs.org/merge-stream/-/merge-stream-2.0.0.tgz 2096ms (cache miss)
2721 http fetch GET 200 https://registry.npmjs.org/onetime/-/onetime-6.0.0.tgz 2098ms (cache miss)
2722 http fetch GET 200 https://registry.npmjs.org/strip-final-newline/-/strip-final-newline-3.0.0.tgz 2096ms (cache miss)
2723 http fetch GET 200 https://registry.npmjs.org/human-signals/-/human-signals-5.0.0.tgz 2126ms (cache miss)
2724 http fetch GET 200 https://registry.npmjs.org/require-from-string/-/require-from-string-2.0.2.tgz 2147ms (cache miss)
2725 http fetch GET 200 https://registry.npmjs.org/is-stream/-/is-stream-3.0.0.tgz 2155ms (cache miss)
2726 http fetch GET 200 https://registry.npmjs.org/vary/-/vary-1.1.2.tgz 2190ms (cache miss)
2727 http fetch GET 200 https://registry.npmjs.org/color-name/-/color-name-1.1.3.tgz 2281ms (cache miss)
2728 http fetch GET 200 https://registry.npmjs.org/use-isomorphic-layout-effect/-/use-isomorphic-layout-effect-1.2.1.tgz 2154ms (cache miss)
2729 http fetch GET 200 https://registry.npmjs.org/cookie/-/cookie-0.7.2.tgz 2232ms (cache miss)
2730 http fetch GET 200 https://registry.npmjs.org/promise-worker-transferable/-/promise-worker-transferable-1.0.4.tgz 2160ms (cache miss)
2731 http fetch GET 200 https://registry.npmjs.org/safer-buffer/-/safer-buffer-2.1.2.tgz 2327ms (cache miss)
2732 http fetch GET 200 https://registry.npmjs.org/use-resize-observer/-/use-resize-observer-9.1.0.tgz 2175ms (cache miss)
2733 http fetch GET 200 https://registry.npmjs.org/color-convert/-/color-convert-1.9.3.tgz 2330ms (cache miss)
2734 http fetch GET 200 https://registry.npmjs.org/esbuild/-/esbuild-0.25.12.tgz 2472ms (cache miss)
2735 http fetch GET 200 https://registry.npmjs.org/depd/-/depd-2.0.0.tgz 2326ms (cache miss)
2736 http fetch GET 200 https://registry.npmjs.org/content-security-policy-builder/-/content-security-policy-builder-2.3.0.tgz 2253ms (cache miss)
2737 http fetch GET 200 https://registry.npmjs.org/mime-db/-/mime-db-1.54.0.tgz 2457ms (cache miss)
2738 http fetch GET 200 https://registry.npmjs.org/@babel/helper-optimise-call-expression/-/helper-optimise-call-expression-7.27.1.tgz 2284ms (cache miss)
2739 http fetch GET 200 https://registry.npmjs.org/line-column/-/line-column-1.0.2.tgz 2307ms (cache miss)
2740 http fetch GET 200 https://registry.npmjs.org/@babel/helper-skip-transparent-expression-wrappers/-/helper-skip-transparent-expression-wrappers-7.27.1.tgz 2300ms (cache miss)
2741 http fetch GET 200 https://registry.npmjs.org/@babel/helper-annotate-as-pure/-/helper-annotate-as-pure-7.27.3.tgz 2298ms (cache miss)
2742 http fetch GET 200 https://registry.npmjs.org/glob/-/glob-8.1.0.tgz 2374ms (cache miss)
2743 http fetch GET 200 https://registry.npmjs.org/@babel/helper-plugin-utils/-/helper-plugin-utils-7.28.6.tgz 2310ms (cache miss)
2744 http fetch GET 200 https://registry.npmjs.org/@babel/plugin-syntax-typescript/-/plugin-syntax-typescript-7.28.6.tgz 2324ms (cache miss)
2745 http fetch GET 200 https://registry.npmjs.org/@mjackson/node-fetch-server/-/node-fetch-server-0.2.0.tgz 2337ms (cache miss)
2746 http fetch GET 200 https://registry.npmjs.org/@babel/helper-member-expression-to-functions/-/helper-member-expression-to-functions-7.28.5.tgz 2331ms (cache miss)
2747 http fetch GET 200 https://registry.npmjs.org/router/-/router-2.2.0.tgz 2467ms (cache miss)
2748 warn deprecated glob@8.1.0: Old versions of glob are not supported, and contain widely publicized security vulnerabilities, which have been fixed in the current version. Please update. Support for old versions may be purchased (at exorbitant rates) by contacting i@izs.me
2749 http fetch GET 200 https://registry.npmjs.org/@xstate/fsm/-/fsm-2.0.0.tgz 2391ms (cache miss)
2750 http fetch GET 200 https://registry.npmjs.org/pkg-types/-/pkg-types-2.3.0.tgz 2353ms (cache miss)
2751 http fetch GET 200 https://registry.npmjs.org/exit-hook/-/exit-hook-2.2.1.tgz 2354ms (cache miss)
2752 http fetch GET 200 https://registry.npmjs.org/tr46/-/tr46-0.0.3.tgz 2664ms (cache miss)
2753 http fetch GET 200 https://registry.npmjs.org/readdirp/-/readdirp-4.1.2.tgz 2657ms (cache miss)
2754 http fetch GET 200 https://registry.npmjs.org/negotiator/-/negotiator-1.0.0.tgz 2780ms (cache miss)
2755 http fetch GET 200 https://registry.npmjs.org/arg/-/arg-5.0.2.tgz 2604ms (cache miss)
2756 http fetch GET 200 https://registry.npmjs.org/source-map-support/-/source-map-support-0.5.21.tgz 2692ms (cache miss)
2757 http fetch GET 200 https://registry.npmjs.org/node-fetch/-/node-fetch-2.7.0.tgz 2745ms (cache miss)
2758 http fetch GET 200 https://registry.npmjs.org/@babel/plugin-syntax-jsx/-/plugin-syntax-jsx-7.28.6.tgz 2668ms (cache miss)
2759 http fetch GET 200 https://registry.npmjs.org/dedent/-/dedent-1.7.2.tgz 2670ms (cache miss)
2760 http fetch GET 200 https://registry.npmjs.org/@babel/helper-replace-supers/-/helper-replace-supers-7.28.6.tgz 2709ms (cache miss)
2761 http fetch GET 200 https://registry.npmjs.org/babel-dead-code-elimination/-/babel-dead-code-elimination-1.0.12.tgz 2745ms (cache miss)
2762 http fetch GET 200 https://registry.npmjs.org/@react-router/node/-/node-7.12.0.tgz 2742ms (cache miss)
2763 http fetch GET 200 https://registry.npmjs.org/jsesc/-/jsesc-3.0.2.tgz 2742ms (cache miss)
2764 http fetch GET 200 https://registry.npmjs.org/@babel/preset-typescript/-/preset-typescript-7.28.5.tgz 2749ms (cache miss)
2765 http fetch GET 200 https://registry.npmjs.org/isbot/-/isbot-5.1.35.tgz 2762ms (cache miss)
2766 http fetch GET 200 https://registry.npmjs.org/pkce-challenge/-/pkce-challenge-5.0.1.tgz 2768ms (cache miss)
2767 http fetch GET 200 https://registry.npmjs.org/vscode-languageserver-types/-/vscode-languageserver-types-3.17.5.tgz 3171ms (cache miss)
2768 http fetch GET 200 https://registry.npmjs.org/cac/-/cac-6.7.14.tgz 3204ms (cache miss)
2769 http fetch GET 200 https://registry.npmjs.org/json-schema-traverse/-/json-schema-traverse-1.0.0.tgz 3027ms (cache miss)
2770 http fetch GET 200 https://registry.npmjs.org/content-type/-/content-type-1.0.5.tgz 2926ms (cache miss)
2771 http fetch GET 200 https://registry.npmjs.org/cors/-/cors-2.8.6.tgz 2951ms (cache miss)
2772 http fetch GET 200 https://registry.npmjs.org/eventsource-parser/-/eventsource-parser-3.0.6.tgz 2963ms (cache miss)
2773 http fetch GET 200 https://registry.npmjs.org/@babel/plugin-transform-modules-commonjs/-/plugin-transform-modules-commonjs-7.28.6.tgz 3038ms (cache miss)
2774 http fetch GET 200 https://registry.npmjs.org/cross-fetch/-/cross-fetch-4.1.0.tgz 3141ms (cache miss)
2775 http fetch GET 200 https://registry.npmjs.org/get-stream/-/get-stream-8.0.1.tgz 3185ms (cache miss)
2776 http fetch GET 200 https://registry.npmjs.org/scheduler/-/scheduler-0.23.2.tgz 3356ms (cache miss)
2777 http fetch GET 200 https://registry.npmjs.org/react-refresh/-/react-refresh-0.14.2.tgz 3075ms (cache miss)
2778 http fetch GET 200 https://registry.npmjs.org/chokidar/-/chokidar-4.0.3.tgz 3114ms (cache miss)
2779 http fetch GET 200 https://registry.npmjs.org/express-rate-limit/-/express-rate-limit-8.2.1.tgz 3153ms (cache miss)
2780 http fetch GET 200 https://registry.npmjs.org/@babel/plugin-transform-typescript/-/plugin-transform-typescript-7.28.6.tgz 3220ms (cache miss)
2781 http fetch GET 200 https://registry.npmjs.org/express/-/express-5.2.1.tgz 3187ms (cache miss)
2782 http fetch GET 200 https://registry.npmjs.org/qs/-/qs-6.15.0.tgz 3546ms (cache miss)
2783 http fetch GET 200 https://registry.npmjs.org/eventsource/-/eventsource-3.0.7.tgz 3370ms (cache miss)
2784 http fetch GET 200 https://registry.npmjs.org/pathe/-/pathe-1.1.2.tgz 3455ms (cache miss)
2785 http fetch GET 200 https://registry.npmjs.org/vscode-uri/-/vscode-uri-3.1.0.tgz 3558ms (cache miss)
2786 http fetch GET 200 https://registry.npmjs.org/@lit-labs/ssr-dom-shim/-/ssr-dom-shim-1.5.1.tgz 3705ms (cache miss)
2787 http fetch GET 200 https://registry.npmjs.org/@shopify/liquid-html-parser/-/liquid-html-parser-2.9.0.tgz 3556ms (cache miss)
2788 http fetch GET 200 https://registry.npmjs.org/@babel/helper-create-class-features-plugin/-/helper-create-class-features-plugin-7.28.6.tgz 3529ms (cache miss)
2789 http fetch GET 200 https://registry.npmjs.org/raw-body/-/raw-body-3.0.2.tgz 3504ms (cache miss)
2790 http fetch GET 200 https://registry.npmjs.org/source-map/-/source-map-0.6.1.tgz 3869ms (cache miss)
2791 http fetch GET 200 https://registry.npmjs.org/@remix-run/node-fetch-server/-/node-fetch-server-0.9.0.tgz 3598ms (cache miss)
2792 http fetch GET 200 https://registry.npmjs.org/react/-/react-18.3.1.tgz 3620ms (cache miss)
2793 http fetch GET 200 https://registry.npmjs.org/jsonc-parser/-/jsonc-parser-3.3.1.tgz 3750ms (cache miss)
2794 http fetch GET 200 https://registry.npmjs.org/events/-/events-3.3.0.tgz 3894ms (cache miss)
2795 http fetch GET 200 https://registry.npmjs.org/valibot/-/valibot-1.2.0.tgz 3725ms (cache miss)
2796 http fetch GET 200 https://registry.npmjs.org/confbox/-/confbox-0.2.4.tgz 3979ms (cache miss)
2797 http fetch GET 200 https://registry.npmjs.org/iconv-lite/-/iconv-lite-0.7.2.tgz 4027ms (cache miss)
2798 http fetch GET 200 https://registry.npmjs.org/code-block-writer/-/code-block-writer-13.0.3.tgz 4135ms (cache miss)
2799 http fetch GET 200 https://registry.npmjs.org/env-paths/-/env-paths-3.0.0.tgz 3791ms (cache miss)
2800 http fetch GET 200 https://registry.npmjs.org/fast-uri/-/fast-uri-3.1.0.tgz 3983ms (cache miss)
2801 http fetch GET 200 https://registry.npmjs.org/p-map/-/p-map-7.0.4.tgz 3880ms (cache miss)
2802 http fetch GET 200 https://registry.npmjs.org/worktop/-/worktop-0.7.3.tgz 3987ms (cache miss)
2803 http fetch GET 200 https://registry.npmjs.org/signal-exit/-/signal-exit-4.1.0.tgz 4106ms (cache miss)
2804 http fetch GET 200 https://registry.npmjs.org/vite-node/-/vite-node-3.2.4.tgz 4073ms (cache miss)
2805 http fetch GET 200 https://registry.npmjs.org/ajv-formats/-/ajv-formats-3.0.1.tgz 4011ms (cache miss)
2806 http fetch GET 200 https://registry.npmjs.org/flame-chart-js/-/flame-chart-js-2.3.1.tgz 4122ms (cache miss)
2807 http fetch GET 200 https://registry.npmjs.org/@react-router/dev/-/dev-7.12.0.tgz 4077ms (cache miss)
2808 http fetch GET 200 https://registry.npmjs.org/@xstate/react/-/react-3.2.1.tgz 4383ms (cache miss)
2809 http fetch GET 200 https://registry.npmjs.org/ip-address/-/ip-address-10.0.1.tgz 4617ms (cache miss)
2810 http fetch GET 200 https://registry.npmjs.org/@juggle/resize-observer/-/resize-observer-3.4.0.tgz 4905ms (cache miss)
2811 http fetch GET 200 https://registry.npmjs.org/@hono/node-server/-/node-server-1.19.9.tgz 5081ms (cache miss)
2812 http fetch GET 200 https://registry.npmjs.org/is-promise/-/is-promise-4.0.0.tgz 5076ms (cache miss)
2813 http fetch GET 200 https://registry.npmjs.org/minimatch/-/minimatch-5.1.9.tgz 5061ms (cache miss)
2814 http fetch GET 200 https://registry.npmjs.org/fast-glob/-/fast-glob-3.3.3.tgz 5468ms (cache miss)
2815 http fetch GET 200 https://registry.npmjs.org/@shopify/polaris-types/-/polaris-types-1.0.1.tgz 5112ms (cache miss)
2816 http fetch GET 200 https://registry.npmjs.org/minimatch/-/minimatch-9.0.9.tgz 5348ms (cache miss)
2817 http fetch GET 200 https://registry.npmjs.org/env-paths/-/env-paths-2.2.1.tgz 5162ms (cache miss)
2818 http fetch GET 200 https://registry.npmjs.org/execa/-/execa-8.0.1.tgz 5240ms (cache miss)
2819 http fetch GET 200 https://registry.npmjs.org/react-dom/-/react-dom-18.3.1.tgz 5442ms (cache miss)
2820 http fetch GET 200 https://registry.npmjs.org/@shopify/theme-check-node/-/theme-check-node-3.23.0.tgz 5433ms (cache miss)
2821 http fetch GET 200 https://registry.npmjs.org/json-schema-typed/-/json-schema-typed-8.0.2.tgz 5488ms (cache miss)
2822 http fetch GET 200 https://registry.npmjs.org/ohm-js/-/ohm-js-17.5.0.tgz 5759ms (cache miss)
2823 http fetch GET 200 https://registry.npmjs.org/@shopify/app-bridge-types/-/app-bridge-types-0.5.3.tgz 5599ms (cache miss)
2824 http fetch GET 200 https://registry.npmjs.org/path-key/-/path-key-4.0.0.tgz 5764ms (cache miss)
2825 http fetch GET 200 https://registry.npmjs.org/vite/-/vite-6.4.1.tgz 5819ms (cache miss)
2826 http fetch GET 200 https://registry.npmjs.org/vscode-json-languageservice/-/vscode-json-languageservice-5.7.2.tgz 5995ms (cache miss)
2827 http fetch GET 200 https://registry.npmjs.org/lit-element/-/lit-element-4.2.2.tgz 6370ms (cache miss)
2828 http fetch GET 200 https://registry.npmjs.org/@monogrid/gainmap-js/-/gainmap-js-3.4.0.tgz 6227ms (cache miss)
2829 http fetch GET 200 https://registry.npmjs.org/ts-morph/-/ts-morph-25.0.1.tgz 6337ms (cache miss)
2830 http fetch GET 200 https://registry.npmjs.org/@shopify/graphql-client/-/graphql-client-1.4.1.tgz 6331ms (cache miss)
2831 http fetch GET 200 https://registry.npmjs.org/@esbuild/win32-x64/-/win32-x64-0.25.12.tgz 6598ms (cache miss)
2832 http fetch GET 200 https://registry.npmjs.org/@ts-morph/common/-/common-0.26.1.tgz 6592ms (cache miss)
2833 http fetch GET 200 https://registry.npmjs.org/@shopify/theme-check-docs-updater/-/theme-check-docs-updater-3.23.0.tgz 6268ms (cache miss)
2834 http fetch GET 200 https://registry.npmjs.org/schema-dts/-/schema-dts-1.1.5.tgz 6571ms (cache miss)
2835 http fetch GET 200 https://registry.npmjs.org/react-router/-/react-router-7.12.0.tgz 6681ms (cache miss)
2836 http fetch GET 200 https://registry.npmjs.org/prettier/-/prettier-3.8.1.tgz 6739ms (cache miss)
2837 http fetch GET 200 https://registry.npmjs.org/toml/-/toml-3.0.0.tgz 6722ms (cache miss)
2838 http fetch GET 200 https://registry.npmjs.org/jose/-/jose-6.1.3.tgz 6979ms (cache miss)
2839 http fetch GET 200 https://registry.npmjs.org/zod-to-json-schema/-/zod-to-json-schema-3.25.1.tgz 7310ms (cache miss)
2840 http fetch GET 200 https://registry.npmjs.org/@lit/reactive-element/-/reactive-element-2.1.2.tgz 7683ms (cache miss)
2841 http fetch GET 200 https://registry.npmjs.org/@shopify/hydrogen/-/hydrogen-2025.10.1.tgz 8298ms (cache miss)
2842 http fetch GET 200 https://registry.npmjs.org/type-fest/-/type-fest-4.41.0.tgz 8576ms (cache miss)
2843 http fetch GET 200 https://registry.npmjs.org/lit/-/lit-3.3.2.tgz 8801ms (cache miss)
2844 http fetch GET 200 https://registry.npmjs.org/yaml/-/yaml-2.8.2.tgz 8885ms (cache miss)
2845 http fetch GET 200 https://registry.npmjs.org/preact/-/preact-10.28.4.tgz 9283ms (cache miss)
2846 http fetch GET 200 https://registry.npmjs.org/@shopify/dev-mcp/-/dev-mcp-1.6.0.tgz 9392ms (cache miss)
2847 http fetch GET 200 https://registry.npmjs.org/lit-html/-/lit-html-3.3.2.tgz 9962ms (cache miss)
2848 http fetch GET 200 https://registry.npmjs.org/graphql/-/graphql-16.13.0.tgz 9736ms (cache miss)
2849 http fetch GET 200 https://registry.npmjs.org/ajv/-/ajv-8.18.0.tgz 11557ms (cache miss)
2850 http fetch GET 200 https://registry.npmjs.org/lodash/-/lodash-4.17.23.tgz 12125ms (cache miss)
2851 http fetch GET 200 https://registry.npmjs.org/zod/-/zod-3.25.76.tgz 12363ms (cache miss)
2852 http fetch GET 200 https://registry.npmjs.org/@google/model-viewer/-/model-viewer-4.1.0.tgz 12827ms (cache miss)
2853 http fetch GET 200 https://registry.npmjs.org/hono/-/hono-4.12.3.tgz 12774ms (cache miss)
2854 http fetch GET 200 https://registry.npmjs.org/@shopify/theme-check-common/-/theme-check-common-3.23.0.tgz 13272ms (cache miss)
2855 http fetch GET 200 https://registry.npmjs.org/caniuse-lite/-/caniuse-lite-1.0.30001775.tgz 13667ms (cache miss)
2856 http fetch GET 200 https://registry.npmjs.org/@shopify/hydrogen-react/-/hydrogen-react-2025.10.0.tgz 13942ms (cache miss)
2857 http fetch GET 200 https://registry.npmjs.org/@modelcontextprotocol/sdk/-/sdk-1.27.1.tgz 13941ms (cache miss)
2858 http fetch GET 200 https://registry.npmjs.org/three/-/three-0.172.0.tgz 16205ms (cache miss)
2859 http fetch GET 200 https://registry.npmjs.org/@shopify/ui-extensions/-/ui-extensions-2025.11.0.tgz 30180ms (cache miss)
2860 info run esbuild@0.25.12 postinstall node_modules/esbuild node install.js
2861 info run esbuild@0.25.12 postinstall { code: 'EPERM', signal: undefined }
2862 warn cleanup Failed to remove some directories [
2862 warn cleanup   [
2862 warn cleanup     'C:\\dev\\Assemblio\\.npm-cache\\_npx\\8f00c70bd5114901\\node_modules',
2862 warn cleanup     [Error: EPERM: operation not permitted, rmdir 'C:\dev\Assemblio\.npm-cache\_npx\8f00c70bd5114901\node_modules\@shopify\ui-extensions\build\ts'] {
2862 warn cleanup       errno: -4048,
2862 warn cleanup       code: 'EPERM',
2862 warn cleanup       syscall: 'rmdir',
2862 warn cleanup       path: 'C:\\dev\\Assemblio\\.npm-cache\\_npx\\8f00c70bd5114901\\node_modules\\@shopify\\ui-extensions\\build\\ts'
2862 warn cleanup     }
2862 warn cleanup   ],
2862 warn cleanup   [
2862 warn cleanup     'C:\\dev\\Assemblio\\.npm-cache\\_npx\\8f00c70bd5114901\\node_modules\\@shopify',
2862 warn cleanup     [Error: EPERM: operation not permitted, rmdir 'C:\dev\Assemblio\.npm-cache\_npx\8f00c70bd5114901\node_modules\@shopify\ui-extensions\build'] {
2862 warn cleanup       errno: -4048,
2862 warn cleanup       code: 'EPERM',
2862 warn cleanup       syscall: 'rmdir',
2862 warn cleanup       path: 'C:\\dev\\Assemblio\\.npm-cache\\_npx\\8f00c70bd5114901\\node_modules\\@shopify\\ui-extensions\\build'
2862 warn cleanup     }
2862 warn cleanup   ]
2862 warn cleanup ]
2863 verbose stack Error: spawn EPERM
2863 verbose stack     at ChildProcess.spawn (node:internal/child_process:420:11)
2863 verbose stack     at spawn (node:child_process:762:9)
2863 verbose stack     at promiseSpawn (C:\Users\kaspe\AppData\Roaming\npm\node_modules\npm\node_modules\@npmcli\promise-spawn\lib\index.js:39:16)
2863 verbose stack     at spawnWithShell (C:\Users\kaspe\AppData\Roaming\npm\node_modules\npm\node_modules\@npmcli\promise-spawn\lib\index.js:124:10)
2863 verbose stack     at promiseSpawn (C:\Users\kaspe\AppData\Roaming\npm\node_modules\npm\node_modules\@npmcli\promise-spawn\lib\index.js:12:12)
2863 verbose stack     at runScriptPkg (C:\Users\kaspe\AppData\Roaming\npm\node_modules\npm\node_modules\@npmcli\run-script\lib\run-script-pkg.js:79:13)
2863 verbose stack     at runScript (C:\Users\kaspe\AppData\Roaming\npm\node_modules\npm\node_modules\@npmcli\run-script\lib\run-script.js:9:12)
2863 verbose stack     at C:\Users\kaspe\AppData\Roaming\npm\node_modules\npm\node_modules\@npmcli\arborist\lib\arborist\rebuild.js:332:17
2863 verbose stack     at run (C:\Users\kaspe\AppData\Roaming\npm\node_modules\npm\node_modules\promise-call-limit\dist\commonjs\index.js:67:22)
2863 verbose stack     at C:\Users\kaspe\AppData\Roaming\npm\node_modules\npm\node_modules\promise-call-limit\dist\commonjs\index.js:84:9
2864 error code EPERM
2865 error syscall spawn
2866 error errno -4048
2867 error Error: spawn EPERM
2867 error     at ChildProcess.spawn (node:internal/child_process:420:11)
2867 error     at spawn (node:child_process:762:9)
2867 error     at promiseSpawn (C:\Users\kaspe\AppData\Roaming\npm\node_modules\npm\node_modules\@npmcli\promise-spawn\lib\index.js:39:16)
2867 error     at spawnWithShell (C:\Users\kaspe\AppData\Roaming\npm\node_modules\npm\node_modules\@npmcli\promise-spawn\lib\index.js:124:10)
2867 error     at promiseSpawn (C:\Users\kaspe\AppData\Roaming\npm\node_modules\npm\node_modules\@npmcli\promise-spawn\lib\index.js:12:12)
2867 error     at runScriptPkg (C:\Users\kaspe\AppData\Roaming\npm\node_modules\npm\node_modules\@npmcli\run-script\lib\run-script-pkg.js:79:13)
2867 error     at runScript (C:\Users\kaspe\AppData\Roaming\npm\node_modules\npm\node_modules\@npmcli\run-script\lib\run-script.js:9:12)
2867 error     at C:\Users\kaspe\AppData\Roaming\npm\node_modules\npm\node_modules\@npmcli\arborist\lib\arborist\rebuild.js:332:17
2867 error     at run (C:\Users\kaspe\AppData\Roaming\npm\node_modules\npm\node_modules\promise-call-limit\dist\commonjs\index.js:67:22)
2867 error     at C:\Users\kaspe\AppData\Roaming\npm\node_modules\npm\node_modules\promise-call-limit\dist\commonjs\index.js:84:9 {
2867 error   errno: -4048,
2867 error   code: 'EPERM',
2867 error   syscall: 'spawn'
2867 error }
2868 error
2868 error The operation was rejected by your operating system.
2868 error It's possible that the file was already in use (by a text editor or antivirus),
2868 error or that you lack permissions to access it.
2868 error
2868 error If you believe this might be a permissions issue, please double-check the
2868 error permissions of the file and its containing directories, or try running
2868 error the command again as root/Administrator.
2869 silly unfinished npm timer reify 1772424815158
2870 silly unfinished npm timer reify:build 1772424864261
2871 silly unfinished npm timer build 1772424864262
2872 silly unfinished npm timer build:deps 1772424864262
2873 silly unfinished npm timer build:run:postinstall 1772424864425
2874 silly unfinished npm timer build:run:postinstall:node_modules/esbuild 1772424864425
2875 verbose cwd C:\dev\Assemblio
2876 verbose os Windows_NT 10.0.26200
2877 verbose node v20.20.0
2878 verbose npm  v11.6.2
2879 verbose exit -4048
2880 verbose code -4048
2881 error A complete log of this run can be found in: C:\dev\Assemblio\.npm-cache\_logs\2026-03-02T04_13_33_341Z-debug-0.log
