0 verbose cli C:\Program Files\nodejs\node.exe C:\Users\kaspe\AppData\Roaming\npm\node_modules\npm\bin\npm-cli.js
1 info using npm@11.6.2
2 info using node@v20.20.0
3 silly config load:file:C:\Users\kaspe\AppData\Roaming\npm\node_modules\npm\npmrc
4 silly config load:file:C:\dev\Assemblio\.npmrc
5 silly config load:file:C:\Users\kaspe\.npmrc
6 silly config load:file:C:\Users\kaspe\AppData\Roaming\npm\etc\npmrc
7 verbose title npm exec @shopify/dev-mcp@latest --help
8 verbose argv "exec" "--yes" "--" "@shopify/dev-mcp@latest" "--help"
9 verbose logfile logs-max:10 dir:C:\dev\Assemblio\.npm-cache\_logs\2026-03-02T04_17_18_589Z-
10 verbose logfile C:\dev\Assemblio\.npm-cache\_logs\2026-03-02T04_17_18_589Z-debug-0.log
11 silly logfile start cleaning logs, removing 1 files
12 silly logfile done cleaning log files
13 silly packumentCache heap:4345298944 maxSize:1086324736 maxEntrySize:543162368
14 http fetch GET 200 https://registry.npmjs.org/@shopify%2fdev-mcp 197ms (cache revalidated)
15 silly packumentCache heap:4345298944 maxSize:1086324736 maxEntrySize:543162368
16 silly packumentCache heap:4345298944 maxSize:1086324736 maxEntrySize:543162368
17 silly idealTree buildDeps
18 silly fetch manifest @shopify/dev-mcp@1.6.0
19 silly packumentCache full:https://registry.npmjs.org/@shopify%2fdev-mcp cache-miss
20 http cache https://registry.npmjs.org/@shopify%2fdev-mcp 12ms (cache hit)
21 silly packumentCache full:https://registry.npmjs.org/@shopify%2fdev-mcp set size:376369 disposed:false
22 silly placeDep ROOT @shopify/dev-mcp@1.6.0 OK for:  want: 1.6.0
23 silly fetch manifest @modelcontextprotocol/sdk@^1.17.4
24 silly packumentCache full:https://registry.npmjs.org/@modelcontextprotocol%2fsdk cache-miss
25 silly fetch manifest @react-router/dev@^7.1.1
26 silly packumentCache full:https://registry.npmjs.org/@react-router%2fdev cache-miss
27 silly fetch manifest @shopify/app-bridge-types@^0.5.3
28 silly packumentCache full:https://registry.npmjs.org/@shopify%2fapp-bridge-types cache-miss
29 silly fetch manifest @shopify/hydrogen@^2025.7.1
30 silly packumentCache full:https://registry.npmjs.org/@shopify%2fhydrogen cache-miss
31 silly fetch manifest @shopify/hydrogen-react@^2025.7.1
32 silly packumentCache full:https://registry.npmjs.org/@shopify%2fhydrogen-react cache-miss
33 silly fetch manifest @shopify/polaris-types@^1.0.1
34 silly packumentCache full:https://registry.npmjs.org/@shopify%2fpolaris-types cache-miss
35 silly fetch manifest @shopify/theme-check-common@^3.20.0
36 silly packumentCache full:https://registry.npmjs.org/@shopify%2ftheme-check-common cache-miss
37 silly fetch manifest @shopify/theme-check-docs-updater@^3.20.0
38 silly packumentCache full:https://registry.npmjs.org/@shopify%2ftheme-check-docs-updater cache-miss
39 silly fetch manifest @shopify/theme-check-node@^3.20.0
40 silly packumentCache full:https://registry.npmjs.org/@shopify%2ftheme-check-node cache-miss
41 silly fetch manifest @shopify/ui-extensions@^2025.10.11
42 silly packumentCache full:https://registry.npmjs.org/@shopify%2fui-extensions cache-miss
43 silly fetch manifest @types/react@^19.2.2
44 silly packumentCache full:https://registry.npmjs.org/@types%2freact cache-miss
45 silly fetch manifest env-paths@^3.0.0
46 silly packumentCache full:https://registry.npmjs.org/env-paths cache-miss
47 silly fetch manifest execa@^8.0.1
48 silly packumentCache full:https://registry.npmjs.org/execa cache-miss
49 silly fetch manifest graphql@^16.11.0
50 silly packumentCache full:https://registry.npmjs.org/graphql cache-miss
51 silly fetch manifest preact@^10.27.2
52 silly packumentCache full:https://registry.npmjs.org/preact cache-miss
53 http cache https://registry.npmjs.org/@modelcontextprotocol%2fsdk 64ms (cache hit)
54 silly packumentCache full:https://registry.npmjs.org/@modelcontextprotocol%2fsdk set size:268266 disposed:false
55 silly fetch manifest react-router@^7.1.1
56 silly packumentCache full:https://registry.npmjs.org/react-router cache-miss
57 http cache https://registry.npmjs.org/@shopify%2fpolaris-types 67ms (cache hit)
58 silly packumentCache full:https://registry.npmjs.org/@shopify%2fpolaris-types set size:6165 disposed:false
59 silly fetch manifest schema-dts@^1.1.5
60 silly packumentCache full:https://registry.npmjs.org/schema-dts cache-miss
61 http cache https://registry.npmjs.org/@shopify%2fapp-bridge-types 73ms (cache hit)
62 silly packumentCache full:https://registry.npmjs.org/@shopify%2fapp-bridge-types set size:150840 disposed:false
63 silly fetch manifest toml@^3.0.0
64 silly packumentCache full:https://registry.npmjs.org/toml cache-miss
65 http cache https://registry.npmjs.org/@react-router%2fdev 87ms (cache hit)
66 silly packumentCache full:https://registry.npmjs.org/@react-router%2fdev set size:2802768 disposed:false
67 silly fetch manifest type-fest@^4.31.0
68 silly packumentCache full:https://registry.npmjs.org/type-fest cache-miss
69 http cache https://registry.npmjs.org/@shopify%2fhydrogen 153ms (cache hit)
70 silly packumentCache full:https://registry.npmjs.org/@shopify%2fhydrogen set size:6729091 disposed:false
71 silly fetch manifest typescript@^5.8.2
72 silly packumentCache full:https://registry.npmjs.org/typescript cache-miss
73 http cache https://registry.npmjs.org/env-paths 230ms (cache hit)
74 silly packumentCache full:https://registry.npmjs.org/env-paths set size:26913 disposed:false
75 silly fetch manifest zod@^3.24.2
76 silly packumentCache full:https://registry.npmjs.org/zod cache-miss
77 http cache https://registry.npmjs.org/@shopify%2fhydrogen-react 266ms (cache hit)
78 silly packumentCache full:https://registry.npmjs.org/@shopify%2fhydrogen-react set size:10150485 disposed:false
79 http cache https://registry.npmjs.org/@shopify%2ftheme-check-common 390ms (cache hit)
80 silly packumentCache full:https://registry.npmjs.org/@shopify%2ftheme-check-common set size:227528 disposed:false
81 http cache https://registry.npmjs.org/@shopify%2ftheme-check-docs-updater 405ms (cache hit)
82 silly packumentCache full:https://registry.npmjs.org/@shopify%2ftheme-check-docs-updater set size:208778 disposed:false
83 http cache https://registry.npmjs.org/@types%2freact 415ms (cache hit)
84 silly packumentCache full:https://registry.npmjs.org/@types%2freact set size:2588986 disposed:false
85 http cache https://registry.npmjs.org/@shopify%2fui-extensions 461ms (cache hit)
86 silly packumentCache full:https://registry.npmjs.org/@shopify%2fui-extensions set size:5983891 disposed:false
87 http cache https://registry.npmjs.org/execa 535ms (cache hit)
88 silly packumentCache full:https://registry.npmjs.org/execa set size:181234 disposed:false
89 http cache https://registry.npmjs.org/graphql 549ms (cache hit)
90 silly packumentCache full:https://registry.npmjs.org/graphql set size:799655 disposed:false
91 http cache https://registry.npmjs.org/@shopify%2ftheme-check-node 563ms (cache hit)
92 silly packumentCache full:https://registry.npmjs.org/@shopify%2ftheme-check-node set size:214049 disposed:false
93 http cache https://registry.npmjs.org/preact 566ms (cache hit)
94 silly packumentCache full:https://registry.npmjs.org/preact set size:1802123 disposed:false
95 http cache https://registry.npmjs.org/schema-dts 544ms (cache hit)
96 silly packumentCache full:https://registry.npmjs.org/schema-dts set size:94524 disposed:false
97 http cache https://registry.npmjs.org/type-fest 484ms (cache hit)
98 silly packumentCache full:https://registry.npmjs.org/type-fest set size:554345 disposed:false
99 http cache https://registry.npmjs.org/react-router 573ms (cache hit)
100 silly packumentCache full:https://registry.npmjs.org/react-router set size:3828214 disposed:false
101 http cache https://registry.npmjs.org/typescript 505ms (cache hit)
102 silly packumentCache full:https://registry.npmjs.org/typescript set size:15302714 disposed:false
103 http cache https://registry.npmjs.org/toml 786ms (cache hit)
104 silly packumentCache full:https://registry.npmjs.org/toml set size:48632 disposed:false
105 http cache https://registry.npmjs.org/zod 639ms (cache hit)
106 silly packumentCache full:https://registry.npmjs.org/zod set size:3489329 disposed:false
107 silly fetch manifest @cfworker/json-schema@^4.1.1
108 silly packumentCache full:https://registry.npmjs.org/@cfworker%2fjson-schema cache-miss
109 http cache https://registry.npmjs.org/@cfworker%2fjson-schema 15ms (cache hit)
110 silly packumentCache full:https://registry.npmjs.org/@cfworker%2fjson-schema set size:144207 disposed:false
111 silly fetch manifest @react-router/serve@^7.13.1
112 silly packumentCache full:https://registry.npmjs.org/@react-router%2fserve cache-miss
113 http cache https://registry.npmjs.org/@react-router%2fserve 16ms (cache hit)
114 silly packumentCache full:https://registry.npmjs.org/@react-router%2fserve set size:1682916 disposed:false
115 silly fetch manifest react@>=18
116 silly packumentCache full:https://registry.npmjs.org/react cache-miss
117 http cache https://registry.npmjs.org/react 31ms (cache hit)
118 silly packumentCache full:https://registry.npmjs.org/react set size:6523821 disposed:false
119 silly fetch manifest react-dom@>=18
120 silly packumentCache full:https://registry.npmjs.org/react-dom cache-miss
121 http cache https://registry.npmjs.org/react-dom 37ms (cache hit)
122 silly packumentCache full:https://registry.npmjs.org/react-dom set size:8651400 disposed:false
123 silly fetch manifest @vitejs/plugin-rsc@~0.5.7
124 silly packumentCache full:https://registry.npmjs.org/@vitejs%2fplugin-rsc cache-miss
125 http cache https://registry.npmjs.org/@vitejs%2fplugin-rsc 10ms (cache hit)
126 silly packumentCache full:https://registry.npmjs.org/@vitejs%2fplugin-rsc set size:173297 disposed:false
127 silly fetch manifest react-server-dom-webpack@*
128 silly packumentCache full:https://registry.npmjs.org/react-server-dom-webpack cache-miss
129 http cache https://registry.npmjs.org/react-server-dom-webpack 33ms (cache hit)
130 silly packumentCache full:https://registry.npmjs.org/react-server-dom-webpack set size:6994336 disposed:false
131 silly fetch manifest webpack@^5.59.0
132 silly packumentCache full:https://registry.npmjs.org/webpack cache-miss
133 http cache https://registry.npmjs.org/webpack 23ms (cache hit)
134 silly packumentCache full:https://registry.npmjs.org/webpack set size:4964790 disposed:false
135 silly fetch manifest vite@*
136 silly packumentCache full:https://registry.npmjs.org/vite cache-miss
137 http cache https://registry.npmjs.org/vite 136ms (cache hit)
138 silly packumentCache full:https://registry.npmjs.org/vite set size:38733997 disposed:false
139 silly fetch manifest @types/node@^20.19.0 || >=22.12.0
140 silly packumentCache full:https://registry.npmjs.org/@types%2fnode cache-miss
141 http cache https://registry.npmjs.org/@types%2fnode 56ms (cache hit)
142 silly packumentCache full:https://registry.npmjs.org/@types%2fnode set size:10900244 disposed:false
143 silly fetch manifest jiti@>=1.21.0
144 silly packumentCache full:https://registry.npmjs.org/jiti cache-miss
145 http cache https://registry.npmjs.org/jiti 10ms (cache hit)
146 silly packumentCache full:https://registry.npmjs.org/jiti set size:382310 disposed:false
147 silly fetch manifest less@^4.0.0
148 silly packumentCache full:https://registry.npmjs.org/less cache-miss
149 http cache https://registry.npmjs.org/less 11ms (cache hit)
150 silly packumentCache full:https://registry.npmjs.org/less set size:430648 disposed:false
151 silly fetch manifest lightningcss@^1.21.0
152 silly packumentCache full:https://registry.npmjs.org/lightningcss cache-miss
153 http cache https://registry.npmjs.org/lightningcss 10ms (cache hit)
154 silly packumentCache full:https://registry.npmjs.org/lightningcss set size:182441 disposed:false
155 silly fetch manifest sass@^1.70.0
156 silly packumentCache full:https://registry.npmjs.org/sass cache-miss
157 http cache https://registry.npmjs.org/sass 13ms (cache hit)
158 silly packumentCache full:https://registry.npmjs.org/sass set size:722061 disposed:false
159 silly fetch manifest sass-embedded@^1.70.0
160 silly packumentCache full:https://registry.npmjs.org/sass-embedded cache-miss
161 http cache https://registry.npmjs.org/sass-embedded 12ms (cache hit)
162 silly packumentCache full:https://registry.npmjs.org/sass-embedded set size:407397 disposed:false
163 silly fetch manifest stylus@>=0.54.8
164 silly packumentCache full:https://registry.npmjs.org/stylus cache-miss
165 http cache https://registry.npmjs.org/stylus 12ms (cache hit)
166 silly packumentCache full:https://registry.npmjs.org/stylus set size:286766 disposed:false
167 silly fetch manifest sugarss@^5.0.0
168 silly packumentCache full:https://registry.npmjs.org/sugarss cache-miss
169 http cache https://registry.npmjs.org/sugarss 8ms (cache hit)
170 silly packumentCache full:https://registry.npmjs.org/sugarss set size:44975 disposed:false
171 silly fetch manifest postcss@^8.3.3
172 silly packumentCache full:https://registry.npmjs.org/postcss cache-miss
173 http cache https://registry.npmjs.org/postcss 9ms (cache hit)
174 silly packumentCache full:https://registry.npmjs.org/postcss set size:696248 disposed:false
175 silly fetch manifest terser@^5.16.0
176 silly packumentCache full:https://registry.npmjs.org/terser cache-miss
177 http cache https://registry.npmjs.org/terser 16ms (cache hit)
178 silly packumentCache full:https://registry.npmjs.org/terser set size:786629 disposed:false
179 silly fetch manifest tsx@^4.8.1
180 silly packumentCache full:https://registry.npmjs.org/tsx cache-miss
181 http cache https://registry.npmjs.org/tsx 11ms (cache hit)
182 silly packumentCache full:https://registry.npmjs.org/tsx set size:289592 disposed:false
183 silly fetch manifest yaml@^2.4.2
184 silly packumentCache full:https://registry.npmjs.org/yaml cache-miss
185 http cache https://registry.npmjs.org/yaml 12ms (cache hit)
186 silly packumentCache full:https://registry.npmjs.org/yaml set size:361552 disposed:false
187 silly fetch manifest wrangler@^3.28.2 || ^4.0.0
188 silly packumentCache full:https://registry.npmjs.org/wrangler cache-miss
189 http cache https://registry.npmjs.org/wrangler 102ms (cache hit)
190 silly packumentCache full:https://registry.npmjs.org/wrangler set size:29184968 disposed:false
191 silly fetch manifest @cloudflare/workers-types@^4.20260305.0
192 silly packumentCache full:https://registry.npmjs.org/@cloudflare%2fworkers-types cache-miss
193 http cache https://registry.npmjs.org/@cloudflare%2fworkers-types 15ms (cache hit)
194 silly packumentCache full:https://registry.npmjs.org/@cloudflare%2fworkers-types set size:1392735 disposed:false
195 silly fetch manifest @react-router/dev@7.12.0
196 silly packumentCache full:https://registry.npmjs.org/@react-router%2fdev cache-miss
197 http cache https://registry.npmjs.org/@react-router%2fdev 20ms (cache hit)
198 silly packumentCache full:https://registry.npmjs.org/@react-router%2fdev set size:2802768 disposed:false
199 silly fetch manifest @react-router/serve@^7.12.0
200 silly packumentCache full:https://registry.npmjs.org/@react-router%2fserve cache-miss
201 http cache https://registry.npmjs.org/@react-router%2fserve 12ms (cache hit)
202 silly packumentCache full:https://registry.npmjs.org/@react-router%2fserve set size:1682916 disposed:false
203 silly fetch manifest react-router@7.12.0
204 silly packumentCache full:https://registry.npmjs.org/react-router cache-miss
205 http cache https://registry.npmjs.org/react-router 21ms (cache hit)
206 silly packumentCache full:https://registry.npmjs.org/react-router set size:3828214 disposed:false
207 silly fetch manifest react@^18.3.1 || ~19.0.3 || ~19.1.4 || ^19.2.3
208 silly packumentCache full:https://registry.npmjs.org/react cache-miss
209 http cache https://registry.npmjs.org/react 30ms (cache hit)
210 silly packumentCache full:https://registry.npmjs.org/react set size:6523821 disposed:false
211 silly fetch manifest vite@^5.1.0 || ^6.2.1
212 silly packumentCache full:https://registry.npmjs.org/vite cache-miss
213 http cache https://registry.npmjs.org/vite 114ms (cache hit)
214 silly packumentCache full:https://registry.npmjs.org/vite set size:38733997 disposed:false
215 silly fetch manifest @types/node@^18.0.0 || ^20.0.0 || >=22.0.0
216 silly packumentCache full:https://registry.npmjs.org/@types%2fnode cache-miss
217 http cache https://registry.npmjs.org/@types%2fnode 42ms (cache hit)
218 silly packumentCache full:https://registry.npmjs.org/@types%2fnode set size:10900244 disposed:false
219 silly fetch manifest less@*
220 silly packumentCache full:https://registry.npmjs.org/less cache-hit
221 silly fetch manifest sass@*
222 silly packumentCache full:https://registry.npmjs.org/sass cache-hit
223 silly fetch manifest sass-embedded@*
224 silly packumentCache full:https://registry.npmjs.org/sass-embedded cache-hit
225 silly fetch manifest stylus@*
226 silly packumentCache full:https://registry.npmjs.org/stylus cache-hit
227 silly fetch manifest sugarss@*
228 silly packumentCache full:https://registry.npmjs.org/sugarss cache-hit
229 silly fetch manifest react-dom@^18.3.1 || ~19.0.3 || ~19.1.4 || ^19.2.3
230 silly packumentCache full:https://registry.npmjs.org/react-dom cache-miss
231 http cache https://registry.npmjs.org/react-dom 36ms (cache hit)
232 silly packumentCache full:https://registry.npmjs.org/react-dom set size:8651400 disposed:false
233 silly fetch manifest @preact/signals@*
234 silly packumentCache full:https://registry.npmjs.org/@preact%2fsignals cache-miss
235 http cache https://registry.npmjs.org/@preact%2fsignals 11ms (cache hit)
236 silly packumentCache full:https://registry.npmjs.org/@preact%2fsignals set size:146424 disposed:false
237 silly placeDep ROOT @modelcontextprotocol/sdk@1.27.1 OK for: @shopify/dev-mcp@1.6.0 want: ^1.17.4
238 silly placeDep ROOT @react-router/dev@7.13.1 OK for: @shopify/dev-mcp@1.6.0 want: ^7.1.1
239 silly placeDep ROOT vite@7.3.1 OK for: @react-router/dev@7.13.1 want: ^5.1.0 || ^6.0.0 || ^7.0.0
240 silly placeDep ROOT react-router@7.13.1 OK for: @react-router/dev@7.13.1 want: ^7.13.1
241 silly placeDep ROOT react@19.2.4 OK for: react-router@7.13.1 want: >=18
242 silly placeDep ROOT @shopify/app-bridge-types@0.5.3 OK for: @shopify/dev-mcp@1.6.0 want: ^0.5.3
243 silly placeDep ROOT @shopify/hydrogen@2025.10.1 OK for: @shopify/dev-mcp@1.6.0 want: ^2025.7.1
244 silly placeDep ROOT @react-router/dev@7.12.0 REPLACE for: @shopify/hydrogen@2025.10.1 want: 7.12.0
245 silly placeDep ROOT vite@6.4.1 REPLACE for: @shopify/hydrogen@2025.10.1 want: ^5.1.0 || ^6.2.1
246 silly placeDep ROOT @shopify/hydrogen-react@2025.10.0 OK for: @shopify/dev-mcp@1.6.0 want: ^2025.7.1
247 silly placeDep ROOT react-dom@19.2.4 OK for: @shopify/hydrogen-react@2025.10.0 want: ^18.3.1 || ~19.0.3 || ~19.1.4 || ^19.2.3
248 silly placeDep ROOT @shopify/polaris-types@1.0.1 OK for: @shopify/dev-mcp@1.6.0 want: ^1.0.1
249 silly placeDep ROOT @shopify/theme-check-common@3.23.0 OK for: @shopify/dev-mcp@1.6.0 want: ^3.20.0
250 silly placeDep ROOT @shopify/theme-check-docs-updater@3.23.0 OK for: @shopify/dev-mcp@1.6.0 want: ^3.20.0
251 silly placeDep ROOT @shopify/theme-check-node@3.23.0 OK for: @shopify/dev-mcp@1.6.0 want: ^3.20.0
252 silly placeDep ROOT @shopify/ui-extensions@2025.11.0 OK for: @shopify/dev-mcp@1.6.0 want: ^2025.10.11
253 silly placeDep ROOT @types/react@19.2.14 OK for: @shopify/dev-mcp@1.6.0 want: ^19.2.2
254 silly placeDep ROOT env-paths@3.0.0 OK for: @shopify/dev-mcp@1.6.0 want: ^3.0.0
255 silly placeDep ROOT execa@8.0.1 OK for: @shopify/dev-mcp@1.6.0 want: ^8.0.1
256 silly placeDep ROOT graphql@16.13.0 OK for: @shopify/dev-mcp@1.6.0 want: ^16.11.0
257 silly placeDep ROOT preact@10.28.4 OK for: @shopify/dev-mcp@1.6.0 want: ^10.27.2
258 silly placeDep ROOT schema-dts@1.1.5 OK for: @shopify/dev-mcp@1.6.0 want: ^1.1.5
259 silly placeDep ROOT toml@3.0.0 OK for: @shopify/dev-mcp@1.6.0 want: ^3.0.0
260 silly placeDep ROOT type-fest@4.41.0 OK for: @shopify/dev-mcp@1.6.0 want: ^4.31.0
261 silly placeDep ROOT typescript@5.9.3 OK for: @shopify/dev-mcp@1.6.0 want: ^5.8.2
262 silly placeDep ROOT zod@3.25.76 OK for: @shopify/dev-mcp@1.6.0 want: ^3.24.2
263 silly fetch manifest ajv@^8.17.1
264 silly packumentCache full:https://registry.npmjs.org/ajv cache-miss
265 silly fetch manifest zod@^3.25 || ^4.0
266 silly packumentCache full:https://registry.npmjs.org/zod cache-miss
267 silly fetch manifest cors@^2.8.5
268 silly packumentCache full:https://registry.npmjs.org/cors cache-miss
269 silly fetch manifest hono@^4.11.4
270 silly packumentCache full:https://registry.npmjs.org/hono cache-miss
271 silly fetch manifest jose@^6.1.3
272 silly packumentCache full:https://registry.npmjs.org/jose cache-miss
273 silly fetch manifest express@^5.2.1
274 silly packumentCache full:https://registry.npmjs.org/express cache-miss
275 silly fetch manifest raw-body@^3.0.0
276 silly packumentCache full:https://registry.npmjs.org/raw-body cache-miss
277 silly fetch manifest ajv-formats@^3.0.1
278 silly packumentCache full:https://registry.npmjs.org/ajv-formats cache-miss
279 silly fetch manifest cross-spawn@^7.0.5
280 silly packumentCache full:https://registry.npmjs.org/cross-spawn cache-miss
281 silly fetch manifest eventsource@^3.0.2
282 silly packumentCache full:https://registry.npmjs.org/eventsource cache-miss
283 silly fetch manifest content-type@^1.0.5
284 silly packumentCache full:https://registry.npmjs.org/content-type cache-miss
285 silly fetch manifest pkce-challenge@^5.0.0
286 silly packumentCache full:https://registry.npmjs.org/pkce-challenge cache-miss
287 silly fetch manifest @hono/node-server@^1.19.9
288 silly packumentCache full:https://registry.npmjs.org/@hono%2fnode-server cache-miss
289 silly fetch manifest json-schema-typed@^8.0.2
290 silly packumentCache full:https://registry.npmjs.org/json-schema-typed cache-miss
291 silly fetch manifest eventsource-parser@^3.0.0
292 silly packumentCache full:https://registry.npmjs.org/eventsource-parser cache-miss
293 http cache https://registry.npmjs.org/cors 56ms (cache hit)
294 silly packumentCache full:https://registry.npmjs.org/cors set size:77956 disposed:false
295 silly fetch manifest express-rate-limit@^8.2.1
296 silly packumentCache full:https://registry.npmjs.org/express-rate-limit cache-miss
297 http cache https://registry.npmjs.org/raw-body 58ms (cache hit)
298 silly packumentCache full:https://registry.npmjs.org/raw-body set size:117822 disposed:false
299 silly fetch manifest zod-to-json-schema@^3.25.1
300 silly packumentCache full:https://registry.npmjs.org/zod-to-json-schema cache-miss
301 http cache https://registry.npmjs.org/cross-spawn 61ms (cache hit)
302 silly packumentCache full:https://registry.npmjs.org/cross-spawn set size:109066 disposed:false
303 silly fetch manifest arg@^5.0.1
304 silly packumentCache full:https://registry.npmjs.org/arg cache-miss
305 http cache https://registry.npmjs.org/express 70ms (cache hit)
306 silly packumentCache full:https://registry.npmjs.org/express set size:801204 disposed:false
307 silly fetch manifest isbot@^5.1.11
308 silly packumentCache full:https://registry.npmjs.org/isbot cache-miss
309 http cache https://registry.npmjs.org/ajv-formats 80ms (cache hit)
310 silly packumentCache full:https://registry.npmjs.org/ajv-formats set size:141264 disposed:false
311 silly fetch manifest jsesc@3.0.2
312 silly packumentCache full:https://registry.npmjs.org/jsesc cache-miss
313 http cache https://registry.npmjs.org/eventsource 81ms (cache hit)
314 silly packumentCache full:https://registry.npmjs.org/eventsource set size:128214 disposed:false
315 silly fetch manifest p-map@^7.0.3
316 silly packumentCache full:https://registry.npmjs.org/p-map cache-miss
317 http cache https://registry.npmjs.org/jose 97ms (cache hit)
318 silly packumentCache full:https://registry.npmjs.org/jose set size:1390941 disposed:false
319 silly fetch manifest pathe@^1.1.2
320 silly packumentCache full:https://registry.npmjs.org/pathe cache-miss
321 http cache https://registry.npmjs.org/pkce-challenge 105ms (cache hit)
322 silly packumentCache full:https://registry.npmjs.org/pkce-challenge set size:37734 disposed:false
323 silly fetch manifest dedent@^1.5.3
324 silly packumentCache full:https://registry.npmjs.org/dedent cache-miss
325 http cache https://registry.npmjs.org/eventsource-parser 105ms (cache hit)
326 silly packumentCache full:https://registry.npmjs.org/eventsource-parser set size:66053 disposed:false
327 silly fetch manifest lodash@^4.17.21
328 silly packumentCache full:https://registry.npmjs.org/lodash cache-miss
329 http cache https://registry.npmjs.org/zod 127ms (cache hit)
330 silly packumentCache full:https://registry.npmjs.org/zod set size:3489329 disposed:false
331 silly fetch manifest semver@^7.3.7
332 silly packumentCache full:https://registry.npmjs.org/semver cache-miss
333 http cache https://registry.npmjs.org/hono 168ms (cache hit)
334 silly packumentCache full:https://registry.npmjs.org/hono set size:5409518 disposed:false
335 silly fetch manifest valibot@^1.2.0
336 silly packumentCache full:https://registry.npmjs.org/valibot cache-miss
337 http cache https://registry.npmjs.org/json-schema-typed 217ms (cache hit)
338 silly packumentCache full:https://registry.npmjs.org/json-schema-typed set size:26165 disposed:false
339 silly fetch manifest chokidar@^4.0.0
340 silly packumentCache full:https://registry.npmjs.org/chokidar cache-miss
341 http cache https://registry.npmjs.org/content-type 222ms (cache hit)
342 silly packumentCache full:https://registry.npmjs.org/content-type set size:17311 disposed:false
343 silly fetch manifest prettier@^3.6.2
344 silly packumentCache full:https://registry.npmjs.org/prettier cache-miss
345 http cache https://registry.npmjs.org/@hono%2fnode-server 225ms (cache hit)
346 silly packumentCache full:https://registry.npmjs.org/@hono%2fnode-server set size:219559 disposed:false
347 silly fetch manifest exit-hook@2.2.1
348 silly packumentCache full:https://registry.npmjs.org/exit-hook cache-miss
349 http cache https://registry.npmjs.org/ajv 247ms (cache hit)
350 silly packumentCache full:https://registry.npmjs.org/ajv set size:1120197 disposed:false
351 silly fetch manifest pkg-types@^2.3.0
352 silly packumentCache full:https://registry.npmjs.org/pkg-types cache-miss
353 http cache https://registry.npmjs.org/zod-to-json-schema 231ms (cache hit)
354 silly packumentCache full:https://registry.npmjs.org/zod-to-json-schema set size:301404 disposed:false
355 silly fetch manifest vite-node@^3.2.2
356 silly packumentCache full:https://registry.npmjs.org/vite-node cache-miss
357 http cache https://registry.npmjs.org/pathe 190ms (cache hit)
358 silly packumentCache full:https://registry.npmjs.org/pathe set size:68788 disposed:false
359 silly fetch manifest picocolors@^1.1.1
360 silly packumentCache full:https://registry.npmjs.org/picocolors cache-miss
361 http cache https://registry.npmjs.org/express-rate-limit 249ms (cache hit)
362 silly packumentCache full:https://registry.npmjs.org/express-rate-limit set size:399017 disposed:false
363 silly fetch manifest tinyglobby@^0.2.14
364 silly packumentCache full:https://registry.npmjs.org/tinyglobby cache-miss
365 http cache https://registry.npmjs.org/jsesc 229ms (cache hit)
366 silly packumentCache full:https://registry.npmjs.org/jsesc set size:61512 disposed:false
367 silly fetch manifest @babel/core@^7.27.7
368 silly packumentCache full:https://registry.npmjs.org/@babel%2fcore cache-miss
369 http cache https://registry.npmjs.org/arg 251ms (cache hit)
370 silly packumentCache full:https://registry.npmjs.org/arg set size:67036 disposed:false
371 silly fetch manifest @babel/types@^7.27.7
372 silly packumentCache full:https://registry.npmjs.org/@babel%2ftypes cache-miss
373 http cache https://registry.npmjs.org/isbot 243ms (cache hit)
374 silly packumentCache full:https://registry.npmjs.org/isbot set size:680381 disposed:false
375 silly fetch manifest @babel/parser@^7.27.7
376 silly packumentCache full:https://registry.npmjs.org/@babel%2fparser cache-miss
377 http cache https://registry.npmjs.org/lodash 222ms (cache hit)
378 silly packumentCache full:https://registry.npmjs.org/lodash set size:244258 disposed:false
379 silly fetch manifest react-refresh@^0.14.0
380 silly packumentCache full:https://registry.npmjs.org/react-refresh cache-miss
381 http cache https://registry.npmjs.org/p-map 252ms (cache hit)
382 silly packumentCache full:https://registry.npmjs.org/p-map set size:52373 disposed:false
383 silly fetch manifest @babel/traverse@^7.27.7
384 silly packumentCache full:https://registry.npmjs.org/@babel%2ftraverse cache-miss
385 http cache https://registry.npmjs.org/dedent 240ms (cache hit)
386 silly packumentCache full:https://registry.npmjs.org/dedent set size:77148 disposed:false
387 silly fetch manifest es-module-lexer@^1.3.1
388 silly packumentCache full:https://registry.npmjs.org/es-module-lexer cache-miss
389 http cache https://registry.npmjs.org/semver 205ms (cache hit)
390 silly packumentCache full:https://registry.npmjs.org/semver set size:229678 disposed:false
391 silly fetch manifest @babel/generator@^7.27.5
392 silly packumentCache full:https://registry.npmjs.org/@babel%2fgenerator cache-miss
393 http cache https://registry.npmjs.org/valibot 140ms (cache hit)
394 silly packumentCache full:https://registry.npmjs.org/valibot set size:244818 disposed:false
395 silly fetch manifest @react-router/node@7.13.1
396 silly packumentCache full:https://registry.npmjs.org/@react-router%2fnode cache-miss
397 http cache https://registry.npmjs.org/exit-hook 130ms (cache hit)
398 silly packumentCache full:https://registry.npmjs.org/exit-hook set size:45439 disposed:false
399 silly fetch manifest @babel/plugin-syntax-jsx@^7.27.1
400 silly packumentCache full:https://registry.npmjs.org/@babel%2fplugin-syntax-jsx cache-miss
401 http cache https://registry.npmjs.org/pkg-types 117ms (cache hit)
402 silly packumentCache full:https://registry.npmjs.org/pkg-types set size:85931 disposed:false
403 silly fetch manifest @babel/preset-typescript@^7.27.1
404 silly packumentCache full:https://registry.npmjs.org/@babel%2fpreset-typescript cache-miss
405 http cache https://registry.npmjs.org/prettier 147ms (cache hit)
406 silly packumentCache full:https://registry.npmjs.org/prettier set size:653745 disposed:false
407 silly fetch manifest babel-dead-code-elimination@^1.0.6
408 silly packumentCache full:https://registry.npmjs.org/babel-dead-code-elimination cache-miss
409 http cache https://registry.npmjs.org/chokidar 162ms (cache hit)
410 silly packumentCache full:https://registry.npmjs.org/chokidar set size:255902 disposed:false
411 silly fetch manifest @remix-run/node-fetch-server@^0.13.0
412 silly packumentCache full:https://registry.npmjs.org/@remix-run%2fnode-fetch-server cache-miss
413 http cache https://registry.npmjs.org/@babel%2fcore 114ms (cache hit)
414 silly packumentCache full:https://registry.npmjs.org/@babel%2fcore set size:756140 disposed:false
415 silly fetch manifest cookie@^1.0.1
416 silly packumentCache full:https://registry.npmjs.org/cookie cache-miss
417 http cache https://registry.npmjs.org/tinyglobby 126ms (cache hit)
418 silly packumentCache full:https://registry.npmjs.org/tinyglobby set size:49812 disposed:false
419 silly fetch manifest set-cookie-parser@^2.6.0
420 silly packumentCache full:https://registry.npmjs.org/set-cookie-parser cache-miss
421 http cache https://registry.npmjs.org/vite-node 148ms (cache hit)
422 silly packumentCache full:https://registry.npmjs.org/vite-node set size:1076278 disposed:false
423 silly fetch manifest fdir@^6.5.0
424 silly packumentCache full:https://registry.npmjs.org/fdir cache-miss
425 http cache https://registry.npmjs.org/picocolors 155ms (cache hit)
426 silly packumentCache full:https://registry.npmjs.org/picocolors set size:16648 disposed:false
427 silly fetch manifest rollup@^4.43.0
428 silly packumentCache full:https://registry.npmjs.org/rollup cache-miss
429 http cache https://registry.npmjs.org/@babel%2ftypes 140ms (cache hit)
430 silly packumentCache full:https://registry.npmjs.org/@babel%2ftypes set size:485839 disposed:false
431 silly fetch manifest esbuild@^0.27.0
432 silly packumentCache full:https://registry.npmjs.org/esbuild cache-miss
433 http cache https://registry.npmjs.org/@babel%2fparser 141ms (cache hit)
434 silly packumentCache full:https://registry.npmjs.org/@babel%2fparser set size:714217 disposed:false
435 silly fetch manifest postcss@^8.5.6
436 silly packumentCache full:https://registry.npmjs.org/postcss cache-hit
437 silly fetch manifest picomatch@^4.0.3
438 silly packumentCache full:https://registry.npmjs.org/picomatch cache-miss
439 http cache https://registry.npmjs.org/es-module-lexer 130ms (cache hit)
440 silly packumentCache full:https://registry.npmjs.org/es-module-lexer set size:203341 disposed:false
441 silly fetch manifest tinyglobby@^0.2.15
442 silly packumentCache full:https://registry.npmjs.org/tinyglobby cache-hit
443 silly fetch manifest fsevents@~2.3.3
444 silly packumentCache full:https://registry.npmjs.org/fsevents cache-miss
445 http cache https://registry.npmjs.org/react-refresh 160ms (cache hit)
446 silly packumentCache full:https://registry.npmjs.org/react-refresh set size:6223048 disposed:false
447 silly fetch manifest @standard-schema/spec@^1.0.0
448 silly packumentCache full:https://registry.npmjs.org/@standard-schema%2fspec cache-miss
449 http cache https://registry.npmjs.org/@babel%2ftraverse 253ms (cache hit)
450 silly packumentCache full:https://registry.npmjs.org/@babel%2ftraverse set size:546499 disposed:false
451 silly fetch manifest isbot@^5.1.21
452 silly packumentCache full:https://registry.npmjs.org/isbot cache-hit
453 silly fetch manifest worktop@^0.7.3
454 silly packumentCache full:https://registry.npmjs.org/worktop cache-miss
455 http cache https://registry.npmjs.org/@react-router%2fnode 248ms (cache hit)
456 silly packumentCache full:https://registry.npmjs.org/@react-router%2fnode set size:1863824 disposed:false
457 silly fetch manifest type-fest@^4.33.0
458 silly packumentCache full:https://registry.npmjs.org/type-fest cache-hit
459 silly fetch manifest flame-chart-js@2.3.1
460 silly packumentCache full:https://registry.npmjs.org/flame-chart-js cache-miss
461 http cache https://registry.npmjs.org/@babel%2fgenerator 274ms (cache hit)
462 silly packumentCache full:https://registry.npmjs.org/@babel%2fgenerator set size:504910 disposed:false
463 silly fetch manifest source-map-support@^0.5.21
464 silly packumentCache full:https://registry.npmjs.org/source-map-support cache-miss
465 http cache https://registry.npmjs.org/@babel%2fpreset-typescript 271ms (cache hit)
466 silly packumentCache full:https://registry.npmjs.org/@babel%2fpreset-typescript set size:255076 disposed:false
467 silly fetch manifest use-resize-observer@^9.1.0
468 silly packumentCache full:https://registry.npmjs.org/use-resize-observer cache-miss
469 http cache https://registry.npmjs.org/@babel%2fplugin-syntax-jsx 280ms (cache hit)
470 silly packumentCache full:https://registry.npmjs.org/@babel%2fplugin-syntax-jsx set size:181048 disposed:false
471 silly fetch manifest @shopify/graphql-client@1.4.1
472 silly packumentCache full:https://registry.npmjs.org/@shopify%2fgraphql-client cache-miss
473 http cache https://registry.npmjs.org/babel-dead-code-elimination 269ms (cache hit)
474 silly packumentCache full:https://registry.npmjs.org/babel-dead-code-elimination set size:37248 disposed:false
475 silly fetch manifest @shopify/hydrogen-react@2025.10.0
476 silly packumentCache full:https://registry.npmjs.org/@shopify%2fhydrogen-react cache-miss
477 http cache https://registry.npmjs.org/@remix-run%2fnode-fetch-server 266ms (cache hit)
478 silly packumentCache full:https://registry.npmjs.org/@remix-run%2fnode-fetch-server set size:28567 disposed:false
479 silly fetch manifest content-security-policy-builder@^2.2.0
480 silly packumentCache full:https://registry.npmjs.org/content-security-policy-builder cache-miss
481 http cache https://registry.npmjs.org/cookie 249ms (cache hit)
482 silly packumentCache full:https://registry.npmjs.org/cookie set size:72891 disposed:false
483 silly fetch manifest fdir@^6.4.4
484 silly packumentCache full:https://registry.npmjs.org/fdir cache-miss
485 http cache https://registry.npmjs.org/set-cookie-parser 252ms (cache hit)
486 silly packumentCache full:https://registry.npmjs.org/set-cookie-parser set size:70643 disposed:false
487 silly fetch manifest rollup@^4.34.9
488 silly packumentCache full:https://registry.npmjs.org/rollup cache-miss
489 http cache https://registry.npmjs.org/fdir 245ms (cache hit)
490 silly packumentCache full:https://registry.npmjs.org/fdir set size:136182 disposed:false
491 silly fetch manifest esbuild@^0.25.0
492 silly packumentCache full:https://registry.npmjs.org/esbuild cache-miss
493 http cache https://registry.npmjs.org/rollup 264ms (cache hit)
494 silly packumentCache full:https://registry.npmjs.org/rollup set size:6122682 disposed:false
495 silly fetch manifest postcss@^8.5.3
496 silly packumentCache full:https://registry.npmjs.org/postcss cache-hit
497 silly fetch manifest picomatch@^4.0.2
498 silly packumentCache full:https://registry.npmjs.org/picomatch cache-miss
499 http cache https://registry.npmjs.org/esbuild 328ms (cache hit)
500 silly packumentCache full:https://registry.npmjs.org/esbuild set size:1242223 disposed:false
501 silly fetch manifest tinyglobby@^0.2.13
502 silly packumentCache full:https://registry.npmjs.org/tinyglobby cache-hit
503 silly fetch manifest fsevents@~2.3.3
504 silly packumentCache full:https://registry.npmjs.org/fsevents cache-miss
505 http cache https://registry.npmjs.org/fsevents 317ms (cache hit)
506 silly packumentCache full:https://registry.npmjs.org/fsevents set size:182472 disposed:false
507 silly fetch manifest @react-router/node@7.12.0
508 silly packumentCache full:https://registry.npmjs.org/@react-router%2fnode cache-miss
509 http cache https://registry.npmjs.org/picomatch 335ms (cache hit)
510 silly packumentCache full:https://registry.npmjs.org/picomatch set size:118818 disposed:false
511 silly fetch manifest @remix-run/node-fetch-server@^0.9.0
512 silly packumentCache full:https://registry.npmjs.org/@remix-run%2fnode-fetch-server cache-hit
513 silly fetch manifest graphql@^16.10.0
514 silly packumentCache full:https://registry.npmjs.org/graphql cache-hit
515 silly fetch manifest worktop@^0.7.3
516 silly packumentCache full:https://registry.npmjs.org/worktop cache-miss
517 http cache https://registry.npmjs.org/@standard-schema%2fspec 229ms (cache hit)
518 silly packumentCache full:https://registry.npmjs.org/@standard-schema%2fspec set size:27284 disposed:false
519 silly fetch manifest @xstate/fsm@2.0.0
520 silly packumentCache full:https://registry.npmjs.org/@xstate%2ffsm cache-miss
521 http cache https://registry.npmjs.org/flame-chart-js 197ms (cache hit)
522 silly packumentCache full:https://registry.npmjs.org/flame-chart-js set size:187343 disposed:false
523 silly fetch manifest @xstate/react@3.2.1
524 silly packumentCache full:https://registry.npmjs.org/@xstate%2freact cache-miss
525 http cache https://registry.npmjs.org/worktop 226ms (cache hit)
526 silly packumentCache full:https://registry.npmjs.org/worktop set size:172790 disposed:false
527 silly fetch manifest @google/model-viewer@^4.0.0
528 silly packumentCache full:https://registry.npmjs.org/@google%2fmodel-viewer cache-miss
529 http cache https://registry.npmjs.org/source-map-support 198ms (cache hit)
530 silly packumentCache full:https://registry.npmjs.org/source-map-support set size:125488 disposed:false
531 silly fetch manifest use-sync-external-store@1.6.0
532 silly packumentCache full:https://registry.npmjs.org/use-sync-external-store cache-miss
533 http cache https://registry.npmjs.org/@shopify%2fgraphql-client 191ms (cache hit)
534 silly packumentCache full:https://registry.npmjs.org/@shopify%2fgraphql-client set size:136075 disposed:false
535 silly fetch manifest use-isomorphic-layout-effect@1.2.1
536 silly packumentCache full:https://registry.npmjs.org/use-isomorphic-layout-effect cache-miss
537 http cache https://registry.npmjs.org/use-resize-observer 200ms (cache hit)
538 silly packumentCache full:https://registry.npmjs.org/use-resize-observer set size:170790 disposed:false
539 silly fetch manifest scheduler@^0.27.0
540 silly packumentCache full:https://registry.npmjs.org/scheduler cache-miss
541 http cache https://registry.npmjs.org/content-security-policy-builder 195ms (cache hit)
542 silly packumentCache full:https://registry.npmjs.org/content-security-policy-builder set size:20190 disposed:false
543 silly fetch manifest minimatch@^9.0.1
544 silly packumentCache full:https://registry.npmjs.org/minimatch cache-miss
545 http cache https://registry.npmjs.org/@shopify%2fhydrogen-react 227ms (cache hit)
546 silly packumentCache full:https://registry.npmjs.org/@shopify%2fhydrogen-react set size:10150485 disposed:false
547 silly fetch manifest vscode-uri@^3.0.7
548 silly packumentCache full:https://registry.npmjs.org/vscode-uri cache-miss
549 http cache https://registry.npmjs.org/fdir 291ms (cache hit)
550 silly packumentCache full:https://registry.npmjs.org/fdir set size:136182 disposed:false
551 silly packumentCache full:https://registry.npmjs.org/fdir dispose
552 silly fetch manifest cross-fetch@^4.0.0
553 silly packumentCache full:https://registry.npmjs.org/cross-fetch cache-miss
554 http cache https://registry.npmjs.org/picomatch 205ms (cache hit)
555 silly packumentCache full:https://registry.npmjs.org/picomatch set size:118818 disposed:false
556 silly packumentCache full:https://registry.npmjs.org/picomatch dispose
557 silly fetch manifest line-column@^1.0.2
558 silly packumentCache full:https://registry.npmjs.org/line-column cache-miss
559 http cache https://registry.npmjs.org/rollup 307ms (cache hit)
560 silly packumentCache full:https://registry.npmjs.org/rollup set size:6122682 disposed:false
561 silly fetch manifest jsonc-parser@^3.2.0
562 silly packumentCache full:https://registry.npmjs.org/jsonc-parser cache-miss
563 http cache https://registry.npmjs.org/esbuild 363ms (cache hit)
564 silly packumentCache full:https://registry.npmjs.org/esbuild set size:1242223 disposed:false
565 silly fetch manifest @shopify/liquid-html-parser@2.9.0
566 silly packumentCache full:https://registry.npmjs.org/@shopify%2fliquid-html-parser cache-miss
567 http cache https://registry.npmjs.org/fsevents 284ms (cache hit)
568 silly packumentCache full:https://registry.npmjs.org/fsevents set size:182472 disposed:false
569 silly packumentCache full:https://registry.npmjs.org/fsevents dispose
570 silly fetch manifest vscode-json-languageservice@^5.3.10
571 silly packumentCache full:https://registry.npmjs.org/vscode-json-languageservice cache-miss
572 http cache https://registry.npmjs.org/@react-router%2fnode 285ms (cache hit)
573 silly packumentCache full:https://registry.npmjs.org/@react-router%2fnode set size:1863824 disposed:false
574 silly fetch manifest env-paths@^2.2.1
575 silly packumentCache full:https://registry.npmjs.org/env-paths cache-hit
576 silly fetch manifest node-fetch@^2.6.11
577 silly packumentCache full:https://registry.npmjs.org/node-fetch cache-miss
578 http cache https://registry.npmjs.org/@xstate%2ffsm 293ms (cache hit)
579 silly packumentCache full:https://registry.npmjs.org/@xstate%2ffsm set size:92583 disposed:false
580 silly fetch manifest glob@^8.0.3
581 silly packumentCache full:https://registry.npmjs.org/glob cache-miss
582 http cache https://registry.npmjs.org/worktop 301ms (cache hit)
583 silly packumentCache full:https://registry.npmjs.org/worktop set size:172790 disposed:false
584 silly packumentCache full:https://registry.npmjs.org/worktop dispose
585 silly fetch manifest yaml@^2.3.0
586 silly packumentCache full:https://registry.npmjs.org/yaml cache-hit
587 silly fetch manifest vscode-uri@^3.0.7
588 silly packumentCache full:https://registry.npmjs.org/vscode-uri cache-miss
589 http cache https://registry.npmjs.org/@google%2fmodel-viewer 292ms (cache hit)
590 silly packumentCache full:https://registry.npmjs.org/@google%2fmodel-viewer set size:337979 disposed:false
591 silly fetch manifest ts-morph@^25.0.1
592 silly packumentCache full:https://registry.npmjs.org/ts-morph cache-miss
593 http cache https://registry.npmjs.org/use-sync-external-store 304ms (cache hit)
594 silly packumentCache full:https://registry.npmjs.org/use-sync-external-store set size:4544327 disposed:false
595 silly fetch manifest csstype@^3.2.2
596 silly packumentCache full:https://registry.npmjs.org/csstype cache-miss
597 http cache https://registry.npmjs.org/@xstate%2freact 340ms (cache hit)
598 silly packumentCache full:https://registry.npmjs.org/@xstate%2freact set size:268879 disposed:false
599 silly fetch manifest onetime@^6.0.0
600 silly packumentCache full:https://registry.npmjs.org/onetime cache-miss
601 http cache https://registry.npmjs.org/use-isomorphic-layout-effect 334ms (cache hit)
602 silly packumentCache full:https://registry.npmjs.org/use-isomorphic-layout-effect set size:22208 disposed:false
603 silly fetch manifest is-stream@^3.0.0
604 silly packumentCache full:https://registry.npmjs.org/is-stream cache-miss
605 http cache https://registry.npmjs.org/minimatch 331ms (cache hit)
606 silly packumentCache full:https://registry.npmjs.org/minimatch set size:352359 disposed:false
607 silly fetch manifest get-stream@^8.0.1
608 silly packumentCache full:https://registry.npmjs.org/get-stream cache-miss
609 http cache https://registry.npmjs.org/scheduler 353ms (cache hit)
610 silly packumentCache full:https://registry.npmjs.org/scheduler set size:5415305 disposed:false
611 silly fetch manifest cross-spawn@^7.0.3
612 silly packumentCache full:https://registry.npmjs.org/cross-spawn cache-hit
613 silly fetch manifest signal-exit@^4.1.0
614 silly packumentCache full:https://registry.npmjs.org/signal-exit cache-miss
615 http cache https://registry.npmjs.org/vscode-uri 286ms (cache hit)
616 silly packumentCache full:https://registry.npmjs.org/vscode-uri set size:75646 disposed:false
617 silly fetch manifest merge-stream@^2.0.0
618 silly packumentCache full:https://registry.npmjs.org/merge-stream cache-miss
619 http cache https://registry.npmjs.org/line-column 270ms (cache hit)
620 silly packumentCache full:https://registry.npmjs.org/line-column set size:10751 disposed:false
621 silly fetch manifest npm-run-path@^5.1.0
622 silly packumentCache full:https://registry.npmjs.org/npm-run-path cache-miss
623 http cache https://registry.npmjs.org/cross-fetch 278ms (cache hit)
624 silly packumentCache full:https://registry.npmjs.org/cross-fetch set size:156922 disposed:false
625 silly fetch manifest human-signals@^5.0.0
626 silly packumentCache full:https://registry.npmjs.org/human-signals cache-miss
627 http cache https://registry.npmjs.org/@shopify%2fliquid-html-parser 191ms (cache hit)
628 silly packumentCache full:https://registry.npmjs.org/@shopify%2fliquid-html-parser set size:65350 disposed:false
629 silly fetch manifest strip-final-newline@^3.0.0
630 silly packumentCache full:https://registry.npmjs.org/strip-final-newline cache-miss
631 http cache https://registry.npmjs.org/jsonc-parser 210ms (cache hit)
632 silly packumentCache full:https://registry.npmjs.org/jsonc-parser set size:122731 disposed:false
633 http cache https://registry.npmjs.org/vscode-json-languageservice 194ms (cache hit)
634 silly packumentCache full:https://registry.npmjs.org/vscode-json-languageservice set size:542114 disposed:false
635 http cache https://registry.npmjs.org/node-fetch 178ms (cache hit)
636 silly packumentCache full:https://registry.npmjs.org/node-fetch set size:896010 disposed:false
637 http cache https://registry.npmjs.org/glob 195ms (cache hit)
638 silly packumentCache full:https://registry.npmjs.org/glob set size:469465 disposed:false
639 http cache https://registry.npmjs.org/vscode-uri 201ms (cache hit)
640 silly packumentCache full:https://registry.npmjs.org/vscode-uri set size:75646 disposed:false
641 silly packumentCache full:https://registry.npmjs.org/vscode-uri dispose
642 http cache https://registry.npmjs.org/ts-morph 198ms (cache hit)
643 silly packumentCache full:https://registry.npmjs.org/ts-morph set size:536115 disposed:false
644 http cache https://registry.npmjs.org/onetime 163ms (cache hit)
645 silly packumentCache full:https://registry.npmjs.org/onetime set size:32314 disposed:false
646 http cache https://registry.npmjs.org/csstype 170ms (cache hit)
647 silly packumentCache full:https://registry.npmjs.org/csstype set size:274189 disposed:false
648 http cache https://registry.npmjs.org/is-stream 163ms (cache hit)
649 silly packumentCache full:https://registry.npmjs.org/is-stream set size:18582 disposed:false
650 http cache https://registry.npmjs.org/get-stream 159ms (cache hit)
651 silly packumentCache full:https://registry.npmjs.org/get-stream set size:57536 disposed:false
652 http cache https://registry.npmjs.org/signal-exit 111ms (cache hit)
653 silly packumentCache full:https://registry.npmjs.org/signal-exit set size:53489 disposed:false
654 http cache https://registry.npmjs.org/merge-stream 108ms (cache hit)
655 silly packumentCache full:https://registry.npmjs.org/merge-stream set size:22168 disposed:false
656 http cache https://registry.npmjs.org/human-signals 98ms (cache hit)
657 silly packumentCache full:https://registry.npmjs.org/human-signals set size:47322 disposed:false
658 http cache https://registry.npmjs.org/strip-final-newline 96ms (cache hit)
659 silly packumentCache full:https://registry.npmjs.org/strip-final-newline set size:9328 disposed:false
660 http cache https://registry.npmjs.org/npm-run-path 105ms (cache hit)
661 silly packumentCache full:https://registry.npmjs.org/npm-run-path set size:33596 disposed:false
662 silly placeDep ROOT @hono/node-server@1.19.9 OK for: @modelcontextprotocol/sdk@1.27.1 want: ^1.19.9
663 silly placeDep ROOT hono@4.12.3 OK for: @hono/node-server@1.19.9 want: ^4
664 silly placeDep ROOT ajv@8.18.0 OK for: @modelcontextprotocol/sdk@1.27.1 want: ^8.17.1
665 silly placeDep ROOT ajv-formats@3.0.1 OK for: @modelcontextprotocol/sdk@1.27.1 want: ^3.0.1
666 silly placeDep ROOT content-type@1.0.5 OK for: @modelcontextprotocol/sdk@1.27.1 want: ^1.0.5
667 silly placeDep ROOT cors@2.8.6 OK for: @modelcontextprotocol/sdk@1.27.1 want: ^2.8.5
668 silly placeDep ROOT cross-spawn@7.0.6 OK for: @modelcontextprotocol/sdk@1.27.1 want: ^7.0.5
669 silly placeDep ROOT eventsource@3.0.7 OK for: @modelcontextprotocol/sdk@1.27.1 want: ^3.0.2
670 silly placeDep ROOT eventsource-parser@3.0.6 OK for: @modelcontextprotocol/sdk@1.27.1 want: ^3.0.0
671 silly placeDep ROOT express@5.2.1 OK for: @modelcontextprotocol/sdk@1.27.1 want: ^5.2.1
672 silly placeDep ROOT express-rate-limit@8.2.1 OK for: @modelcontextprotocol/sdk@1.27.1 want: ^8.2.1
673 silly placeDep ROOT jose@6.1.3 OK for: @modelcontextprotocol/sdk@1.27.1 want: ^6.1.3
674 silly placeDep ROOT json-schema-typed@8.0.2 OK for: @modelcontextprotocol/sdk@1.27.1 want: ^8.0.2
675 silly placeDep ROOT pkce-challenge@5.0.1 OK for: @modelcontextprotocol/sdk@1.27.1 want: ^5.0.0
676 silly placeDep ROOT raw-body@3.0.2 OK for: @modelcontextprotocol/sdk@1.27.1 want: ^3.0.0
677 silly placeDep ROOT zod-to-json-schema@3.25.1 OK for: @modelcontextprotocol/sdk@1.27.1 want: ^3.25.1
678 silly fetch manifest fast-uri@^3.0.1
679 silly packumentCache full:https://registry.npmjs.org/fast-uri cache-miss
680 silly fetch manifest fast-deep-equal@^3.1.3
681 silly packumentCache full:https://registry.npmjs.org/fast-deep-equal cache-miss
682 silly fetch manifest require-from-string@^2.0.2
683 silly packumentCache full:https://registry.npmjs.org/require-from-string cache-miss
684 silly fetch manifest json-schema-traverse@^1.0.0
685 silly packumentCache full:https://registry.npmjs.org/json-schema-traverse cache-miss
686 silly fetch manifest object-assign@^4
687 silly packumentCache full:https://registry.npmjs.org/object-assign cache-miss
688 silly fetch manifest vary@^1
689 silly packumentCache full:https://registry.npmjs.org/vary cache-miss
690 silly fetch manifest which@^2.0.1
691 silly packumentCache full:https://registry.npmjs.org/which cache-miss
692 silly fetch manifest path-key@^3.1.0
693 silly packumentCache full:https://registry.npmjs.org/path-key cache-miss
694 silly fetch manifest shebang-command@^2.0.0
695 silly packumentCache full:https://registry.npmjs.org/shebang-command cache-miss
696 silly fetch manifest eventsource-parser@^3.0.1
697 silly packumentCache full:https://registry.npmjs.org/eventsource-parser cache-hit
698 silly fetch manifest qs@^6.14.0
699 silly packumentCache full:https://registry.npmjs.org/qs cache-miss
700 silly fetch manifest depd@^2.0.0
701 silly packumentCache full:https://registry.npmjs.org/depd cache-miss
702 silly fetch manifest etag@^1.8.1
703 silly packumentCache full:https://registry.npmjs.org/etag cache-miss
704 silly fetch manifest once@^1.4.0
705 silly packumentCache full:https://registry.npmjs.org/once cache-miss
706 silly fetch manifest send@^1.1.0
707 silly packumentCache full:https://registry.npmjs.org/send cache-miss
708 silly fetch manifest vary@^1.1.2
709 silly packumentCache full:https://registry.npmjs.org/vary cache-miss
710 http cache https://registry.npmjs.org/fast-uri 58ms (cache hit)
711 silly packumentCache full:https://registry.npmjs.org/fast-uri set size:61472 disposed:false
712 silly fetch manifest debug@^4.4.0
713 silly packumentCache full:https://registry.npmjs.org/debug cache-miss
714 http cache https://registry.npmjs.org/object-assign 57ms (cache hit)
715 silly packumentCache full:https://registry.npmjs.org/object-assign set size:28988 disposed:false
716 silly fetch manifest fresh@^2.0.0
717 silly packumentCache full:https://registry.npmjs.org/fresh cache-miss
718 http cache https://registry.npmjs.org/json-schema-traverse 62ms (cache hit)
719 silly packumentCache full:https://registry.npmjs.org/json-schema-traverse set size:23537 disposed:false
720 silly fetch manifest cookie@^0.7.1
721 silly packumentCache full:https://registry.npmjs.org/cookie cache-hit
722 silly fetch manifest router@^2.2.0
723 silly packumentCache full:https://registry.npmjs.org/router cache-miss
724 http cache https://registry.npmjs.org/once 57ms (cache hit)
725 silly packumentCache full:https://registry.npmjs.org/once set size:11752 disposed:false
726 silly fetch manifest accepts@^2.0.0
727 silly packumentCache full:https://registry.npmjs.org/accepts cache-miss
728 http cache https://registry.npmjs.org/depd 64ms (cache hit)
729 silly packumentCache full:https://registry.npmjs.org/depd set size:40182 disposed:false
730 silly fetch manifest type-is@^2.0.1
731 silly packumentCache full:https://registry.npmjs.org/type-is cache-miss
732 http cache https://registry.npmjs.org/vary 73ms (cache hit)
733 silly packumentCache full:https://registry.npmjs.org/vary set size:16018 disposed:false
734 silly fetch manifest parseurl@^1.3.3
735 silly packumentCache full:https://registry.npmjs.org/parseurl cache-miss
736 http cache https://registry.npmjs.org/path-key 73ms (cache hit)
737 silly packumentCache full:https://registry.npmjs.org/path-key set size:16975 disposed:false
738 silly fetch manifest statuses@^2.0.1
739 silly packumentCache full:https://registry.npmjs.org/statuses cache-miss
740 http cache https://registry.npmjs.org/fast-deep-equal 81ms (cache hit)
741 silly packumentCache full:https://registry.npmjs.org/fast-deep-equal set size:48634 disposed:false
742 silly fetch manifest encodeurl@^2.0.0
743 silly packumentCache full:https://registry.npmjs.org/encodeurl cache-miss
744 http cache https://registry.npmjs.org/require-from-string 83ms (cache hit)
745 silly packumentCache full:https://registry.npmjs.org/require-from-string set size:15128 disposed:false
746 silly fetch manifest mime-types@^3.0.0
747 silly packumentCache full:https://registry.npmjs.org/mime-types cache-miss
748 http cache https://registry.npmjs.org/which 82ms (cache hit)
749 silly packumentCache full:https://registry.npmjs.org/which set size:67805 disposed:false
750 silly fetch manifest proxy-addr@^2.0.7
751 silly packumentCache full:https://registry.npmjs.org/proxy-addr cache-miss
752 http cache https://registry.npmjs.org/shebang-command 84ms (cache hit)
753 silly packumentCache full:https://registry.npmjs.org/shebang-command set size:8525 disposed:false
754 silly fetch manifest body-parser@^2.2.1
755 silly packumentCache full:https://registry.npmjs.org/body-parser cache-miss
756 http cache https://registry.npmjs.org/etag 83ms (cache hit)
757 silly packumentCache full:https://registry.npmjs.org/etag set size:30032 disposed:false
758 silly fetch manifest escape-html@^1.0.3
759 silly packumentCache full:https://registry.npmjs.org/escape-html cache-miss
760 http cache https://registry.npmjs.org/send 84ms (cache hit)
761 silly packumentCache full:https://registry.npmjs.org/send set size:152810 disposed:false
762 silly fetch manifest http-errors@^2.0.0
763 silly packumentCache full:https://registry.npmjs.org/http-errors cache-miss
764 http cache https://registry.npmjs.org/qs 93ms (cache hit)
765 silly packumentCache full:https://registry.npmjs.org/qs set size:350258 disposed:false
766 silly fetch manifest on-finished@^2.4.1
767 silly packumentCache full:https://registry.npmjs.org/on-finished cache-miss
768 http cache https://registry.npmjs.org/vary 93ms (cache hit)
769 silly packumentCache full:https://registry.npmjs.org/vary set size:16018 disposed:false
770 silly packumentCache full:https://registry.npmjs.org/vary dispose
771 silly fetch manifest finalhandler@^2.1.0
772 silly packumentCache full:https://registry.npmjs.org/finalhandler cache-miss
773 http cache https://registry.npmjs.org/debug 83ms (cache hit)
774 silly packumentCache full:https://registry.npmjs.org/debug set size:195840 disposed:false
775 silly fetch manifest range-parser@^1.2.1
776 silly packumentCache full:https://registry.npmjs.org/range-parser cache-miss
777 http cache https://registry.npmjs.org/type-is 74ms (cache hit)
778 silly packumentCache full:https://registry.npmjs.org/type-is set size:86196 disposed:false
779 silly fetch manifest serve-static@^2.2.0
780 silly packumentCache full:https://registry.npmjs.org/serve-static cache-miss
781 http cache https://registry.npmjs.org/accepts 81ms (cache hit)
782 silly packumentCache full:https://registry.npmjs.org/accepts set size:77054 disposed:false
783 silly fetch manifest cookie-signature@^1.2.1
784 silly packumentCache full:https://registry.npmjs.org/cookie-signature cache-miss
785 http cache https://registry.npmjs.org/fresh 95ms (cache hit)
786 silly packumentCache full:https://registry.npmjs.org/fresh set size:25427 disposed:false
787 silly fetch manifest merge-descriptors@^2.0.0
788 silly packumentCache full:https://registry.npmjs.org/merge-descriptors cache-miss
789 http cache https://registry.npmjs.org/router 93ms (cache hit)
790 silly packumentCache full:https://registry.npmjs.org/router set size:116499 disposed:false
791 silly fetch manifest content-disposition@^1.0.0
792 silly packumentCache full:https://registry.npmjs.org/content-disposition cache-miss
793 http cache https://registry.npmjs.org/parseurl 87ms (cache hit)
794 silly packumentCache full:https://registry.npmjs.org/parseurl set size:24148 disposed:false
795 silly fetch manifest ip-address@10.0.1
796 silly packumentCache full:https://registry.npmjs.org/ip-address cache-miss
797 http cache https://registry.npmjs.org/statuses 88ms (cache hit)
798 silly packumentCache full:https://registry.npmjs.org/statuses set size:37117 disposed:false
799 silly fetch manifest bytes@~3.1.2
800 silly packumentCache full:https://registry.npmjs.org/bytes cache-miss
801 http cache https://registry.npmjs.org/mime-types 87ms (cache hit)
802 silly packumentCache full:https://registry.npmjs.org/mime-types set size:139110 disposed:false
803 silly fetch manifest unpipe@~1.0.0
804 silly packumentCache full:https://registry.npmjs.org/unpipe cache-miss
805 http cache https://registry.npmjs.org/body-parser 83ms (cache hit)
806 silly packumentCache full:https://registry.npmjs.org/body-parser set size:216830 disposed:false
807 silly fetch manifest iconv-lite@~0.7.0
808 silly packumentCache full:https://registry.npmjs.org/iconv-lite cache-miss
809 http cache https://registry.npmjs.org/encodeurl 100ms (cache hit)
810 silly packumentCache full:https://registry.npmjs.org/encodeurl set size:12296 disposed:false
811 silly fetch manifest http-errors@~2.0.1
812 silly packumentCache full:https://registry.npmjs.org/http-errors cache-miss
813 http cache https://registry.npmjs.org/proxy-addr 95ms (cache hit)
814 silly packumentCache full:https://registry.npmjs.org/proxy-addr set size:61619 disposed:false
815 http cache https://registry.npmjs.org/http-errors 89ms (cache hit)
816 silly packumentCache full:https://registry.npmjs.org/http-errors set size:71987 disposed:false
817 http cache https://registry.npmjs.org/escape-html 96ms (cache hit)
818 silly packumentCache full:https://registry.npmjs.org/escape-html set size:7345 disposed:false
819 http cache https://registry.npmjs.org/on-finished 88ms (cache hit)
820 silly packumentCache full:https://registry.npmjs.org/on-finished set size:23212 disposed:false
821 http cache https://registry.npmjs.org/finalhandler 87ms (cache hit)
822 silly packumentCache full:https://registry.npmjs.org/finalhandler set size:79291 disposed:false
823 http cache https://registry.npmjs.org/cookie-signature 70ms (cache hit)
824 silly packumentCache full:https://registry.npmjs.org/cookie-signature set size:21777 disposed:false
825 http cache https://registry.npmjs.org/serve-static 76ms (cache hit)
826 silly packumentCache full:https://registry.npmjs.org/serve-static set size:150391 disposed:false
827 http cache https://registry.npmjs.org/merge-descriptors 73ms (cache hit)
828 silly packumentCache full:https://registry.npmjs.org/merge-descriptors set size:16527 disposed:false
829 http cache https://registry.npmjs.org/range-parser 89ms (cache hit)
830 silly packumentCache full:https://registry.npmjs.org/range-parser set size:22228 disposed:false
831 http cache https://registry.npmjs.org/bytes 65ms (cache hit)
832 silly packumentCache full:https://registry.npmjs.org/bytes set size:37018 disposed:false
833 http cache https://registry.npmjs.org/ip-address 71ms (cache hit)
834 silly packumentCache full:https://registry.npmjs.org/ip-address set size:135050 disposed:false
835 http cache https://registry.npmjs.org/content-disposition 78ms (cache hit)
836 silly packumentCache full:https://registry.npmjs.org/content-disposition set size:34469 disposed:false
837 http cache https://registry.npmjs.org/http-errors 58ms (cache hit)
838 silly packumentCache full:https://registry.npmjs.org/http-errors set size:71987 disposed:false
839 silly packumentCache full:https://registry.npmjs.org/http-errors dispose
840 http cache https://registry.npmjs.org/iconv-lite 66ms (cache hit)
841 silly packumentCache full:https://registry.npmjs.org/iconv-lite set size:120557 disposed:false
842 http cache https://registry.npmjs.org/unpipe 77ms (cache hit)
843 silly packumentCache full:https://registry.npmjs.org/unpipe set size:3609 disposed:false
844 silly fetch manifest babel-plugin-macros@^3.1.0
845 silly packumentCache full:https://registry.npmjs.org/babel-plugin-macros cache-miss
846 http cache https://registry.npmjs.org/babel-plugin-macros 15ms (cache hit)
847 silly packumentCache full:https://registry.npmjs.org/babel-plugin-macros set size:124320 disposed:false
848 silly fetch manifest typescript@^5.1.0
849 silly packumentCache full:https://registry.npmjs.org/typescript cache-miss
850 http cache https://registry.npmjs.org/typescript 48ms (cache hit)
851 silly packumentCache full:https://registry.npmjs.org/typescript set size:15302714 disposed:false
852 silly fetch manifest react-router@^7.12.0
853 silly packumentCache full:https://registry.npmjs.org/react-router cache-miss
854 http cache https://registry.npmjs.org/react-router 19ms (cache hit)
855 silly packumentCache full:https://registry.npmjs.org/react-router set size:3828214 disposed:false
856 silly placeDep ROOT @babel/core@7.29.0 OK for: @react-router/dev@7.12.0 want: ^7.27.7
857 silly placeDep ROOT @babel/generator@7.29.1 OK for: @react-router/dev@7.12.0 want: ^7.27.5
858 silly placeDep ROOT @babel/parser@7.29.0 OK for: @react-router/dev@7.12.0 want: ^7.27.7
859 silly placeDep ROOT @babel/plugin-syntax-jsx@7.28.6 OK for: @react-router/dev@7.12.0 want: ^7.27.1
860 silly placeDep ROOT @babel/preset-typescript@7.28.5 OK for: @react-router/dev@7.12.0 want: ^7.27.1
861 silly placeDep ROOT @babel/traverse@7.29.0 OK for: @react-router/dev@7.12.0 want: ^7.27.7
862 silly placeDep ROOT @babel/types@7.29.0 OK for: @react-router/dev@7.12.0 want: ^7.27.7
863 silly placeDep ROOT @react-router/node@7.12.0 OK for: @react-router/dev@7.12.0 want: 7.12.0
864 silly placeDep ROOT react-router@7.12.0 REPLACE for: @react-router/node@7.12.0 want: 7.12.0
865 silly placeDep ROOT @remix-run/node-fetch-server@0.9.0 OK for: @react-router/dev@7.12.0 want: ^0.9.0
866 silly placeDep ROOT arg@5.0.2 OK for: @react-router/dev@7.12.0 want: ^5.0.1
867 silly placeDep ROOT babel-dead-code-elimination@1.0.12 OK for: @react-router/dev@7.12.0 want: ^1.0.6
868 silly placeDep ROOT chokidar@4.0.3 OK for: @react-router/dev@7.12.0 want: ^4.0.0
869 silly placeDep ROOT dedent@1.7.2 OK for: @react-router/dev@7.12.0 want: ^1.5.3
870 silly placeDep ROOT es-module-lexer@1.7.0 OK for: @react-router/dev@7.12.0 want: ^1.3.1
871 silly placeDep ROOT exit-hook@2.2.1 OK for: @react-router/dev@7.12.0 want: 2.2.1
872 silly placeDep ROOT isbot@5.1.35 OK for: @react-router/dev@7.12.0 want: ^5.1.11
873 silly placeDep ROOT jsesc@3.0.2 OK for: @react-router/dev@7.12.0 want: 3.0.2
874 silly placeDep ROOT lodash@4.17.23 OK for: @react-router/dev@7.12.0 want: ^4.17.21
875 silly placeDep ROOT p-map@7.0.4 OK for: @react-router/dev@7.12.0 want: ^7.0.3
876 silly placeDep ROOT pathe@1.1.2 OK for: @react-router/dev@7.12.0 want: ^1.1.2
877 silly placeDep ROOT picocolors@1.1.1 OK for: @react-router/dev@7.12.0 want: ^1.1.1
878 silly placeDep ROOT pkg-types@2.3.0 OK for: @react-router/dev@7.12.0 want: ^2.3.0
879 silly placeDep ROOT prettier@3.8.1 OK for: @react-router/dev@7.12.0 want: ^3.6.2
880 silly placeDep ROOT react-refresh@0.14.2 OK for: @react-router/dev@7.12.0 want: ^0.14.0
881 silly placeDep ROOT semver@7.7.4 OK for: @react-router/dev@7.12.0 want: ^7.3.7
882 silly placeDep ROOT tinyglobby@0.2.15 OK for: @react-router/dev@7.12.0 want: ^0.2.14
883 silly placeDep ROOT valibot@1.2.0 OK for: @react-router/dev@7.12.0 want: ^1.2.0
884 silly placeDep ROOT vite-node@3.2.4 OK for: @react-router/dev@7.12.0 want: ^3.2.2
885 silly fetch manifest debug@^4.1.0
886 silly packumentCache full:https://registry.npmjs.org/debug cache-hit
887 silly fetch manifest json5@^2.2.3
888 silly packumentCache full:https://registry.npmjs.org/json5 cache-miss
889 silly fetch manifest semver@^6.3.1
890 silly packumentCache full:https://registry.npmjs.org/semver cache-hit
891 silly fetch manifest gensync@^1.0.0-beta.2
892 silly packumentCache full:https://registry.npmjs.org/gensync cache-miss
893 silly fetch manifest @babel/types@^7.29.0
894 silly packumentCache full:https://registry.npmjs.org/@babel%2ftypes cache-hit
895 silly fetch manifest @babel/parser@^7.29.0
896 silly packumentCache full:https://registry.npmjs.org/@babel%2fparser cache-hit
897 silly fetch manifest @babel/helpers@^7.28.6
898 silly packumentCache full:https://registry.npmjs.org/@babel%2fhelpers cache-miss
899 silly fetch manifest @babel/template@^7.28.6
900 silly packumentCache full:https://registry.npmjs.org/@babel%2ftemplate cache-miss
901 silly fetch manifest @babel/traverse@^7.29.0
902 silly packumentCache full:https://registry.npmjs.org/@babel%2ftraverse cache-hit
903 silly fetch manifest @babel/generator@^7.29.0
904 silly packumentCache full:https://registry.npmjs.org/@babel%2fgenerator cache-hit
905 silly fetch manifest @babel/code-frame@^7.29.0
906 silly packumentCache full:https://registry.npmjs.org/@babel%2fcode-frame cache-miss
907 silly fetch manifest convert-source-map@^2.0.0
908 silly packumentCache full:https://registry.npmjs.org/convert-source-map cache-miss
909 silly fetch manifest @jridgewell/remapping@^2.3.5
910 silly packumentCache full:https://registry.npmjs.org/@jridgewell%2fremapping cache-miss
911 silly fetch manifest @babel/helper-module-transforms@^7.28.6
912 silly packumentCache full:https://registry.npmjs.org/@babel%2fhelper-module-transforms cache-miss
913 silly fetch manifest @babel/helper-compilation-targets@^7.28.6
914 silly packumentCache full:https://registry.npmjs.org/@babel%2fhelper-compilation-targets cache-miss
915 silly fetch manifest jsesc@^3.0.2
916 silly packumentCache full:https://registry.npmjs.org/jsesc cache-hit
917 silly fetch manifest @jridgewell/gen-mapping@^0.3.12
918 silly packumentCache full:https://registry.npmjs.org/@jridgewell%2fgen-mapping cache-miss
919 silly fetch manifest @jridgewell/trace-mapping@^0.3.28
920 silly packumentCache full:https://registry.npmjs.org/@jridgewell%2ftrace-mapping cache-miss
921 silly fetch manifest @babel/helper-plugin-utils@^7.28.6
922 silly packumentCache full:https://registry.npmjs.org/@babel%2fhelper-plugin-utils cache-miss
923 silly fetch manifest @babel/helper-plugin-utils@^7.27.1
924 silly packumentCache full:https://registry.npmjs.org/@babel%2fhelper-plugin-utils cache-miss
925 silly fetch manifest @babel/helper-validator-option@^7.27.1
926 silly packumentCache full:https://registry.npmjs.org/@babel%2fhelper-validator-option cache-miss
927 silly fetch manifest @babel/plugin-transform-typescript@^7.28.5
928 silly packumentCache full:https://registry.npmjs.org/@babel%2fplugin-transform-typescript cache-miss
929 http cache https://registry.npmjs.org/convert-source-map 50ms (cache hit)
930 silly packumentCache full:https://registry.npmjs.org/convert-source-map set size:66997 disposed:false
931 silly fetch manifest @babel/plugin-transform-modules-commonjs@^7.27.1
932 silly packumentCache full:https://registry.npmjs.org/@babel%2fplugin-transform-modules-commonjs cache-miss
933 http cache https://registry.npmjs.org/@babel%2ftemplate 55ms (cache hit)
934 silly packumentCache full:https://registry.npmjs.org/@babel%2ftemplate set size:225245 disposed:false
935 silly fetch manifest debug@^4.3.1
936 silly packumentCache full:https://registry.npmjs.org/debug cache-hit
937 silly fetch manifest @babel/code-frame@^7.29.0
938 silly packumentCache full:https://registry.npmjs.org/@babel%2fcode-frame cache-miss
939 http cache https://registry.npmjs.org/@babel%2fcode-frame 62ms (cache hit)
940 silly packumentCache full:https://registry.npmjs.org/@babel%2fcode-frame set size:194176 disposed:false
941 silly fetch manifest @babel/helper-globals@^7.28.0
942 silly packumentCache full:https://registry.npmjs.org/@babel%2fhelper-globals cache-miss
943 http cache https://registry.npmjs.org/gensync 69ms (cache hit)
944 silly packumentCache full:https://registry.npmjs.org/gensync set size:15068 disposed:false
945 silly fetch manifest @babel/helper-string-parser@^7.27.1
946 silly packumentCache full:https://registry.npmjs.org/@babel%2fhelper-string-parser cache-miss
947 http cache https://registry.npmjs.org/@babel%2fhelper-module-transforms 67ms (cache hit)
948 silly packumentCache full:https://registry.npmjs.org/@babel%2fhelper-module-transforms set size:331474 disposed:false
949 silly fetch manifest @babel/helper-validator-identifier@^7.28.5
950 silly packumentCache full:https://registry.npmjs.org/@babel%2fhelper-validator-identifier cache-miss
951 http cache https://registry.npmjs.org/json5 78ms (cache hit)
952 silly packumentCache full:https://registry.npmjs.org/json5 set size:86136 disposed:false
953 silly fetch manifest @mjackson/node-fetch-server@^0.2.0
954 silly packumentCache full:https://registry.npmjs.org/@mjackson%2fnode-fetch-server cache-miss
955 http cache https://registry.npmjs.org/@babel%2fhelper-compilation-targets 76ms (cache hit)
956 silly packumentCache full:https://registry.npmjs.org/@babel%2fhelper-compilation-targets set size:216684 disposed:false
957 silly fetch manifest readdirp@^4.0.1
958 silly packumentCache full:https://registry.npmjs.org/readdirp cache-miss
959 http cache https://registry.npmjs.org/@jridgewell%2fremapping 83ms (cache hit)
960 silly packumentCache full:https://registry.npmjs.org/@jridgewell%2fremapping set size:23809 disposed:false
961 silly fetch manifest confbox@^0.2.2
962 silly packumentCache full:https://registry.npmjs.org/confbox cache-miss
963 http cache https://registry.npmjs.org/@jridgewell%2fgen-mapping 80ms (cache hit)
964 silly packumentCache full:https://registry.npmjs.org/@jridgewell%2fgen-mapping set size:80719 disposed:false
965 silly fetch manifest exsolve@^1.0.7
966 silly packumentCache full:https://registry.npmjs.org/exsolve cache-miss
967 http cache https://registry.npmjs.org/@babel%2fhelpers 94ms (cache hit)
968 silly packumentCache full:https://registry.npmjs.org/@babel%2fhelpers set size:384482 disposed:false
969 silly fetch manifest pathe@^2.0.3
970 silly packumentCache full:https://registry.npmjs.org/pathe cache-hit
971 silly fetch manifest cac@^6.7.14
972 silly packumentCache full:https://registry.npmjs.org/cac cache-miss
973 http cache https://registry.npmjs.org/@jridgewell%2ftrace-mapping 90ms (cache hit)
974 silly packumentCache full:https://registry.npmjs.org/@jridgewell%2ftrace-mapping set size:170909 disposed:false
975 silly fetch manifest debug@^4.4.1
976 silly packumentCache full:https://registry.npmjs.org/debug cache-hit
977 http cache https://registry.npmjs.org/@babel%2fhelper-plugin-utils 93ms (cache hit)
978 silly packumentCache full:https://registry.npmjs.org/@babel%2fhelper-plugin-utils set size:162082 disposed:false
979 http cache https://registry.npmjs.org/@babel%2fhelper-validator-option 96ms (cache hit)
980 silly packumentCache full:https://registry.npmjs.org/@babel%2fhelper-validator-option set size:90529 disposed:false
981 http cache https://registry.npmjs.org/@babel%2fhelper-plugin-utils 98ms (cache hit)
982 silly packumentCache full:https://registry.npmjs.org/@babel%2fhelper-plugin-utils set size:162082 disposed:false
983 silly packumentCache full:https://registry.npmjs.org/@babel%2fhelper-plugin-utils dispose
984 http cache https://registry.npmjs.org/@babel%2fplugin-transform-typescript 103ms (cache hit)
985 silly packumentCache full:https://registry.npmjs.org/@babel%2fplugin-transform-typescript set size:385943 disposed:false
986 http cache https://registry.npmjs.org/@babel%2fhelper-globals 73ms (cache hit)
987 silly packumentCache full:https://registry.npmjs.org/@babel%2fhelper-globals set size:13624 disposed:false
988 http cache https://registry.npmjs.org/@babel%2fcode-frame 80ms (cache hit)
989 silly packumentCache full:https://registry.npmjs.org/@babel%2fcode-frame set size:194176 disposed:false
990 silly packumentCache full:https://registry.npmjs.org/@babel%2fcode-frame dispose
991 http cache https://registry.npmjs.org/@babel%2fplugin-transform-modules-commonjs 91ms (cache hit)
992 silly packumentCache full:https://registry.npmjs.org/@babel%2fplugin-transform-modules-commonjs set size:297516 disposed:false
993 http cache https://registry.npmjs.org/@babel%2fhelper-string-parser 80ms (cache hit)
994 silly packumentCache full:https://registry.npmjs.org/@babel%2fhelper-string-parser set size:80211 disposed:false
995 http cache https://registry.npmjs.org/@babel%2fhelper-validator-identifier 77ms (cache hit)
996 silly packumentCache full:https://registry.npmjs.org/@babel%2fhelper-validator-identifier set size:114475 disposed:false
997 http cache https://registry.npmjs.org/@mjackson%2fnode-fetch-server 76ms (cache hit)
998 silly packumentCache full:https://registry.npmjs.org/@mjackson%2fnode-fetch-server set size:29088 disposed:false
999 http cache https://registry.npmjs.org/confbox 69ms (cache hit)
1000 silly packumentCache full:https://registry.npmjs.org/confbox set size:44789 disposed:false
1001 http cache https://registry.npmjs.org/readdirp 74ms (cache hit)
1002 silly packumentCache full:https://registry.npmjs.org/readdirp set size:107589 disposed:false
1003 http cache https://registry.npmjs.org/cac 63ms (cache hit)
1004 silly packumentCache full:https://registry.npmjs.org/cac set size:375942 disposed:false
1005 http cache https://registry.npmjs.org/exsolve 77ms (cache hit)
1006 silly packumentCache full:https://registry.npmjs.org/exsolve set size:56620 disposed:false
1007 silly fetch manifest @babel/core@^7.0.0
1008 silly packumentCache full:https://registry.npmjs.org/@babel%2fcore cache-hit
1009 silly placeDep ROOT @babel/code-frame@7.29.0 OK for: @babel/core@7.29.0 want: ^7.29.0
1010 silly placeDep ROOT @babel/helper-compilation-targets@7.28.6 OK for: @babel/core@7.29.0 want: ^7.28.6
1011 silly placeDep ROOT @babel/helper-module-transforms@7.28.6 OK for: @babel/core@7.29.0 want: ^7.28.6
1012 silly placeDep ROOT @babel/helpers@7.28.6 OK for: @babel/core@7.29.0 want: ^7.28.6
1013 silly placeDep ROOT @babel/template@7.28.6 OK for: @babel/core@7.29.0 want: ^7.28.6
1014 silly placeDep ROOT @jridgewell/remapping@2.3.5 OK for: @babel/core@7.29.0 want: ^2.3.5
1015 silly placeDep ROOT convert-source-map@2.0.0 OK for: @babel/core@7.29.0 want: ^2.0.0
1016 silly placeDep ROOT debug@4.4.3 OK for: @babel/core@7.29.0 want: ^4.1.0
1017 silly placeDep ROOT gensync@1.0.0-beta.2 OK for: @babel/core@7.29.0 want: ^1.0.0-beta.2
1018 silly placeDep ROOT json5@2.2.3 OK for: @babel/core@7.29.0 want: ^2.2.3
1019 silly placeDep node_modules/@babel/core semver@6.3.1 OK for: @babel/core@7.29.0 want: ^6.3.1
1020 silly fetch manifest js-tokens@^4.0.0
1021 silly packumentCache full:https://registry.npmjs.org/js-tokens cache-miss
1022 silly fetch manifest lru-cache@^5.1.1
1023 silly packumentCache full:https://registry.npmjs.org/lru-cache cache-miss
1024 silly fetch manifest browserslist@^4.24.0
1025 silly packumentCache full:https://registry.npmjs.org/browserslist cache-miss
1026 silly fetch manifest @babel/compat-data@^7.28.6
1027 silly packumentCache full:https://registry.npmjs.org/@babel%2fcompat-data cache-miss
1028 silly fetch manifest @babel/helper-module-imports@^7.28.6
1029 silly packumentCache full:https://registry.npmjs.org/@babel%2fhelper-module-imports cache-miss
1030 silly fetch manifest @jridgewell/gen-mapping@^0.3.5
1031 silly packumentCache full:https://registry.npmjs.org/@jridgewell%2fgen-mapping cache-hit
1032 silly fetch manifest @jridgewell/trace-mapping@^0.3.24
1033 silly packumentCache full:https://registry.npmjs.org/@jridgewell%2ftrace-mapping cache-hit
1034 silly fetch manifest ms@^2.1.3
1035 silly packumentCache full:https://registry.npmjs.org/ms cache-miss
1036 http cache https://registry.npmjs.org/js-tokens 32ms (cache hit)
1037 silly packumentCache full:https://registry.npmjs.org/js-tokens set size:41947 disposed:false
1038 http cache https://registry.npmjs.org/@babel%2fhelper-module-imports 28ms (cache hit)
1039 silly packumentCache full:https://registry.npmjs.org/@babel%2fhelper-module-imports set size:191525 disposed:false
1040 http cache https://registry.npmjs.org/@babel%2fcompat-data 36ms (cache hit)
1041 silly packumentCache full:https://registry.npmjs.org/@babel%2fcompat-data set size:303539 disposed:false
1042 http cache https://registry.npmjs.org/ms 36ms (cache hit)
1043 silly packumentCache full:https://registry.npmjs.org/ms set size:92208 disposed:false
1044 http cache https://registry.npmjs.org/browserslist 46ms (cache hit)
1045 silly packumentCache full:https://registry.npmjs.org/browserslist set size:502989 disposed:false
1046 http cache https://registry.npmjs.org/lru-cache 53ms (cache hit)
1047 silly packumentCache full:https://registry.npmjs.org/lru-cache set size:413591 disposed:false
1048 silly placeDep ROOT @babel/helper-validator-identifier@7.28.5 OK for: @babel/code-frame@7.29.0 want: ^7.28.5
1049 silly placeDep ROOT js-tokens@4.0.0 OK for: @babel/code-frame@7.29.0 want: ^4.0.0
1050 silly placeDep ROOT @jridgewell/gen-mapping@0.3.13 OK for: @babel/generator@7.29.1 want: ^0.3.12
1051 silly placeDep ROOT @jridgewell/trace-mapping@0.3.31 OK for: @babel/generator@7.29.1 want: ^0.3.28
1052 silly fetch manifest @jridgewell/sourcemap-codec@^1.5.0
1053 silly packumentCache full:https://registry.npmjs.org/@jridgewell%2fsourcemap-codec cache-miss
1054 silly fetch manifest @jridgewell/resolve-uri@^3.1.0
1055 silly packumentCache full:https://registry.npmjs.org/@jridgewell%2fresolve-uri cache-miss
1056 silly fetch manifest @jridgewell/sourcemap-codec@^1.4.14
1057 silly packumentCache full:https://registry.npmjs.org/@jridgewell%2fsourcemap-codec cache-miss
1058 http cache https://registry.npmjs.org/@jridgewell%2fsourcemap-codec 23ms (cache hit)
1059 silly packumentCache full:https://registry.npmjs.org/@jridgewell%2fsourcemap-codec set size:59275 disposed:false
1060 http cache https://registry.npmjs.org/@jridgewell%2fresolve-uri 23ms (cache hit)
1061 silly packumentCache full:https://registry.npmjs.org/@jridgewell%2fresolve-uri set size:57361 disposed:false
1062 http cache https://registry.npmjs.org/@jridgewell%2fsourcemap-codec 24ms (cache hit)
1063 silly packumentCache full:https://registry.npmjs.org/@jridgewell%2fsourcemap-codec set size:59275 disposed:false
1064 silly packumentCache full:https://registry.npmjs.org/@jridgewell%2fsourcemap-codec dispose
1065 silly placeDep ROOT @babel/compat-data@7.29.0 OK for: @babel/helper-compilation-targets@7.28.6 want: ^7.28.6
1066 silly placeDep ROOT @babel/helper-validator-option@7.27.1 OK for: @babel/helper-compilation-targets@7.28.6 want: ^7.27.1
1067 silly placeDep ROOT browserslist@4.28.1 OK for: @babel/helper-compilation-targets@7.28.6 want: ^4.24.0
1068 silly placeDep ROOT lru-cache@5.1.1 OK for: @babel/helper-compilation-targets@7.28.6 want: ^5.1.1
1069 silly placeDep node_modules/@babel/helper-compilation-targets semver@6.3.1 OK for: @babel/helper-compilation-targets@7.28.6 want: ^6.3.1
1070 silly fetch manifest baseline-browser-mapping@^2.9.0
1071 silly packumentCache full:https://registry.npmjs.org/baseline-browser-mapping cache-miss
1072 silly fetch manifest caniuse-lite@^1.0.30001759
1073 silly packumentCache full:https://registry.npmjs.org/caniuse-lite cache-miss
1074 silly fetch manifest electron-to-chromium@^1.5.263
1075 silly packumentCache full:https://registry.npmjs.org/electron-to-chromium cache-miss
1076 silly fetch manifest node-releases@^2.0.27
1077 silly packumentCache full:https://registry.npmjs.org/node-releases cache-miss
1078 silly fetch manifest update-browserslist-db@^1.2.0
1079 silly packumentCache full:https://registry.npmjs.org/update-browserslist-db cache-miss
1080 silly fetch manifest yallist@^3.0.2
1081 silly packumentCache full:https://registry.npmjs.org/yallist cache-miss
1082 http cache https://registry.npmjs.org/node-releases 23ms (cache hit)
1083 silly packumentCache full:https://registry.npmjs.org/node-releases set size:269192 disposed:false
1084 http cache https://registry.npmjs.org/baseline-browser-mapping 32ms (cache hit)
1085 silly packumentCache full:https://registry.npmjs.org/baseline-browser-mapping set size:393828 disposed:false
1086 http cache https://registry.npmjs.org/yallist 29ms (cache hit)
1087 silly packumentCache full:https://registry.npmjs.org/yallist set size:34610 disposed:false
1088 http cache https://registry.npmjs.org/caniuse-lite 41ms (cache hit)
1089 silly packumentCache full:https://registry.npmjs.org/caniuse-lite set size:2260747 disposed:false
1090 http cache https://registry.npmjs.org/electron-to-chromium 70ms (cache hit)
1091 silly packumentCache full:https://registry.npmjs.org/electron-to-chromium set size:4719879 disposed:false
1092 http cache https://registry.npmjs.org/update-browserslist-db 105ms (cache hit)
1093 silly packumentCache full:https://registry.npmjs.org/update-browserslist-db set size:62000 disposed:false
1094 silly placeDep ROOT @babel/helper-module-imports@7.28.6 OK for: @babel/helper-module-transforms@7.28.6 want: ^7.28.6
1095 silly placeDep ROOT @babel/helper-plugin-utils@7.28.6 OK for: @babel/plugin-syntax-jsx@7.28.6 want: ^7.28.6
1096 silly fetch manifest @babel/core@^7.0.0-0
1097 silly packumentCache full:https://registry.npmjs.org/@babel%2fcore cache-hit
1098 silly placeDep ROOT @babel/plugin-transform-modules-commonjs@7.28.6 OK for: @babel/preset-typescript@7.28.5 want: ^7.27.1
1099 silly placeDep ROOT @babel/plugin-transform-typescript@7.28.6 OK for: @babel/preset-typescript@7.28.5 want: ^7.28.5
1100 silly fetch manifest @babel/helper-annotate-as-pure@^7.27.3
1101 silly packumentCache full:https://registry.npmjs.org/@babel%2fhelper-annotate-as-pure cache-miss
1102 silly fetch manifest @babel/plugin-syntax-typescript@^7.28.6
1103 silly packumentCache full:https://registry.npmjs.org/@babel%2fplugin-syntax-typescript cache-miss
1104 silly fetch manifest @babel/helper-create-class-features-plugin@^7.28.6
1105 silly packumentCache full:https://registry.npmjs.org/@babel%2fhelper-create-class-features-plugin cache-miss
1106 silly fetch manifest @babel/helper-skip-transparent-expression-wrappers@^7.27.1
1107 silly packumentCache full:https://registry.npmjs.org/@babel%2fhelper-skip-transparent-expression-wrappers cache-miss
1108 http cache https://registry.npmjs.org/@babel%2fhelper-annotate-as-pure 15ms (cache hit)
1109 silly packumentCache full:https://registry.npmjs.org/@babel%2fhelper-annotate-as-pure set size:169669 disposed:false
1110 http cache https://registry.npmjs.org/@babel%2fhelper-create-class-features-plugin 16ms (cache hit)
1111 silly packumentCache full:https://registry.npmjs.org/@babel%2fhelper-create-class-features-plugin set size:362605 disposed:false
1112 http cache https://registry.npmjs.org/@babel%2fhelper-skip-transparent-expression-wrappers 20ms (cache hit)
1113 silly packumentCache full:https://registry.npmjs.org/@babel%2fhelper-skip-transparent-expression-wrappers set size:93639 disposed:false
1114 http cache https://registry.npmjs.org/@babel%2fplugin-syntax-typescript 23ms (cache hit)
1115 silly packumentCache full:https://registry.npmjs.org/@babel%2fplugin-syntax-typescript set size:204271 disposed:false
1116 silly placeDep ROOT @babel/helper-annotate-as-pure@7.27.3 OK for: @babel/plugin-transform-typescript@7.28.6 want: ^7.27.3
1117 silly placeDep ROOT @babel/helper-create-class-features-plugin@7.28.6 OK for: @babel/plugin-transform-typescript@7.28.6 want: ^7.28.6
1118 silly placeDep ROOT @babel/helper-skip-transparent-expression-wrappers@7.27.1 OK for: @babel/plugin-transform-typescript@7.28.6 want: ^7.27.1
1119 silly placeDep ROOT @babel/plugin-syntax-typescript@7.28.6 OK for: @babel/plugin-transform-typescript@7.28.6 want: ^7.28.6
1120 silly fetch manifest @babel/helper-replace-supers@^7.28.6
1121 silly packumentCache full:https://registry.npmjs.org/@babel%2fhelper-replace-supers cache-miss
1122 silly fetch manifest @babel/helper-optimise-call-expression@^7.27.1
1123 silly packumentCache full:https://registry.npmjs.org/@babel%2fhelper-optimise-call-expression cache-miss
1124 silly fetch manifest @babel/helper-member-expression-to-functions@^7.28.5
1125 silly packumentCache full:https://registry.npmjs.org/@babel%2fhelper-member-expression-to-functions cache-miss
1126 http cache https://registry.npmjs.org/@babel%2fhelper-replace-supers 12ms (cache hit)
1127 silly packumentCache full:https://registry.npmjs.org/@babel%2fhelper-replace-supers set size:255506 disposed:false
1128 http cache https://registry.npmjs.org/@babel%2fhelper-member-expression-to-functions 14ms (cache hit)
1129 silly packumentCache full:https://registry.npmjs.org/@babel%2fhelper-member-expression-to-functions set size:216780 disposed:false
1130 http cache https://registry.npmjs.org/@babel%2fhelper-optimise-call-expression 19ms (cache hit)
1131 silly packumentCache full:https://registry.npmjs.org/@babel%2fhelper-optimise-call-expression set size:180716 disposed:false
1132 silly placeDep ROOT @babel/helper-member-expression-to-functions@7.28.5 OK for: @babel/helper-create-class-features-plugin@7.28.6 want: ^7.28.5
1133 silly placeDep ROOT @babel/helper-optimise-call-expression@7.27.1 OK for: @babel/helper-create-class-features-plugin@7.28.6 want: ^7.27.1
1134 silly placeDep ROOT @babel/helper-replace-supers@7.28.6 OK for: @babel/helper-create-class-features-plugin@7.28.6 want: ^7.28.6
1135 silly placeDep node_modules/@babel/helper-create-class-features-plugin semver@6.3.1 OK for: @babel/helper-create-class-features-plugin@7.28.6 want: ^6.3.1
1136 silly placeDep ROOT @babel/helper-globals@7.28.0 OK for: @babel/traverse@7.29.0 want: ^7.28.0
1137 silly placeDep ROOT @babel/helper-string-parser@7.27.1 OK for: @babel/types@7.29.0 want: ^7.27.1
1138 silly placeDep ROOT @jridgewell/sourcemap-codec@1.5.5 OK for: @jridgewell/gen-mapping@0.3.13 want: ^1.5.0
1139 silly placeDep ROOT @jridgewell/resolve-uri@3.1.2 OK for: @jridgewell/trace-mapping@0.3.31 want: ^3.1.0
1140 silly placeDep ROOT @mjackson/node-fetch-server@0.2.0 OK for: @react-router/node@7.12.0 want: ^0.2.0
1141 silly placeDep ROOT @standard-schema/spec@1.1.0 OK for: @shopify/app-bridge-types@0.5.3 want: ^1.0.0
1142 silly fetch manifest react@16.8.0 - 18
1143 silly packumentCache full:https://registry.npmjs.org/react cache-miss
1144 http cache https://registry.npmjs.org/react 27ms (cache hit)
1145 silly packumentCache full:https://registry.npmjs.org/react set size:6523821 disposed:false
1146 silly fetch manifest react-dom@16.8.0 - 18
1147 silly packumentCache full:https://registry.npmjs.org/react-dom cache-miss
1148 http cache https://registry.npmjs.org/react-dom 34ms (cache hit)
1149 silly packumentCache full:https://registry.npmjs.org/react-dom set size:8651400 disposed:false
1150 silly placeDep ROOT @shopify/graphql-client@1.4.1 OK for: @shopify/hydrogen@2025.10.1 want: 1.4.1
1151 silly placeDep ROOT content-security-policy-builder@2.3.0 OK for: @shopify/hydrogen@2025.10.1 want: ^2.2.0
1152 silly placeDep ROOT flame-chart-js@2.3.1 OK for: @shopify/hydrogen@2025.10.1 want: 2.3.1
1153 silly placeDep ROOT source-map-support@0.5.21 OK for: @shopify/hydrogen@2025.10.1 want: ^0.5.21
1154 silly placeDep ROOT use-resize-observer@9.1.0 OK for: @shopify/hydrogen@2025.10.1 want: ^9.1.0
1155 silly placeDep ROOT react@18.3.1 REPLACE for: use-resize-observer@9.1.0 want: 16.8.0 - 18
1156 silly placeDep ROOT react-dom@18.3.1 OK for: use-resize-observer@9.1.0 want: 16.8.0 - 18
1157 silly placeDep ROOT react@18.3.1 OK for: react-dom@18.3.1 want: ^18.3.1
1158 silly placeDep ROOT worktop@0.7.3 OK for: @shopify/hydrogen@2025.10.1 want: ^0.7.3
1159 silly fetch manifest color@^3.1.3
1160 silly packumentCache full:https://registry.npmjs.org/color cache-miss
1161 silly fetch manifest events@^3.2.0
1162 silly packumentCache full:https://registry.npmjs.org/events cache-miss
1163 silly fetch manifest buffer-from@^1.0.0
1164 silly packumentCache full:https://registry.npmjs.org/buffer-from cache-miss
1165 silly fetch manifest source-map@^0.6.0
1166 silly packumentCache full:https://registry.npmjs.org/source-map cache-miss
1167 silly fetch manifest @juggle/resize-observer@^3.3.1
1168 silly packumentCache full:https://registry.npmjs.org/@juggle%2fresize-observer cache-miss
1169 silly fetch manifest scheduler@^0.23.2
1170 silly packumentCache full:https://registry.npmjs.org/scheduler cache-miss
1171 silly fetch manifest loose-envify@^1.1.0
1172 silly packumentCache full:https://registry.npmjs.org/loose-envify cache-miss
1173 silly fetch manifest loose-envify@^1.1.0
1174 silly packumentCache full:https://registry.npmjs.org/loose-envify cache-miss
1175 silly fetch manifest loose-envify@^1.1.0
1176 silly packumentCache full:https://registry.npmjs.org/loose-envify cache-miss
1177 silly fetch manifest regexparam@^2.0.0
1178 silly packumentCache full:https://registry.npmjs.org/regexparam cache-miss
1179 http cache https://registry.npmjs.org/source-map 73ms (cache hit)
1180 silly packumentCache full:https://registry.npmjs.org/source-map set size:226141 disposed:false
1181 http cache https://registry.npmjs.org/scheduler 96ms (cache hit)
1182 silly packumentCache full:https://registry.npmjs.org/scheduler set size:5415305 disposed:false
1183 http cache https://registry.npmjs.org/buffer-from 153ms (cache hit)
1184 silly packumentCache full:https://registry.npmjs.org/buffer-from set size:15463 disposed:false
1185 http cache https://registry.npmjs.org/events 156ms (cache hit)
1186 silly packumentCache full:https://registry.npmjs.org/events set size:35240 disposed:false
1187 http cache https://registry.npmjs.org/regexparam 152ms (cache hit)
1188 silly packumentCache full:https://registry.npmjs.org/regexparam set size:43837 disposed:false
1189 http cache https://registry.npmjs.org/loose-envify 156ms (cache hit)
1190 silly packumentCache full:https://registry.npmjs.org/loose-envify set size:12559 disposed:false
1191 http cache https://registry.npmjs.org/@juggle%2fresize-observer 161ms (cache hit)
1192 silly packumentCache full:https://registry.npmjs.org/@juggle%2fresize-observer set size:311142 disposed:false
1193 http cache https://registry.npmjs.org/loose-envify 161ms (cache hit)
1194 silly packumentCache full:https://registry.npmjs.org/loose-envify set size:12559 disposed:false
1195 silly packumentCache full:https://registry.npmjs.org/loose-envify dispose
1196 http cache https://registry.npmjs.org/color 168ms (cache hit)
1197 silly packumentCache full:https://registry.npmjs.org/color set size:98234 disposed:false
1198 http cache https://registry.npmjs.org/loose-envify 165ms (cache hit)
1199 silly packumentCache full:https://registry.npmjs.org/loose-envify set size:12559 disposed:true
1200 silly packumentCache full:https://registry.npmjs.org/loose-envify dispose
1201 silly timing Tried to end timer that doesn't exist: idealTree:#root
1202 silly placeDep ROOT @react-router/dev@7.13.1 OK for: @shopify/dev-mcp@1.6.0 want: ^7.1.1
1203 silly placeDep ROOT react-router@7.13.1 OK for: @react-router/dev@7.13.1 want: ^7.13.1
1204 silly placeDep ROOT @shopify/hydrogen@2025.10.1 OK for: @shopify/dev-mcp@1.6.0 want: ^2025.7.1
1205 silly placeDep ROOT @react-router/dev@7.12.0 REPLACE for: @shopify/hydrogen@2025.10.1 want: 7.12.0
1206 silly placeDep ROOT @shopify/hydrogen-react@2025.10.0 OK for: @shopify/dev-mcp@1.6.0 want: ^2025.7.1
1207 silly placeDep ROOT @babel/core@7.29.0 OK for: @react-router/dev@7.12.0 want: ^7.27.7
1208 silly placeDep ROOT @babel/generator@7.29.1 OK for: @react-router/dev@7.12.0 want: ^7.27.5
1209 silly placeDep ROOT @babel/parser@7.29.0 OK for: @react-router/dev@7.12.0 want: ^7.27.7
1210 silly placeDep ROOT @babel/plugin-syntax-jsx@7.28.6 OK for: @react-router/dev@7.12.0 want: ^7.27.1
1211 silly placeDep ROOT @babel/preset-typescript@7.28.5 OK for: @react-router/dev@7.12.0 want: ^7.27.1
1212 silly placeDep ROOT @babel/traverse@7.29.0 OK for: @react-router/dev@7.12.0 want: ^7.27.7
1213 silly placeDep ROOT @babel/types@7.29.0 OK for: @react-router/dev@7.12.0 want: ^7.27.7
1214 silly placeDep ROOT @react-router/node@7.12.0 OK for: @react-router/dev@7.12.0 want: 7.12.0
1215 silly placeDep ROOT react-router@7.12.0 REPLACE for: @react-router/node@7.12.0 want: 7.12.0
1216 silly placeDep ROOT @remix-run/node-fetch-server@0.9.0 OK for: @react-router/dev@7.12.0 want: ^0.9.0
1217 silly placeDep ROOT arg@5.0.2 OK for: @react-router/dev@7.12.0 want: ^5.0.1
1218 silly placeDep ROOT babel-dead-code-elimination@1.0.12 OK for: @react-router/dev@7.12.0 want: ^1.0.6
1219 silly placeDep ROOT chokidar@4.0.3 OK for: @react-router/dev@7.12.0 want: ^4.0.0
1220 silly placeDep ROOT dedent@1.7.2 OK for: @react-router/dev@7.12.0 want: ^1.5.3
1221 silly placeDep ROOT es-module-lexer@1.7.0 OK for: @react-router/dev@7.12.0 want: ^1.3.1
1222 silly placeDep ROOT exit-hook@2.2.1 OK for: @react-router/dev@7.12.0 want: 2.2.1
1223 silly placeDep ROOT jsesc@3.0.2 OK for: @react-router/dev@7.12.0 want: 3.0.2
1224 silly placeDep ROOT p-map@7.0.4 OK for: @react-router/dev@7.12.0 want: ^7.0.3
1225 silly placeDep ROOT pathe@1.1.2 OK for: @react-router/dev@7.12.0 want: ^1.1.2
1226 silly placeDep ROOT picocolors@1.1.1 OK for: @react-router/dev@7.12.0 want: ^1.1.1
1227 silly placeDep ROOT pkg-types@2.3.0 OK for: @react-router/dev@7.12.0 want: ^2.3.0
1228 silly placeDep ROOT prettier@3.8.1 OK for: @react-router/dev@7.12.0 want: ^3.6.2
1229 silly placeDep ROOT react-refresh@0.14.2 OK for: @react-router/dev@7.12.0 want: ^0.14.0
1230 silly placeDep ROOT semver@7.7.4 OK for: @react-router/dev@7.12.0 want: ^7.3.7
1231 silly placeDep ROOT valibot@1.2.0 OK for: @react-router/dev@7.12.0 want: ^1.2.0
1232 silly placeDep ROOT vite-node@3.2.4 OK for: @react-router/dev@7.12.0 want: ^3.2.2
1233 silly placeDep ROOT @babel/code-frame@7.29.0 OK for: @babel/core@7.29.0 want: ^7.29.0
1234 silly placeDep ROOT @babel/helper-compilation-targets@7.28.6 OK for: @babel/core@7.29.0 want: ^7.28.6
1235 silly placeDep ROOT @babel/helper-module-transforms@7.28.6 OK for: @babel/core@7.29.0 want: ^7.28.6
1236 silly placeDep ROOT @babel/helpers@7.28.6 OK for: @babel/core@7.29.0 want: ^7.28.6
1237 silly placeDep ROOT @babel/template@7.28.6 OK for: @babel/core@7.29.0 want: ^7.28.6
1238 silly placeDep ROOT @jridgewell/remapping@2.3.5 OK for: @babel/core@7.29.0 want: ^2.3.5
1239 silly placeDep ROOT convert-source-map@2.0.0 OK for: @babel/core@7.29.0 want: ^2.0.0
1240 silly placeDep ROOT gensync@1.0.0-beta.2 OK for: @babel/core@7.29.0 want: ^1.0.0-beta.2
1241 silly placeDep ROOT json5@2.2.3 OK for: @babel/core@7.29.0 want: ^2.2.3
1242 silly placeDep node_modules/@babel/core semver@6.3.1 OK for: @babel/core@7.29.0 want: ^6.3.1
1243 silly placeDep ROOT @babel/helper-validator-identifier@7.28.5 OK for: @babel/code-frame@7.29.0 want: ^7.28.5
1244 silly placeDep ROOT js-tokens@4.0.0 OK for: @babel/code-frame@7.29.0 want: ^4.0.0
1245 silly placeDep ROOT @jridgewell/gen-mapping@0.3.13 OK for: @babel/generator@7.29.1 want: ^0.3.12
1246 silly placeDep ROOT @jridgewell/trace-mapping@0.3.31 OK for: @babel/generator@7.29.1 want: ^0.3.28
1247 silly placeDep ROOT @babel/compat-data@7.29.0 OK for: @babel/helper-compilation-targets@7.28.6 want: ^7.28.6
1248 silly placeDep ROOT @babel/helper-validator-option@7.27.1 OK for: @babel/helper-compilation-targets@7.28.6 want: ^7.27.1
1249 silly placeDep ROOT browserslist@4.28.1 OK for: @babel/helper-compilation-targets@7.28.6 want: ^4.24.0
1250 silly placeDep ROOT lru-cache@5.1.1 OK for: @babel/helper-compilation-targets@7.28.6 want: ^5.1.1
1251 silly placeDep node_modules/@babel/helper-compilation-targets semver@6.3.1 OK for: @babel/helper-compilation-targets@7.28.6 want: ^6.3.1
1252 silly placeDep ROOT @babel/helper-module-imports@7.28.6 OK for: @babel/helper-module-transforms@7.28.6 want: ^7.28.6
1253 silly placeDep ROOT @babel/helper-plugin-utils@7.28.6 OK for: @babel/plugin-syntax-jsx@7.28.6 want: ^7.28.6
1254 silly placeDep ROOT @babel/plugin-transform-modules-commonjs@7.28.6 OK for: @babel/preset-typescript@7.28.5 want: ^7.27.1
1255 silly placeDep ROOT @babel/plugin-transform-typescript@7.28.6 OK for: @babel/preset-typescript@7.28.5 want: ^7.28.5
1256 silly placeDep ROOT @babel/helper-annotate-as-pure@7.27.3 OK for: @babel/plugin-transform-typescript@7.28.6 want: ^7.27.3
1257 silly placeDep ROOT @babel/helper-create-class-features-plugin@7.28.6 OK for: @babel/plugin-transform-typescript@7.28.6 want: ^7.28.6
1258 silly placeDep ROOT @babel/helper-skip-transparent-expression-wrappers@7.27.1 OK for: @babel/plugin-transform-typescript@7.28.6 want: ^7.27.1
1259 silly placeDep ROOT @babel/plugin-syntax-typescript@7.28.6 OK for: @babel/plugin-transform-typescript@7.28.6 want: ^7.28.6
1260 silly placeDep ROOT @babel/helper-member-expression-to-functions@7.28.5 OK for: @babel/helper-create-class-features-plugin@7.28.6 want: ^7.28.5
1261 silly placeDep ROOT @babel/helper-optimise-call-expression@7.27.1 OK for: @babel/helper-create-class-features-plugin@7.28.6 want: ^7.27.1
1262 silly placeDep ROOT @babel/helper-replace-supers@7.28.6 OK for: @babel/helper-create-class-features-plugin@7.28.6 want: ^7.28.6
1263 silly placeDep node_modules/@babel/helper-create-class-features-plugin semver@6.3.1 OK for: @babel/helper-create-class-features-plugin@7.28.6 want: ^6.3.1
1264 silly placeDep ROOT @babel/helper-globals@7.28.0 OK for: @babel/traverse@7.29.0 want: ^7.28.0
1265 silly placeDep ROOT @babel/helper-string-parser@7.27.1 OK for: @babel/types@7.29.0 want: ^7.27.1
1266 silly placeDep ROOT @jridgewell/sourcemap-codec@1.5.5 OK for: @jridgewell/gen-mapping@0.3.13 want: ^1.5.0
1267 silly placeDep ROOT @jridgewell/resolve-uri@3.1.2 OK for: @jridgewell/trace-mapping@0.3.31 want: ^3.1.0
1268 silly placeDep ROOT @mjackson/node-fetch-server@0.2.0 OK for: @react-router/node@7.12.0 want: ^0.2.0
1269 silly placeDep ROOT @shopify/graphql-client@1.4.1 OK for: @shopify/hydrogen@2025.10.1 want: 1.4.1
1270 silly placeDep ROOT content-security-policy-builder@2.3.0 OK for: @shopify/hydrogen@2025.10.1 want: ^2.2.0
1271 silly placeDep ROOT flame-chart-js@2.3.1 OK for: @shopify/hydrogen@2025.10.1 want: 2.3.1
1272 silly placeDep ROOT source-map-support@0.5.21 OK for: @shopify/hydrogen@2025.10.1 want: ^0.5.21
1273 silly placeDep ROOT use-resize-observer@9.1.0 OK for: @shopify/hydrogen@2025.10.1 want: ^9.1.0
1274 silly placeDep ROOT react-dom@18.3.1 REPLACE for: use-resize-observer@9.1.0 want: 16.8.0 - 18
1275 silly placeDep ROOT worktop@0.7.3 OK for: @shopify/hydrogen@2025.10.1 want: ^0.7.3
1276 silly fetch manifest react@^16.8.0 || ^17.0.0 || ^18.0.0
1277 silly packumentCache full:https://registry.npmjs.org/react cache-miss
1278 http cache https://registry.npmjs.org/react 25ms (cache hit)
1279 silly packumentCache full:https://registry.npmjs.org/react set size:6523821 disposed:false
1280 silly fetch manifest xstate@^4.36.0
1281 silly packumentCache full:https://registry.npmjs.org/xstate cache-miss
1282 http cache https://registry.npmjs.org/xstate 10ms (cache hit)
1283 silly packumentCache full:https://registry.npmjs.org/xstate set size:1046667 disposed:false
1284 silly fetch manifest three@^0.172.0
1285 silly packumentCache full:https://registry.npmjs.org/three cache-miss
1286 http cache https://registry.npmjs.org/three 12ms (cache hit)
1287 silly packumentCache full:https://registry.npmjs.org/three set size:921533 disposed:false
1288 silly placeDep ROOT @google/model-viewer@4.1.0 OK for: @shopify/hydrogen-react@2025.10.0 want: ^4.0.0
1289 silly placeDep ROOT three@0.172.0 OK for: @google/model-viewer@4.1.0 want: ^0.172.0
1290 silly placeDep ROOT @xstate/fsm@2.0.0 OK for: @shopify/hydrogen-react@2025.10.0 want: 2.0.0
1291 silly placeDep ROOT @xstate/react@3.2.1 OK for: @shopify/hydrogen-react@2025.10.0 want: 3.2.1
1292 silly placeDep ROOT use-isomorphic-layout-effect@1.2.1 OK for: @shopify/hydrogen-react@2025.10.0 want: 1.2.1
1293 silly placeDep ROOT use-sync-external-store@1.6.0 OK for: @shopify/hydrogen-react@2025.10.0 want: 1.6.0
1294 silly fetch manifest lit@^3.2.1
1295 silly packumentCache full:https://registry.npmjs.org/lit cache-miss
1296 silly fetch manifest @monogrid/gainmap-js@^3.1.0
1297 silly packumentCache full:https://registry.npmjs.org/@monogrid%2fgainmap-js cache-miss
1298 silly fetch manifest use-sync-external-store@^1.0.0
1299 silly packumentCache full:https://registry.npmjs.org/use-sync-external-store cache-miss
1300 silly fetch manifest use-isomorphic-layout-effect@^1.0.0
1301 silly packumentCache full:https://registry.npmjs.org/use-isomorphic-layout-effect cache-hit
1302 http cache https://registry.npmjs.org/lit 18ms (cache hit)
1303 silly packumentCache full:https://registry.npmjs.org/lit set size:443698 disposed:false
1304 http cache https://registry.npmjs.org/@monogrid%2fgainmap-js 25ms (cache hit)
1305 silly packumentCache full:https://registry.npmjs.org/@monogrid%2fgainmap-js set size:132175 disposed:false
1306 http cache https://registry.npmjs.org/use-sync-external-store 40ms (cache hit)
1307 silly packumentCache full:https://registry.npmjs.org/use-sync-external-store set size:4544327 disposed:false
1308 silly placeDep ROOT @monogrid/gainmap-js@3.4.0 OK for: @google/model-viewer@4.1.0 want: ^3.1.0
1309 silly placeDep ROOT lit@3.3.2 OK for: @google/model-viewer@4.1.0 want: ^3.2.1
1310 silly fetch manifest promise-worker-transferable@^1.0.4
1311 silly packumentCache full:https://registry.npmjs.org/promise-worker-transferable cache-miss
1312 silly fetch manifest @lit/reactive-element@^2.1.0
1313 silly packumentCache full:https://registry.npmjs.org/@lit%2freactive-element cache-miss
1314 silly fetch manifest lit-element@^4.2.0
1315 silly packumentCache full:https://registry.npmjs.org/lit-element cache-miss
1316 silly fetch manifest lit-html@^3.3.0
1317 silly packumentCache full:https://registry.npmjs.org/lit-html cache-miss
1318 http cache https://registry.npmjs.org/promise-worker-transferable 22ms (cache hit)
1319 silly packumentCache full:https://registry.npmjs.org/promise-worker-transferable set size:20096 disposed:false
1320 http cache https://registry.npmjs.org/lit-element 22ms (cache hit)
1321 silly packumentCache full:https://registry.npmjs.org/lit-element set size:478668 disposed:false
1322 http cache https://registry.npmjs.org/lit-html 28ms (cache hit)
1323 silly packumentCache full:https://registry.npmjs.org/lit-html set size:741279 disposed:false
1324 http cache https://registry.npmjs.org/@lit%2freactive-element 37ms (cache hit)
1325 silly packumentCache full:https://registry.npmjs.org/@lit%2freactive-element set size:344740 disposed:false
1326 silly placeDep ROOT promise-worker-transferable@1.0.4 OK for: @monogrid/gainmap-js@3.4.0 want: ^1.0.4
1327 silly fetch manifest is-promise@^2.1.0
1328 silly packumentCache full:https://registry.npmjs.org/is-promise cache-miss
1329 silly fetch manifest lie@^3.0.2
1330 silly packumentCache full:https://registry.npmjs.org/lie cache-miss
1331 http cache https://registry.npmjs.org/is-promise 12ms (cache hit)
1332 silly packumentCache full:https://registry.npmjs.org/is-promise set size:18599 disposed:false
1333 http cache https://registry.npmjs.org/lie 13ms (cache hit)
1334 silly packumentCache full:https://registry.npmjs.org/lie set size:93874 disposed:false
1335 silly placeDep ROOT @shopify/liquid-html-parser@2.9.0 OK for: @shopify/theme-check-common@3.23.0 want: 2.9.0
1336 silly placeDep ROOT cross-fetch@4.1.0 OK for: @shopify/theme-check-common@3.23.0 want: ^4.0.0
1337 silly placeDep ROOT jsonc-parser@3.3.1 OK for: @shopify/theme-check-common@3.23.0 want: ^3.2.0
1338 silly placeDep ROOT line-column@1.0.2 OK for: @shopify/theme-check-common@3.23.0 want: ^1.0.2
1339 silly placeDep ROOT minimatch@9.0.9 OK for: @shopify/theme-check-common@3.23.0 want: ^9.0.1
1340 silly placeDep ROOT vscode-json-languageservice@5.7.2 OK for: @shopify/theme-check-common@3.23.0 want: ^5.3.10
1341 silly placeDep ROOT vscode-uri@3.1.0 OK for: @shopify/theme-check-common@3.23.0 want: ^3.0.7
1342 silly fetch manifest ohm-js@^17.0.0
1343 silly packumentCache full:https://registry.npmjs.org/ohm-js cache-miss
1344 silly fetch manifest node-fetch@^2.7.0
1345 silly packumentCache full:https://registry.npmjs.org/node-fetch cache-hit
1346 silly fetch manifest isarray@^1.0.0
1347 silly packumentCache full:https://registry.npmjs.org/isarray cache-miss
1348 silly fetch manifest isobject@^2.0.0
1349 silly packumentCache full:https://registry.npmjs.org/isobject cache-miss
1350 silly fetch manifest brace-expansion@^2.0.2
1351 silly packumentCache full:https://registry.npmjs.org/brace-expansion cache-miss
1352 silly fetch manifest vscode-languageserver-textdocument@^1.0.12
1353 silly packumentCache full:https://registry.npmjs.org/vscode-languageserver-textdocument cache-miss
1354 silly fetch manifest vscode-languageserver-types@^3.17.5
1355 silly packumentCache full:https://registry.npmjs.org/vscode-languageserver-types cache-miss
1356 silly fetch manifest vscode-uri@^3.1.0
1357 silly packumentCache full:https://registry.npmjs.org/vscode-uri cache-hit
1358 silly fetch manifest @vscode/l10n@^0.0.18
1359 silly packumentCache full:https://registry.npmjs.org/@vscode%2fl10n cache-miss
1360 http cache https://registry.npmjs.org/isarray 28ms (cache hit)
1361 silly packumentCache full:https://registry.npmjs.org/isarray set size:17392 disposed:false
1362 http cache https://registry.npmjs.org/vscode-languageserver-textdocument 28ms (cache hit)
1363 silly packumentCache full:https://registry.npmjs.org/vscode-languageserver-textdocument set size:66580 disposed:false
1364 http cache https://registry.npmjs.org/ohm-js 36ms (cache hit)
1365 silly packumentCache full:https://registry.npmjs.org/ohm-js set size:366868 disposed:false
1366 http cache https://registry.npmjs.org/brace-expansion 40ms (cache hit)
1367 silly packumentCache full:https://registry.npmjs.org/brace-expansion set size:55744 disposed:false
1368 http cache https://registry.npmjs.org/isobject 41ms (cache hit)
1369 silly packumentCache full:https://registry.npmjs.org/isobject set size:26140 disposed:false
1370 http cache https://registry.npmjs.org/@vscode%2fl10n 39ms (cache hit)
1371 silly packumentCache full:https://registry.npmjs.org/@vscode%2fl10n set size:58396 disposed:false
1372 http cache https://registry.npmjs.org/vscode-languageserver-types 41ms (cache hit)
1373 silly packumentCache full:https://registry.npmjs.org/vscode-languageserver-types set size:307629 disposed:false
1374 silly placeDep ROOT ohm-js@17.5.0 OK for: @shopify/liquid-html-parser@2.9.0 want: ^17.0.0
1375 silly fetch manifest encoding@^0.1.0
1376 silly packumentCache full:https://registry.npmjs.org/encoding cache-miss
1377 http cache https://registry.npmjs.org/encoding 11ms (cache hit)
1378 silly packumentCache full:https://registry.npmjs.org/encoding set size:17833 disposed:false
1379 silly placeDep node_modules/@shopify/theme-check-docs-updater env-paths@2.2.1 OK for: @shopify/theme-check-docs-updater@3.23.0 want: ^2.2.1
1380 silly placeDep ROOT node-fetch@2.7.0 OK for: @shopify/theme-check-docs-updater@3.23.0 want: ^2.6.11
1381 silly fetch manifest whatwg-url@^5.0.0
1382 silly packumentCache full:https://registry.npmjs.org/whatwg-url cache-miss
1383 http cache https://registry.npmjs.org/whatwg-url 12ms (cache hit)
1384 silly packumentCache full:https://registry.npmjs.org/whatwg-url set size:170765 disposed:false
1385 silly placeDep ROOT glob@8.1.0 OK for: @shopify/theme-check-node@3.23.0 want: ^8.0.3
1386 silly placeDep ROOT yaml@2.8.2 OK for: @shopify/theme-check-node@3.23.0 want: ^2.3.0
1387 silly fetch manifest once@^1.3.0
1388 silly packumentCache full:https://registry.npmjs.org/once cache-hit
1389 silly fetch manifest inflight@^1.0.4
1390 silly packumentCache full:https://registry.npmjs.org/inflight cache-miss
1391 silly fetch manifest inherits@2
1392 silly packumentCache full:https://registry.npmjs.org/inherits cache-miss
1393 silly fetch manifest minimatch@^5.0.1
1394 silly packumentCache full:https://registry.npmjs.org/minimatch cache-hit
1395 silly fetch manifest fs.realpath@^1.0.0
1396 silly packumentCache full:https://registry.npmjs.org/fs.realpath cache-miss
1397 http cache https://registry.npmjs.org/inflight 18ms (cache hit)
1398 silly packumentCache full:https://registry.npmjs.org/inflight set size:13140 disposed:false
1399 http cache https://registry.npmjs.org/inherits 19ms (cache hit)
1400 silly packumentCache full:https://registry.npmjs.org/inherits set size:12925 disposed:false
1401 http cache https://registry.npmjs.org/fs.realpath 19ms (cache hit)
1402 silly packumentCache full:https://registry.npmjs.org/fs.realpath set size:4806 disposed:false
1403 silly placeDep ROOT ts-morph@25.0.1 OK for: @shopify/ui-extensions@2025.11.0 want: ^25.0.1
1404 silly fetch manifest @ts-morph/common@~0.26.0
1405 silly packumentCache full:https://registry.npmjs.org/@ts-morph%2fcommon cache-miss
1406 silly fetch manifest code-block-writer@^13.0.3
1407 silly packumentCache full:https://registry.npmjs.org/code-block-writer cache-miss
1408 http cache https://registry.npmjs.org/code-block-writer 10ms (cache hit)
1409 silly packumentCache full:https://registry.npmjs.org/code-block-writer set size:203952 disposed:false
1410 http cache https://registry.npmjs.org/@ts-morph%2fcommon 15ms (cache hit)
1411 silly packumentCache full:https://registry.npmjs.org/@ts-morph%2fcommon set size:161186 disposed:false
1412 silly placeDep ROOT csstype@3.2.3 OK for: @types/react@19.2.14 want: ^3.2.2
1413 silly placeDep ROOT fast-deep-equal@3.1.3 OK for: ajv@8.18.0 want: ^3.1.3
1414 silly placeDep ROOT fast-uri@3.1.0 OK for: ajv@8.18.0 want: ^3.0.1
1415 silly placeDep ROOT json-schema-traverse@1.0.0 OK for: ajv@8.18.0 want: ^1.0.0
1416 silly placeDep ROOT require-from-string@2.0.2 OK for: ajv@8.18.0 want: ^2.0.2
1417 silly fetch manifest browserslist@>= 4.21.0
1418 silly packumentCache full:https://registry.npmjs.org/browserslist cache-hit
1419 silly placeDep ROOT baseline-browser-mapping@2.10.0 OK for: browserslist@4.28.1 want: ^2.9.0
1420 silly placeDep ROOT caniuse-lite@1.0.30001775 OK for: browserslist@4.28.1 want: ^1.0.30001759
1421 silly placeDep ROOT electron-to-chromium@1.5.302 OK for: browserslist@4.28.1 want: ^1.5.263
1422 silly placeDep ROOT node-releases@2.0.27 OK for: browserslist@4.28.1 want: ^2.0.27
1423 silly placeDep ROOT update-browserslist-db@1.2.3 OK for: browserslist@4.28.1 want: ^1.2.0
1424 silly fetch manifest escalade@^3.2.0
1425 silly packumentCache full:https://registry.npmjs.org/escalade cache-miss
1426 http cache https://registry.npmjs.org/escalade 10ms (cache hit)
1427 silly packumentCache full:https://registry.npmjs.org/escalade set size:33724 disposed:false
1428 silly placeDep ROOT readdirp@4.1.2 OK for: chokidar@4.0.3 want: ^4.0.1
1429 silly placeDep ROOT object-assign@4.1.1 OK for: cors@2.8.6 want: ^4
1430 silly placeDep ROOT vary@1.1.2 OK for: cors@2.8.6 want: ^1
1431 silly placeDep ROOT path-key@3.1.1 OK for: cross-spawn@7.0.6 want: ^3.1.0
1432 silly placeDep ROOT shebang-command@2.0.0 OK for: cross-spawn@7.0.6 want: ^2.0.0
1433 silly placeDep ROOT which@2.0.2 OK for: cross-spawn@7.0.6 want: ^2.0.1
1434 silly fetch manifest shebang-regex@^3.0.0
1435 silly packumentCache full:https://registry.npmjs.org/shebang-regex cache-miss
1436 silly fetch manifest isexe@^2.0.0
1437 silly packumentCache full:https://registry.npmjs.org/isexe cache-miss
1438 http cache https://registry.npmjs.org/isexe 14ms (cache hit)
1439 silly packumentCache full:https://registry.npmjs.org/isexe set size:31756 disposed:false
1440 http cache https://registry.npmjs.org/shebang-regex 15ms (cache hit)
1441 silly packumentCache full:https://registry.npmjs.org/shebang-regex set size:9763 disposed:false
1442 silly placeDep ROOT ms@2.1.3 OK for: debug@4.4.3 want: ^2.1.3
1443 silly placeDep ROOT get-stream@8.0.1 OK for: execa@8.0.1 want: ^8.0.1
1444 silly placeDep ROOT human-signals@5.0.0 OK for: execa@8.0.1 want: ^5.0.0
1445 silly placeDep ROOT is-stream@3.0.0 OK for: execa@8.0.1 want: ^3.0.0
1446 silly placeDep ROOT merge-stream@2.0.0 OK for: execa@8.0.1 want: ^2.0.0
1447 silly placeDep ROOT npm-run-path@5.3.0 OK for: execa@8.0.1 want: ^5.1.0
1448 silly placeDep ROOT onetime@6.0.0 OK for: execa@8.0.1 want: ^6.0.0
1449 silly placeDep ROOT signal-exit@4.1.0 OK for: execa@8.0.1 want: ^4.1.0
1450 silly placeDep ROOT strip-final-newline@3.0.0 OK for: execa@8.0.1 want: ^3.0.0
1451 silly fetch manifest path-key@^4.0.0
1452 silly packumentCache full:https://registry.npmjs.org/path-key cache-hit
1453 silly fetch manifest mimic-fn@^4.0.0
1454 silly packumentCache full:https://registry.npmjs.org/mimic-fn cache-miss
1455 http cache https://registry.npmjs.org/mimic-fn 16ms (cache hit)
1456 silly packumentCache full:https://registry.npmjs.org/mimic-fn set size:22257 disposed:false
1457 silly placeDep ROOT accepts@2.0.0 OK for: express@5.2.1 want: ^2.0.0
1458 silly placeDep ROOT body-parser@2.2.2 OK for: express@5.2.1 want: ^2.2.1
1459 silly placeDep ROOT content-disposition@1.0.1 OK for: express@5.2.1 want: ^1.0.0
1460 silly placeDep ROOT cookie@0.7.2 OK for: express@5.2.1 want: ^0.7.1
1461 silly placeDep ROOT cookie-signature@1.2.2 OK for: express@5.2.1 want: ^1.2.1
1462 silly placeDep ROOT depd@2.0.0 OK for: express@5.2.1 want: ^2.0.0
1463 silly placeDep ROOT encodeurl@2.0.0 OK for: express@5.2.1 want: ^2.0.0
1464 silly placeDep ROOT escape-html@1.0.3 OK for: express@5.2.1 want: ^1.0.3
1465 silly placeDep ROOT etag@1.8.1 OK for: express@5.2.1 want: ^1.8.1
1466 silly placeDep ROOT finalhandler@2.1.1 OK for: express@5.2.1 want: ^2.1.0
1467 silly placeDep ROOT fresh@2.0.0 OK for: express@5.2.1 want: ^2.0.0
1468 silly placeDep ROOT http-errors@2.0.1 OK for: express@5.2.1 want: ^2.0.0
1469 silly placeDep ROOT merge-descriptors@2.0.0 OK for: express@5.2.1 want: ^2.0.0
1470 silly placeDep ROOT mime-types@3.0.2 OK for: express@5.2.1 want: ^3.0.0
1471 silly placeDep ROOT on-finished@2.4.1 OK for: express@5.2.1 want: ^2.4.1
1472 silly placeDep ROOT once@1.4.0 OK for: express@5.2.1 want: ^1.4.0
1473 silly placeDep ROOT parseurl@1.3.3 OK for: express@5.2.1 want: ^1.3.3
1474 silly placeDep ROOT proxy-addr@2.0.7 OK for: express@5.2.1 want: ^2.0.7
1475 silly placeDep ROOT qs@6.15.0 OK for: express@5.2.1 want: ^6.14.0
1476 silly placeDep ROOT range-parser@1.2.1 OK for: express@5.2.1 want: ^1.2.1
1477 silly placeDep ROOT router@2.2.0 OK for: express@5.2.1 want: ^2.2.0
1478 silly placeDep ROOT send@1.2.1 OK for: express@5.2.1 want: ^1.1.0
1479 silly placeDep ROOT serve-static@2.2.1 OK for: express@5.2.1 want: ^2.2.0
1480 silly placeDep ROOT statuses@2.0.2 OK for: express@5.2.1 want: ^2.0.1
1481 silly placeDep ROOT type-is@2.0.1 OK for: express@5.2.1 want: ^2.0.1
1482 silly fetch manifest negotiator@^1.0.0
1483 silly packumentCache full:https://registry.npmjs.org/negotiator cache-miss
1484 silly fetch manifest bytes@^3.1.2
1485 silly packumentCache full:https://registry.npmjs.org/bytes cache-hit
1486 silly fetch manifest iconv-lite@^0.7.0
1487 silly packumentCache full:https://registry.npmjs.org/iconv-lite cache-hit
1488 silly fetch manifest qs@^6.14.1
1489 silly packumentCache full:https://registry.npmjs.org/qs cache-hit
1490 silly fetch manifest inherits@~2.0.4
1491 silly packumentCache full:https://registry.npmjs.org/inherits cache-hit
1492 silly fetch manifest setprototypeof@~1.2.0
1493 silly packumentCache full:https://registry.npmjs.org/setprototypeof cache-miss
1494 silly fetch manifest statuses@~2.0.2
1495 silly packumentCache full:https://registry.npmjs.org/statuses cache-hit
1496 silly fetch manifest toidentifier@~1.0.1
1497 silly packumentCache full:https://registry.npmjs.org/toidentifier cache-miss
1498 silly fetch manifest mime-db@^1.54.0
1499 silly packumentCache full:https://registry.npmjs.org/mime-db cache-miss
1500 silly fetch manifest ee-first@1.1.1
1501 silly packumentCache full:https://registry.npmjs.org/ee-first cache-miss
1502 silly fetch manifest wrappy@1
1503 silly packumentCache full:https://registry.npmjs.org/wrappy cache-miss
1504 silly fetch manifest forwarded@0.2.0
1505 silly packumentCache full:https://registry.npmjs.org/forwarded cache-miss
1506 silly fetch manifest ipaddr.js@1.9.1
1507 silly packumentCache full:https://registry.npmjs.org/ipaddr.js cache-miss
1508 silly fetch manifest side-channel@^1.1.0
1509 silly packumentCache full:https://registry.npmjs.org/side-channel cache-miss
1510 silly fetch manifest is-promise@^4.0.0
1511 silly packumentCache full:https://registry.npmjs.org/is-promise cache-hit
1512 silly fetch manifest path-to-regexp@^8.0.0
1513 silly packumentCache full:https://registry.npmjs.org/path-to-regexp cache-miss
1514 silly fetch manifest statuses@^2.0.2
1515 silly packumentCache full:https://registry.npmjs.org/statuses cache-hit
1516 silly fetch manifest media-typer@^1.1.0
1517 silly packumentCache full:https://registry.npmjs.org/media-typer cache-miss
1518 http cache https://registry.npmjs.org/forwarded 30ms (cache hit)
1519 silly packumentCache full:https://registry.npmjs.org/forwarded set size:11229 disposed:false
1520 http cache https://registry.npmjs.org/mime-db 33ms (cache hit)
1521 silly packumentCache full:https://registry.npmjs.org/mime-db set size:164953 disposed:false
1522 http cache https://registry.npmjs.org/setprototypeof 39ms (cache hit)
1523 silly packumentCache full:https://registry.npmjs.org/setprototypeof set size:14532 disposed:false
1524 http cache https://registry.npmjs.org/side-channel 34ms (cache hit)
1525 silly packumentCache full:https://registry.npmjs.org/side-channel set size:24660 disposed:false
1526 http cache https://registry.npmjs.org/path-to-regexp 34ms (cache hit)
1527 silly packumentCache full:https://registry.npmjs.org/path-to-regexp set size:207142 disposed:false
1528 http cache https://registry.npmjs.org/ee-first 43ms (cache hit)
1529 silly packumentCache full:https://registry.npmjs.org/ee-first set size:15327 disposed:false
1530 http cache https://registry.npmjs.org/wrappy 44ms (cache hit)
1531 silly packumentCache full:https://registry.npmjs.org/wrappy set size:7682 disposed:false
1532 http cache https://registry.npmjs.org/toidentifier 48ms (cache hit)
1533 silly packumentCache full:https://registry.npmjs.org/toidentifier set size:12006 disposed:false
1534 http cache https://registry.npmjs.org/ipaddr.js 45ms (cache hit)
1535 silly packumentCache full:https://registry.npmjs.org/ipaddr.js set size:67857 disposed:false
1536 http cache https://registry.npmjs.org/negotiator 55ms (cache hit)
1537 silly packumentCache full:https://registry.npmjs.org/negotiator set size:48046 disposed:false
1538 http cache https://registry.npmjs.org/media-typer 44ms (cache hit)
1539 silly packumentCache full:https://registry.npmjs.org/media-typer set size:20873 disposed:false
1540 silly placeDep ROOT negotiator@1.0.0 OK for: accepts@2.0.0 want: ^1.0.0
1541 silly placeDep ROOT bytes@3.1.2 OK for: body-parser@2.2.2 want: ^3.1.2
1542 silly placeDep ROOT iconv-lite@0.7.2 OK for: body-parser@2.2.2 want: ^0.7.0
1543 silly fetch manifest safer-buffer@>= 2.1.2 < 3.0.0
1544 silly packumentCache full:https://registry.npmjs.org/safer-buffer cache-miss
1545 http cache https://registry.npmjs.org/safer-buffer 9ms (cache hit)
1546 silly packumentCache full:https://registry.npmjs.org/safer-buffer set size:18521 disposed:false
1547 silly placeDep ROOT ip-address@10.0.1 OK for: express-rate-limit@8.2.1 want: 10.0.1
1548 silly placeDep ROOT color@3.2.1 OK for: flame-chart-js@2.3.1 want: ^3.1.3
1549 silly placeDep ROOT events@3.3.0 OK for: flame-chart-js@2.3.1 want: ^3.2.0
1550 silly fetch manifest color-string@^1.6.0
1551 silly packumentCache full:https://registry.npmjs.org/color-string cache-miss
1552 silly fetch manifest color-convert@^1.9.3
1553 silly packumentCache full:https://registry.npmjs.org/color-convert cache-miss
1554 http cache https://registry.npmjs.org/color-convert 10ms (cache hit)
1555 silly packumentCache full:https://registry.npmjs.org/color-convert set size:72663 disposed:false
1556 http cache https://registry.npmjs.org/color-string 17ms (cache hit)
1557 silly packumentCache full:https://registry.npmjs.org/color-string set size:84418 disposed:false
1558 silly placeDep ROOT color-convert@1.9.3 OK for: color@3.2.1 want: ^1.9.3
1559 silly placeDep ROOT color-string@1.9.1 OK for: color@3.2.1 want: ^1.6.0
1560 silly fetch manifest color-name@1.1.3
1561 silly packumentCache full:https://registry.npmjs.org/color-name cache-miss
1562 silly fetch manifest color-name@^1.0.0
1563 silly packumentCache full:https://registry.npmjs.org/color-name cache-miss
1564 silly fetch manifest simple-swizzle@^0.2.2
1565 silly packumentCache full:https://registry.npmjs.org/simple-swizzle cache-miss
1566 http cache https://registry.npmjs.org/color-name 13ms (cache hit)
1567 silly packumentCache full:https://registry.npmjs.org/color-name set size:19467 disposed:false
1568 http cache https://registry.npmjs.org/simple-swizzle 14ms (cache hit)
1569 silly packumentCache full:https://registry.npmjs.org/simple-swizzle set size:10651 disposed:false
1570 http cache https://registry.npmjs.org/color-name 17ms (cache hit)
1571 silly packumentCache full:https://registry.npmjs.org/color-name set size:19467 disposed:false
1572 silly packumentCache full:https://registry.npmjs.org/color-name dispose
1573 silly placeDep ROOT color-name@1.1.3 OK for: color-convert@1.9.3 want: 1.1.3
1574 silly placeDep ROOT simple-swizzle@0.2.4 OK for: color-string@1.9.1 want: ^0.2.2
1575 silly fetch manifest is-arrayish@^0.3.1
1576 silly packumentCache full:https://registry.npmjs.org/is-arrayish cache-miss
1577 http cache https://registry.npmjs.org/is-arrayish 11ms (cache hit)
1578 silly packumentCache full:https://registry.npmjs.org/is-arrayish set size:15371 disposed:false
1579 silly placeDep ROOT fs.realpath@1.0.0 OK for: glob@8.1.0 want: ^1.0.0
1580 silly placeDep ROOT inflight@1.0.6 OK for: glob@8.1.0 want: ^1.0.4
1581 silly placeDep ROOT inherits@2.0.4 OK for: glob@8.1.0 want: 2
1582 silly placeDep node_modules/glob minimatch@5.1.9 OK for: glob@8.1.0 want: ^5.0.1
1583 silly fetch manifest brace-expansion@^2.0.1
1584 silly packumentCache full:https://registry.npmjs.org/brace-expansion cache-hit
1585 silly placeDep ROOT setprototypeof@1.2.0 OK for: http-errors@2.0.1 want: ~1.2.0
1586 silly placeDep ROOT toidentifier@1.0.1 OK for: http-errors@2.0.1 want: ~1.0.1
1587 silly placeDep ROOT safer-buffer@2.1.2 OK for: iconv-lite@0.7.2 want: >= 2.1.2 < 3.0.0
1588 silly placeDep ROOT wrappy@1.0.2 OK for: inflight@1.0.6 want: 1
1589 silly placeDep ROOT isarray@1.0.0 OK for: line-column@1.0.2 want: ^1.0.0
1590 silly placeDep ROOT isobject@2.1.0 OK for: line-column@1.0.2 want: ^2.0.0
1591 silly placeDep ROOT @lit/reactive-element@2.1.2 OK for: lit@3.3.2 want: ^2.1.0
1592 silly placeDep ROOT lit-element@4.2.2 OK for: lit@3.3.2 want: ^4.2.0
1593 silly placeDep ROOT lit-html@3.3.2 OK for: lit@3.3.2 want: ^3.3.0
1594 silly fetch manifest @lit-labs/ssr-dom-shim@^1.5.0
1595 silly packumentCache full:https://registry.npmjs.org/@lit-labs%2fssr-dom-shim cache-miss
1596 silly fetch manifest @lit-labs/ssr-dom-shim@^1.5.0
1597 silly packumentCache full:https://registry.npmjs.org/@lit-labs%2fssr-dom-shim cache-miss
1598 silly fetch manifest @types/trusted-types@^2.0.2
1599 silly packumentCache full:https://registry.npmjs.org/@types%2ftrusted-types cache-miss
1600 http cache https://registry.npmjs.org/@types%2ftrusted-types 16ms (cache hit)
1601 silly packumentCache full:https://registry.npmjs.org/@types%2ftrusted-types set size:37046 disposed:false
1602 http cache https://registry.npmjs.org/@lit-labs%2fssr-dom-shim 20ms (cache hit)
1603 silly packumentCache full:https://registry.npmjs.org/@lit-labs%2fssr-dom-shim set size:40035 disposed:false
1604 http cache https://registry.npmjs.org/@lit-labs%2fssr-dom-shim 20ms (cache hit)
1605 silly packumentCache full:https://registry.npmjs.org/@lit-labs%2fssr-dom-shim set size:40035 disposed:false
1606 silly packumentCache full:https://registry.npmjs.org/@lit-labs%2fssr-dom-shim dispose
1607 silly placeDep ROOT @lit-labs/ssr-dom-shim@1.5.1 OK for: @lit/reactive-element@2.1.2 want: ^1.5.0
1608 silly placeDep ROOT @types/trusted-types@2.0.7 OK for: lit-html@3.3.2 want: ^2.0.2
1609 silly placeDep ROOT yallist@3.1.1 OK for: lru-cache@5.1.1 want: ^3.0.2
1610 silly placeDep ROOT mime-db@1.54.0 OK for: mime-types@3.0.2 want: ^1.54.0
1611 silly placeDep ROOT brace-expansion@2.0.2 OK for: minimatch@9.0.9 want: ^2.0.2
1612 silly fetch manifest balanced-match@^1.0.0
1613 silly packumentCache full:https://registry.npmjs.org/balanced-match cache-miss
1614 http cache https://registry.npmjs.org/balanced-match 9ms (cache hit)
1615 silly packumentCache full:https://registry.npmjs.org/balanced-match set size:39082 disposed:false
1616 silly placeDep ROOT balanced-match@1.0.2 OK for: brace-expansion@2.0.2 want: ^1.0.0
1617 silly placeDep ROOT whatwg-url@5.0.0 OK for: node-fetch@2.7.0 want: ^5.0.0
1618 silly fetch manifest tr46@~0.0.3
1619 silly packumentCache full:https://registry.npmjs.org/tr46 cache-miss
1620 silly fetch manifest webidl-conversions@^3.0.0
1621 silly packumentCache full:https://registry.npmjs.org/webidl-conversions cache-miss
1622 http cache https://registry.npmjs.org/tr46 10ms (cache hit)
1623 silly packumentCache full:https://registry.npmjs.org/tr46 set size:47377 disposed:false
1624 http cache https://registry.npmjs.org/webidl-conversions 12ms (cache hit)
1625 silly packumentCache full:https://registry.npmjs.org/webidl-conversions set size:46073 disposed:false
1626 silly placeDep node_modules/npm-run-path path-key@4.0.0 OK for: npm-run-path@5.3.0 want: ^4.0.0
1627 silly placeDep ROOT ee-first@1.1.1 OK for: on-finished@2.4.1 want: 1.1.1
1628 silly placeDep ROOT mimic-fn@4.0.0 OK for: onetime@6.0.0 want: ^4.0.0
1629 silly placeDep ROOT confbox@0.2.4 OK for: pkg-types@2.3.0 want: ^0.2.2
1630 silly placeDep ROOT exsolve@1.0.8 OK for: pkg-types@2.3.0 want: ^1.0.7
1631 silly placeDep node_modules/pkg-types pathe@2.0.3 OK for: pkg-types@2.3.0 want: ^2.0.3
1632 silly placeDep ROOT is-promise@2.2.2 OK for: promise-worker-transferable@1.0.4 want: ^2.1.0
1633 silly placeDep ROOT lie@3.3.0 OK for: promise-worker-transferable@1.0.4 want: ^3.0.2
1634 silly fetch manifest immediate@~3.0.5
1635 silly packumentCache full:https://registry.npmjs.org/immediate cache-miss
1636 http cache https://registry.npmjs.org/immediate 9ms (cache hit)
1637 silly packumentCache full:https://registry.npmjs.org/immediate set size:66460 disposed:false
1638 silly placeDep ROOT immediate@3.0.6 OK for: lie@3.3.0 want: ~3.0.5
1639 silly placeDep ROOT forwarded@0.2.0 OK for: proxy-addr@2.0.7 want: 0.2.0
1640 silly placeDep ROOT ipaddr.js@1.9.1 OK for: proxy-addr@2.0.7 want: 1.9.1
1641 silly placeDep ROOT side-channel@1.1.0 OK for: qs@6.15.0 want: ^1.1.0
1642 silly fetch manifest es-errors@^1.3.0
1643 silly packumentCache full:https://registry.npmjs.org/es-errors cache-miss
1644 silly fetch manifest object-inspect@^1.13.3
1645 silly packumentCache full:https://registry.npmjs.org/object-inspect cache-miss
1646 silly fetch manifest side-channel-list@^1.0.0
1647 silly packumentCache full:https://registry.npmjs.org/side-channel-list cache-miss
1648 silly fetch manifest side-channel-map@^1.0.1
1649 silly packumentCache full:https://registry.npmjs.org/side-channel-map cache-miss
1650 silly fetch manifest side-channel-weakmap@^1.0.2
1651 silly packumentCache full:https://registry.npmjs.org/side-channel-weakmap cache-miss
1652 http cache https://registry.npmjs.org/es-errors 30ms (cache hit)
1653 silly packumentCache full:https://registry.npmjs.org/es-errors set size:16918 disposed:false
1654 http cache https://registry.npmjs.org/object-inspect 32ms (cache hit)
1655 silly packumentCache full:https://registry.npmjs.org/object-inspect set size:101912 disposed:false
1656 http cache https://registry.npmjs.org/side-channel-map 33ms (cache hit)
1657 silly packumentCache full:https://registry.npmjs.org/side-channel-map set size:9126 disposed:false
1658 http cache https://registry.npmjs.org/side-channel-list 35ms (cache hit)
1659 silly packumentCache full:https://registry.npmjs.org/side-channel-list set size:6005 disposed:false
1660 http cache https://registry.npmjs.org/side-channel-weakmap 34ms (cache hit)
1661 silly packumentCache full:https://registry.npmjs.org/side-channel-weakmap set size:12620 disposed:false
1662 silly placeDep ROOT unpipe@1.0.0 OK for: raw-body@3.0.2 want: ~1.0.0
1663 silly placeDep ROOT loose-envify@1.4.0 OK for: react@18.3.1 want: ^1.1.0
1664 silly placeDep ROOT scheduler@0.23.2 OK for: react-dom@18.3.1 want: ^0.23.2
1665 silly placeDep node_modules/react-router cookie@1.1.1 OK for: react-router@7.12.0 want: ^1.0.1
1666 silly placeDep ROOT set-cookie-parser@2.7.2 OK for: react-router@7.12.0 want: ^2.6.0
1667 silly placeDep node_modules/router is-promise@4.0.0 OK for: router@2.2.0 want: ^4.0.0
1668 silly placeDep ROOT path-to-regexp@8.3.0 OK for: router@2.2.0 want: ^8.0.0
1669 silly placeDep ROOT shebang-regex@3.0.0 OK for: shebang-command@2.0.0 want: ^3.0.0
1670 silly placeDep ROOT es-errors@1.3.0 OK for: side-channel@1.1.0 want: ^1.3.0
1671 silly placeDep ROOT object-inspect@1.13.4 OK for: side-channel@1.1.0 want: ^1.13.3
1672 silly placeDep ROOT side-channel-list@1.0.0 OK for: side-channel@1.1.0 want: ^1.0.0
1673 silly placeDep ROOT side-channel-map@1.0.1 OK for: side-channel@1.1.0 want: ^1.0.1
1674 silly placeDep ROOT side-channel-weakmap@1.0.2 OK for: side-channel@1.1.0 want: ^1.0.2
1675 silly fetch manifest call-bound@^1.0.2
1676 silly packumentCache full:https://registry.npmjs.org/call-bound cache-miss
1677 silly fetch manifest get-intrinsic@^1.2.5
1678 silly packumentCache full:https://registry.npmjs.org/get-intrinsic cache-miss
1679 silly fetch manifest call-bound@^1.0.2
1680 silly packumentCache full:https://registry.npmjs.org/call-bound cache-miss
1681 silly fetch manifest get-intrinsic@^1.2.5
1682 silly packumentCache full:https://registry.npmjs.org/get-intrinsic cache-miss
1683 http cache https://registry.npmjs.org/call-bound 33ms (cache hit)
1684 silly packumentCache full:https://registry.npmjs.org/call-bound set size:15317 disposed:false
1685 http cache https://registry.npmjs.org/get-intrinsic 33ms (cache hit)
1686 silly packumentCache full:https://registry.npmjs.org/get-intrinsic set size:60985 disposed:false
1687 http cache https://registry.npmjs.org/call-bound 34ms (cache hit)
1688 silly packumentCache full:https://registry.npmjs.org/call-bound set size:15317 disposed:false
1689 silly packumentCache full:https://registry.npmjs.org/call-bound dispose
1690 http cache https://registry.npmjs.org/get-intrinsic 35ms (cache hit)
1691 silly packumentCache full:https://registry.npmjs.org/get-intrinsic set size:60985 disposed:false
1692 silly packumentCache full:https://registry.npmjs.org/get-intrinsic dispose
1693 silly placeDep ROOT call-bound@1.0.4 OK for: side-channel-map@1.0.1 want: ^1.0.2
1694 silly placeDep ROOT get-intrinsic@1.3.0 OK for: side-channel-map@1.0.1 want: ^1.2.5
1695 silly fetch manifest call-bind-apply-helpers@^1.0.2
1696 silly packumentCache full:https://registry.npmjs.org/call-bind-apply-helpers cache-miss
1697 silly fetch manifest get-intrinsic@^1.3.0
1698 silly packumentCache full:https://registry.npmjs.org/get-intrinsic cache-hit
1699 silly fetch manifest gopd@^1.2.0
1700 silly packumentCache full:https://registry.npmjs.org/gopd cache-miss
1701 silly fetch manifest hasown@^2.0.2
1702 silly packumentCache full:https://registry.npmjs.org/hasown cache-miss
1703 silly fetch manifest get-proto@^1.0.1
1704 silly packumentCache full:https://registry.npmjs.org/get-proto cache-miss
1705 silly fetch manifest has-symbols@^1.1.0
1706 silly packumentCache full:https://registry.npmjs.org/has-symbols cache-miss
1707 silly fetch manifest function-bind@^1.1.2
1708 silly packumentCache full:https://registry.npmjs.org/function-bind cache-miss
1709 silly fetch manifest es-object-atoms@^1.1.1
1710 silly packumentCache full:https://registry.npmjs.org/es-object-atoms cache-miss
1711 silly fetch manifest math-intrinsics@^1.1.0
1712 silly packumentCache full:https://registry.npmjs.org/math-intrinsics cache-miss
1713 silly fetch manifest es-define-property@^1.0.1
1714 silly packumentCache full:https://registry.npmjs.org/es-define-property cache-miss
1715 silly fetch manifest call-bind-apply-helpers@^1.0.2
1716 silly packumentCache full:https://registry.npmjs.org/call-bind-apply-helpers cache-miss
1717 http cache https://registry.npmjs.org/gopd 40ms (cache hit)
1718 silly packumentCache full:https://registry.npmjs.org/gopd set size:11458 disposed:false
1719 http cache https://registry.npmjs.org/function-bind 36ms (cache hit)
1720 silly packumentCache full:https://registry.npmjs.org/function-bind set size:15733 disposed:false
1721 http cache https://registry.npmjs.org/call-bind-apply-helpers 44ms (cache hit)
1722 silly packumentCache full:https://registry.npmjs.org/call-bind-apply-helpers set size:12744 disposed:false
1723 http cache https://registry.npmjs.org/get-proto 42ms (cache hit)
1724 silly packumentCache full:https://registry.npmjs.org/get-proto set size:8300 disposed:false
1725 http cache https://registry.npmjs.org/has-symbols 42ms (cache hit)
1726 silly packumentCache full:https://registry.npmjs.org/has-symbols set size:21550 disposed:false
1727 http cache https://registry.npmjs.org/es-object-atoms 43ms (cache hit)
1728 silly packumentCache full:https://registry.npmjs.org/es-object-atoms set size:15304 disposed:false
1729 http cache https://registry.npmjs.org/hasown 49ms (cache hit)
1730 silly packumentCache full:https://registry.npmjs.org/hasown set size:12476 disposed:false
1731 http cache https://registry.npmjs.org/es-define-property 44ms (cache hit)
1732 silly packumentCache full:https://registry.npmjs.org/es-define-property set size:8542 disposed:false
1733 http cache https://registry.npmjs.org/math-intrinsics 45ms (cache hit)
1734 silly packumentCache full:https://registry.npmjs.org/math-intrinsics set size:9265 disposed:false
1735 http cache https://registry.npmjs.org/call-bind-apply-helpers 45ms (cache hit)
1736 silly packumentCache full:https://registry.npmjs.org/call-bind-apply-helpers set size:12744 disposed:false
1737 silly packumentCache full:https://registry.npmjs.org/call-bind-apply-helpers dispose
1738 silly placeDep ROOT call-bind-apply-helpers@1.0.2 OK for: call-bound@1.0.4 want: ^1.0.2
1739 silly placeDep ROOT function-bind@1.1.2 OK for: call-bind-apply-helpers@1.0.2 want: ^1.1.2
1740 silly placeDep ROOT es-define-property@1.0.1 OK for: get-intrinsic@1.3.0 want: ^1.0.1
1741 silly placeDep ROOT es-object-atoms@1.1.1 OK for: get-intrinsic@1.3.0 want: ^1.1.1
1742 silly placeDep ROOT get-proto@1.0.1 OK for: get-intrinsic@1.3.0 want: ^1.0.1
1743 silly placeDep ROOT gopd@1.2.0 OK for: get-intrinsic@1.3.0 want: ^1.2.0
1744 silly placeDep ROOT has-symbols@1.1.0 OK for: get-intrinsic@1.3.0 want: ^1.1.0
1745 silly placeDep ROOT hasown@2.0.2 OK for: get-intrinsic@1.3.0 want: ^2.0.2
1746 silly placeDep ROOT math-intrinsics@1.1.0 OK for: get-intrinsic@1.3.0 want: ^1.1.0
1747 silly fetch manifest dunder-proto@^1.0.1
1748 silly packumentCache full:https://registry.npmjs.org/dunder-proto cache-miss
1749 http cache https://registry.npmjs.org/dunder-proto 12ms (cache hit)
1750 silly packumentCache full:https://registry.npmjs.org/dunder-proto set size:8256 disposed:false
1751 silly placeDep ROOT dunder-proto@1.0.1 OK for: get-proto@1.0.1 want: ^1.0.1
1752 silly placeDep ROOT is-arrayish@0.3.4 OK for: simple-swizzle@0.2.4 want: ^0.3.1
1753 silly placeDep ROOT buffer-from@1.1.2 OK for: source-map-support@0.5.21 want: ^1.0.0
1754 silly placeDep ROOT source-map@0.6.1 OK for: source-map-support@0.5.21 want: ^0.6.0
1755 silly placeDep ROOT fdir@6.5.0 OK for: tinyglobby@0.2.15 want: ^6.5.0
1756 silly placeDep ROOT picomatch@4.0.3 OK for: tinyglobby@0.2.15 want: ^4.0.3
1757 silly placeDep ROOT @ts-morph/common@0.26.1 OK for: ts-morph@25.0.1 want: ~0.26.0
1758 silly placeDep ROOT code-block-writer@13.0.3 OK for: ts-morph@25.0.1 want: ^13.0.3
1759 silly fetch manifest fast-glob@^3.3.2
1760 silly packumentCache full:https://registry.npmjs.org/fast-glob cache-miss
1761 silly fetch manifest path-browserify@^1.0.1
1762 silly packumentCache full:https://registry.npmjs.org/path-browserify cache-miss
1763 http cache https://registry.npmjs.org/fast-glob 19ms (cache hit)
1764 silly packumentCache full:https://registry.npmjs.org/fast-glob set size:220556 disposed:false
1765 http cache https://registry.npmjs.org/path-browserify 28ms (cache hit)
1766 silly packumentCache full:https://registry.npmjs.org/path-browserify set size:17399 disposed:false
1767 silly placeDep ROOT fast-glob@3.3.3 OK for: @ts-morph/common@0.26.1 want: ^3.3.2
1768 silly placeDep ROOT path-browserify@1.0.1 OK for: @ts-morph/common@0.26.1 want: ^1.0.1
1769 silly fetch manifest @nodelib/fs.stat@^2.0.2
1770 silly packumentCache full:https://registry.npmjs.org/@nodelib%2ffs.stat cache-miss
1771 silly fetch manifest @nodelib/fs.walk@^1.2.3
1772 silly packumentCache full:https://registry.npmjs.org/@nodelib%2ffs.walk cache-miss
1773 silly fetch manifest glob-parent@^5.1.2
1774 silly packumentCache full:https://registry.npmjs.org/glob-parent cache-miss
1775 silly fetch manifest merge2@^1.3.0
1776 silly packumentCache full:https://registry.npmjs.org/merge2 cache-miss
1777 silly fetch manifest micromatch@^4.0.8
1778 silly packumentCache full:https://registry.npmjs.org/micromatch cache-miss
1779 http cache https://registry.npmjs.org/glob-parent 24ms (cache hit)
1780 silly packumentCache full:https://registry.npmjs.org/glob-parent set size:42445 disposed:false
1781 http cache https://registry.npmjs.org/@nodelib%2ffs.walk 28ms (cache hit)
1782 silly packumentCache full:https://registry.npmjs.org/@nodelib%2ffs.walk set size:41589 disposed:false
1783 http cache https://registry.npmjs.org/@nodelib%2ffs.stat 30ms (cache hit)
1784 silly packumentCache full:https://registry.npmjs.org/@nodelib%2ffs.stat set size:36993 disposed:false
1785 http cache https://registry.npmjs.org/micromatch 26ms (cache hit)
1786 silly packumentCache full:https://registry.npmjs.org/micromatch set size:240630 disposed:false
1787 http cache https://registry.npmjs.org/merge2 32ms (cache hit)
1788 silly packumentCache full:https://registry.npmjs.org/merge2 set size:46159 disposed:false
1789 silly placeDep ROOT @nodelib/fs.stat@2.0.5 OK for: fast-glob@3.3.3 want: ^2.0.2
1790 silly placeDep ROOT @nodelib/fs.walk@1.2.8 OK for: fast-glob@3.3.3 want: ^1.2.3
1791 silly placeDep ROOT glob-parent@5.1.2 OK for: fast-glob@3.3.3 want: ^5.1.2
1792 silly placeDep ROOT merge2@1.4.1 OK for: fast-glob@3.3.3 want: ^1.3.0
1793 silly placeDep ROOT micromatch@4.0.8 OK for: fast-glob@3.3.3 want: ^4.0.8
1794 silly fetch manifest fastq@^1.6.0
1795 silly packumentCache full:https://registry.npmjs.org/fastq cache-miss
1796 silly fetch manifest @nodelib/fs.scandir@2.1.5
1797 silly packumentCache full:https://registry.npmjs.org/@nodelib%2ffs.scandir cache-miss
1798 silly fetch manifest is-glob@^4.0.1
1799 silly packumentCache full:https://registry.npmjs.org/is-glob cache-miss
1800 silly fetch manifest braces@^3.0.3
1801 silly packumentCache full:https://registry.npmjs.org/braces cache-miss
1802 silly fetch manifest picomatch@^2.3.1
1803 silly packumentCache full:https://registry.npmjs.org/picomatch cache-hit
1804 http cache https://registry.npmjs.org/fastq 19ms (cache hit)
1805 silly packumentCache full:https://registry.npmjs.org/fastq set size:78301 disposed:false
1806 http cache https://registry.npmjs.org/is-glob 20ms (cache hit)
1807 silly packumentCache full:https://registry.npmjs.org/is-glob set size:40530 disposed:false
1808 http cache https://registry.npmjs.org/@nodelib%2ffs.scandir 23ms (cache hit)
1809 silly packumentCache full:https://registry.npmjs.org/@nodelib%2ffs.scandir set size:49256 disposed:false
1810 http cache https://registry.npmjs.org/braces 22ms (cache hit)
1811 silly packumentCache full:https://registry.npmjs.org/braces set size:114529 disposed:false
1812 silly placeDep ROOT @nodelib/fs.scandir@2.1.5 OK for: @nodelib/fs.walk@1.2.8 want: 2.1.5
1813 silly placeDep ROOT fastq@1.20.1 OK for: @nodelib/fs.walk@1.2.8 want: ^1.6.0
1814 silly fetch manifest run-parallel@^1.1.9
1815 silly packumentCache full:https://registry.npmjs.org/run-parallel cache-miss
1816 silly fetch manifest reusify@^1.0.4
1817 silly packumentCache full:https://registry.npmjs.org/reusify cache-miss
1818 http cache https://registry.npmjs.org/run-parallel 12ms (cache hit)
1819 silly packumentCache full:https://registry.npmjs.org/run-parallel set size:35172 disposed:false
1820 http cache https://registry.npmjs.org/reusify 13ms (cache hit)
1821 silly packumentCache full:https://registry.npmjs.org/reusify set size:14249 disposed:false
1822 silly placeDep ROOT run-parallel@1.2.0 OK for: @nodelib/fs.scandir@2.1.5 want: ^1.1.9
1823 silly fetch manifest queue-microtask@^1.2.2
1824 silly packumentCache full:https://registry.npmjs.org/queue-microtask cache-miss
1825 http cache https://registry.npmjs.org/queue-microtask 9ms (cache hit)
1826 silly packumentCache full:https://registry.npmjs.org/queue-microtask set size:36088 disposed:false
1827 silly placeDep ROOT reusify@1.1.0 OK for: fastq@1.20.1 want: ^1.0.4
1828 silly placeDep ROOT is-glob@4.0.3 OK for: glob-parent@5.1.2 want: ^4.0.1
1829 silly fetch manifest is-extglob@^2.1.1
1830 silly packumentCache full:https://registry.npmjs.org/is-extglob cache-miss
1831 http cache https://registry.npmjs.org/is-extglob 7ms (cache hit)
1832 silly packumentCache full:https://registry.npmjs.org/is-extglob set size:11766 disposed:false
1833 silly placeDep ROOT is-extglob@2.1.1 OK for: is-glob@4.0.3 want: ^2.1.1
1834 silly placeDep ROOT braces@3.0.3 OK for: micromatch@4.0.8 want: ^3.0.3
1835 silly placeDep node_modules/micromatch picomatch@2.3.1 OK for: micromatch@4.0.8 want: ^2.3.1
1836 silly fetch manifest fill-range@^7.1.1
1837 silly packumentCache full:https://registry.npmjs.org/fill-range cache-miss
1838 http cache https://registry.npmjs.org/fill-range 12ms (cache hit)
1839 silly packumentCache full:https://registry.npmjs.org/fill-range set size:90212 disposed:false
1840 silly placeDep ROOT fill-range@7.1.1 OK for: braces@3.0.3 want: ^7.1.1
1841 silly fetch manifest to-regex-range@^5.0.1
1842 silly packumentCache full:https://registry.npmjs.org/to-regex-range cache-miss
1843 http cache https://registry.npmjs.org/to-regex-range 9ms (cache hit)
1844 silly packumentCache full:https://registry.npmjs.org/to-regex-range set size:61569 disposed:false
1845 silly placeDep ROOT to-regex-range@5.0.1 OK for: fill-range@7.1.1 want: ^5.0.1
1846 silly fetch manifest is-number@^7.0.0
1847 silly packumentCache full:https://registry.npmjs.org/is-number cache-miss
1848 http cache https://registry.npmjs.org/is-number 9ms (cache hit)
1849 silly packumentCache full:https://registry.npmjs.org/is-number set size:36183 disposed:false
1850 silly placeDep ROOT queue-microtask@1.2.3 OK for: run-parallel@1.2.0 want: ^1.2.2
1851 silly placeDep ROOT is-number@7.0.0 OK for: to-regex-range@5.0.1 want: ^7.0.0
1852 silly placeDep ROOT media-typer@1.1.0 OK for: type-is@2.0.1 want: ^1.1.0
1853 silly placeDep ROOT escalade@3.2.0 OK for: update-browserslist-db@1.2.3 want: ^3.2.0
1854 silly placeDep ROOT @juggle/resize-observer@3.4.0 OK for: use-resize-observer@9.1.0 want: ^3.3.1
1855 silly placeDep ROOT esbuild@0.25.12 OK for: vite@6.4.1 want: ^0.25.0
1856 silly placeDep ROOT fsevents@2.3.3 OK for: vite@6.4.1 want: ~2.3.3
1857 silly placeDep ROOT postcss@8.5.6 OK for: vite@6.4.1 want: ^8.5.3
1858 silly placeDep ROOT rollup@4.59.0 OK for: vite@6.4.1 want: ^4.34.9
1859 silly fetch manifest @esbuild/aix-ppc64@0.25.12
1860 silly packumentCache full:https://registry.npmjs.org/@esbuild%2faix-ppc64 cache-miss
1861 silly fetch manifest @esbuild/linux-arm@0.25.12
1862 silly packumentCache full:https://registry.npmjs.org/@esbuild%2flinux-arm cache-miss
1863 silly fetch manifest @esbuild/linux-x64@0.25.12
1864 silly packumentCache full:https://registry.npmjs.org/@esbuild%2flinux-x64 cache-miss
1865 silly fetch manifest @esbuild/sunos-x64@0.25.12
1866 silly packumentCache full:https://registry.npmjs.org/@esbuild%2fsunos-x64 cache-miss
1867 silly fetch manifest @esbuild/win32-x64@0.25.12
1868 silly packumentCache full:https://registry.npmjs.org/@esbuild%2fwin32-x64 cache-miss
1869 silly fetch manifest @esbuild/darwin-x64@0.25.12
1870 silly packumentCache full:https://registry.npmjs.org/@esbuild%2fdarwin-x64 cache-miss
1871 silly fetch manifest @esbuild/linux-ia32@0.25.12
1872 silly packumentCache full:https://registry.npmjs.org/@esbuild%2flinux-ia32 cache-miss
1873 silly fetch manifest @esbuild/netbsd-x64@0.25.12
1874 silly packumentCache full:https://registry.npmjs.org/@esbuild%2fnetbsd-x64 cache-miss
1875 silly fetch manifest @esbuild/win32-ia32@0.25.12
1876 silly packumentCache full:https://registry.npmjs.org/@esbuild%2fwin32-ia32 cache-miss
1877 silly fetch manifest @esbuild/android-arm@0.25.12
1878 silly packumentCache full:https://registry.npmjs.org/@esbuild%2fandroid-arm cache-miss
1879 silly fetch manifest @esbuild/android-x64@0.25.12
1880 silly packumentCache full:https://registry.npmjs.org/@esbuild%2fandroid-x64 cache-miss
1881 silly fetch manifest @esbuild/freebsd-x64@0.25.12
1882 silly packumentCache full:https://registry.npmjs.org/@esbuild%2ffreebsd-x64 cache-miss
1883 silly fetch manifest @esbuild/linux-arm64@0.25.12
1884 silly packumentCache full:https://registry.npmjs.org/@esbuild%2flinux-arm64 cache-miss
1885 silly fetch manifest @esbuild/linux-ppc64@0.25.12
1886 silly packumentCache full:https://registry.npmjs.org/@esbuild%2flinux-ppc64 cache-miss
1887 silly fetch manifest @esbuild/linux-s390x@0.25.12
1888 silly packumentCache full:https://registry.npmjs.org/@esbuild%2flinux-s390x cache-miss
1889 http cache https://registry.npmjs.org/@esbuild%2faix-ppc64 77ms (cache hit)
1890 silly packumentCache full:https://registry.npmjs.org/@esbuild%2faix-ppc64 set size:56029 disposed:false
1891 silly fetch manifest @esbuild/openbsd-x64@0.25.12
1892 silly packumentCache full:https://registry.npmjs.org/@esbuild%2fopenbsd-x64 cache-miss
1893 http cache https://registry.npmjs.org/@esbuild%2fwin32-ia32 67ms (cache hit)
1894 silly packumentCache full:https://registry.npmjs.org/@esbuild%2fwin32-ia32 set size:188094 disposed:false
1895 silly fetch manifest @esbuild/win32-arm64@0.25.12
1896 silly packumentCache full:https://registry.npmjs.org/@esbuild%2fwin32-arm64 cache-miss
1897 http cache https://registry.npmjs.org/@esbuild%2fwin32-x64 78ms (cache hit)
1898 silly packumentCache full:https://registry.npmjs.org/@esbuild%2fwin32-x64 set size:187476 disposed:false
1899 silly fetch manifest @esbuild/darwin-arm64@0.25.12
1900 silly packumentCache full:https://registry.npmjs.org/@esbuild%2fdarwin-arm64 cache-miss
1901 http cache https://registry.npmjs.org/@esbuild%2fandroid-x64 70ms (cache hit)
1902 silly packumentCache full:https://registry.npmjs.org/@esbuild%2fandroid-x64 set size:187307 disposed:false
1903 silly fetch manifest @esbuild/netbsd-arm64@0.25.12
1904 silly packumentCache full:https://registry.npmjs.org/@esbuild%2fnetbsd-arm64 cache-miss
1905 http cache https://registry.npmjs.org/@esbuild%2fsunos-x64 87ms (cache hit)
1906 silly packumentCache full:https://registry.npmjs.org/@esbuild%2fsunos-x64 set size:187474 disposed:false
1907 silly fetch manifest @esbuild/android-arm64@0.25.12
1908 silly packumentCache full:https://registry.npmjs.org/@esbuild%2fandroid-arm64 cache-miss
1909 http cache https://registry.npmjs.org/@esbuild%2flinux-x64 93ms (cache hit)
1910 silly packumentCache full:https://registry.npmjs.org/@esbuild%2flinux-x64 set size:187244 disposed:false
1911 silly fetch manifest @esbuild/freebsd-arm64@0.25.12
1912 silly packumentCache full:https://registry.npmjs.org/@esbuild%2ffreebsd-arm64 cache-miss
1913 http cache https://registry.npmjs.org/@esbuild%2fandroid-arm 85ms (cache hit)
1914 silly packumentCache full:https://registry.npmjs.org/@esbuild%2fandroid-arm set size:213504 disposed:false
1915 silly fetch manifest @esbuild/linux-loong64@0.25.12
1916 silly packumentCache full:https://registry.npmjs.org/@esbuild%2flinux-loong64 cache-miss
1917 http cache https://registry.npmjs.org/@esbuild%2flinux-ppc64 86ms (cache hit)
1918 silly packumentCache full:https://registry.npmjs.org/@esbuild%2flinux-ppc64 set size:190895 disposed:false
1919 silly fetch manifest @esbuild/linux-riscv64@0.25.12
1920 silly packumentCache full:https://registry.npmjs.org/@esbuild%2flinux-riscv64 cache-miss
1921 http cache https://registry.npmjs.org/@esbuild%2ffreebsd-x64 95ms (cache hit)
1922 silly packumentCache full:https://registry.npmjs.org/@esbuild%2ffreebsd-x64 set size:188756 disposed:false
1923 silly fetch manifest @esbuild/openbsd-arm64@0.25.12
1924 silly packumentCache full:https://registry.npmjs.org/@esbuild%2fopenbsd-arm64 cache-miss
1925 http cache https://registry.npmjs.org/@esbuild%2flinux-arm 118ms (cache hit)
1926 silly packumentCache full:https://registry.npmjs.org/@esbuild%2flinux-arm set size:186917 disposed:false
1927 silly fetch manifest @esbuild/linux-mips64el@0.25.12
1928 silly packumentCache full:https://registry.npmjs.org/@esbuild%2flinux-mips64el cache-miss
1929 http cache https://registry.npmjs.org/@esbuild%2fnetbsd-x64 111ms (cache hit)
1930 silly packumentCache full:https://registry.npmjs.org/@esbuild%2fnetbsd-x64 set size:185730 disposed:false
1931 silly fetch manifest @esbuild/openharmony-arm64@0.25.12
1932 silly packumentCache full:https://registry.npmjs.org/@esbuild%2fopenharmony-arm64 cache-miss
1933 http cache https://registry.npmjs.org/@esbuild%2flinux-arm64 105ms (cache hit)
1934 silly packumentCache full:https://registry.npmjs.org/@esbuild%2flinux-arm64 set size:188948 disposed:false
1935 silly fetch manifest nanoid@^3.3.11
1936 silly packumentCache full:https://registry.npmjs.org/nanoid cache-miss
1937 http cache https://registry.npmjs.org/@esbuild%2flinux-ia32 121ms (cache hit)
1938 silly packumentCache full:https://registry.npmjs.org/@esbuild%2flinux-ia32 set size:187877 disposed:false
1939 silly fetch manifest source-map-js@^1.2.1
1940 silly packumentCache full:https://registry.npmjs.org/source-map-js cache-miss
1941 http cache https://registry.npmjs.org/@esbuild%2flinux-s390x 110ms (cache hit)
1942 silly packumentCache full:https://registry.npmjs.org/@esbuild%2flinux-s390x set size:190391 disposed:false
1943 silly fetch manifest @types/estree@1.0.8
1944 silly packumentCache full:https://registry.npmjs.org/@types%2festree cache-miss
1945 http cache https://registry.npmjs.org/@esbuild%2fdarwin-x64 130ms (cache hit)
1946 silly packumentCache full:https://registry.npmjs.org/@esbuild%2fdarwin-x64 set size:187924 disposed:false
1947 silly fetch manifest @rollup/rollup-darwin-arm64@4.59.0
1948 silly packumentCache full:https://registry.npmjs.org/@rollup%2frollup-darwin-arm64 cache-miss
1949 http cache https://registry.npmjs.org/@esbuild%2fopenbsd-x64 97ms (cache hit)
1950 silly packumentCache full:https://registry.npmjs.org/@esbuild%2fopenbsd-x64 set size:188762 disposed:false
1951 silly fetch manifest @rollup/rollup-android-arm64@4.59.0
1952 silly packumentCache full:https://registry.npmjs.org/@rollup%2frollup-android-arm64 cache-miss
1953 http cache https://registry.npmjs.org/@esbuild%2fandroid-arm64 87ms (cache hit)
1954 silly packumentCache full:https://registry.npmjs.org/@esbuild%2fandroid-arm64 set size:192279 disposed:false
1955 silly fetch manifest @rollup/rollup-win32-arm64-msvc@4.59.0
1956 silly packumentCache full:https://registry.npmjs.org/@rollup%2frollup-win32-arm64-msvc cache-miss
1957 http cache https://registry.npmjs.org/@esbuild%2fdarwin-arm64 101ms (cache hit)
1958 silly packumentCache full:https://registry.npmjs.org/@esbuild%2fdarwin-arm64 set size:189596 disposed:false
1959 silly fetch manifest @rollup/rollup-freebsd-arm64@4.59.0
1960 silly packumentCache full:https://registry.npmjs.org/@rollup%2frollup-freebsd-arm64 cache-miss
1961 http cache https://registry.npmjs.org/@esbuild%2ffreebsd-arm64 94ms (cache hit)
1962 silly packumentCache full:https://registry.npmjs.org/@esbuild%2ffreebsd-arm64 set size:190447 disposed:false
1963 silly fetch manifest @rollup/rollup-linux-arm64-gnu@4.59.0
1964 silly packumentCache full:https://registry.npmjs.org/@rollup%2frollup-linux-arm64-gnu cache-miss
1965 http cache https://registry.npmjs.org/@esbuild%2fwin32-arm64 115ms (cache hit)
1966 silly packumentCache full:https://registry.npmjs.org/@esbuild%2fwin32-arm64 set size:189169 disposed:false
1967 silly fetch manifest @rollup/rollup-linux-arm64-musl@4.59.0
1968 silly packumentCache full:https://registry.npmjs.org/@rollup%2frollup-linux-arm64-musl cache-miss
1969 http cache https://registry.npmjs.org/@esbuild%2fopenbsd-arm64 86ms (cache hit)
1970 silly packumentCache full:https://registry.npmjs.org/@esbuild%2fopenbsd-arm64 set size:37704 disposed:false
1971 silly fetch manifest @rollup/rollup-android-arm-eabi@4.59.0
1972 silly packumentCache full:https://registry.npmjs.org/@rollup%2frollup-android-arm-eabi cache-miss
1973 http cache https://registry.npmjs.org/@esbuild%2fnetbsd-arm64 116ms (cache hit)
1974 silly packumentCache full:https://registry.npmjs.org/@esbuild%2fnetbsd-arm64 set size:32428 disposed:false
1975 silly fetch manifest @rollup/rollup-linux-arm-gnueabihf@4.59.0
1976 silly packumentCache full:https://registry.npmjs.org/@rollup%2frollup-linux-arm-gnueabihf cache-miss
1977 http cache https://registry.npmjs.org/@esbuild%2flinux-riscv64 95ms (cache hit)
1978 silly packumentCache full:https://registry.npmjs.org/@esbuild%2flinux-riscv64 set size:190569 disposed:false
1979 silly fetch manifest @rollup/rollup-linux-arm-musleabihf@4.59.0
1980 silly packumentCache full:https://registry.npmjs.org/@rollup%2frollup-linux-arm-musleabihf cache-miss
1981 http cache https://registry.npmjs.org/@esbuild%2flinux-loong64 104ms (cache hit)
1982 silly packumentCache full:https://registry.npmjs.org/@esbuild%2flinux-loong64 set size:243782 disposed:false
1983 silly fetch manifest @rollup/rollup-win32-ia32-msvc@4.59.0
1984 silly packumentCache full:https://registry.npmjs.org/@rollup%2frollup-win32-ia32-msvc cache-miss
1985 http cache https://registry.npmjs.org/@esbuild%2flinux-mips64el 97ms (cache hit)
1986 silly packumentCache full:https://registry.npmjs.org/@esbuild%2flinux-mips64el set size:192558 disposed:false
1987 silly fetch manifest @rollup/rollup-linux-loong64-gnu@4.59.0
1988 silly packumentCache full:https://registry.npmjs.org/@rollup%2frollup-linux-loong64-gnu cache-miss
1989 http cache https://registry.npmjs.org/nanoid 92ms (cache hit)
1990 silly packumentCache full:https://registry.npmjs.org/nanoid set size:298419 disposed:false
1991 silly fetch manifest @rollup/rollup-linux-loong64-musl@4.59.0
1992 silly packumentCache full:https://registry.npmjs.org/@rollup%2frollup-linux-loong64-musl cache-miss
1993 http cache https://registry.npmjs.org/@esbuild%2fopenharmony-arm64 106ms (cache hit)
1994 silly packumentCache full:https://registry.npmjs.org/@esbuild%2fopenharmony-arm64 set size:21007 disposed:false
1995 silly fetch manifest @rollup/rollup-linux-riscv64-gnu@4.59.0
1996 silly packumentCache full:https://registry.npmjs.org/@rollup%2frollup-linux-riscv64-gnu cache-miss
1997 http cache https://registry.npmjs.org/@types%2festree 96ms (cache hit)
1998 silly packumentCache full:https://registry.npmjs.org/@types%2festree set size:74091 disposed:false
1999 silly fetch manifest @rollup/rollup-linux-riscv64-musl@4.59.0
2000 silly packumentCache full:https://registry.npmjs.org/@rollup%2frollup-linux-riscv64-musl cache-miss
2001 http cache https://registry.npmjs.org/source-map-js 102ms (cache hit)
2002 silly packumentCache full:https://registry.npmjs.org/source-map-js set size:62640 disposed:false
2003 silly fetch manifest @rollup/rollup-linux-ppc64-gnu@4.59.0
2004 silly packumentCache full:https://registry.npmjs.org/@rollup%2frollup-linux-ppc64-gnu cache-miss
2005 http cache https://registry.npmjs.org/@rollup%2frollup-darwin-arm64 100ms (cache hit)
2006 silly packumentCache full:https://registry.npmjs.org/@rollup%2frollup-darwin-arm64 set size:326593 disposed:false
2007 silly fetch manifest @rollup/rollup-linux-ppc64-musl@4.59.0
2008 silly packumentCache full:https://registry.npmjs.org/@rollup%2frollup-linux-ppc64-musl cache-miss
2009 http cache https://registry.npmjs.org/@rollup%2frollup-freebsd-arm64 96ms (cache hit)
2010 silly packumentCache full:https://registry.npmjs.org/@rollup%2frollup-freebsd-arm64 set size:176248 disposed:false
2011 silly fetch manifest @rollup/rollup-linux-s390x-gnu@4.59.0
2012 silly packumentCache full:https://registry.npmjs.org/@rollup%2frollup-linux-s390x-gnu cache-miss
2013 http cache https://registry.npmjs.org/@rollup%2frollup-linux-arm64-gnu 100ms (cache hit)
2014 silly packumentCache full:https://registry.npmjs.org/@rollup%2frollup-linux-arm64-gnu set size:333515 disposed:false
2015 silly fetch manifest @rollup/rollup-darwin-x64@4.59.0
2016 silly packumentCache full:https://registry.npmjs.org/@rollup%2frollup-darwin-x64 cache-miss
2017 http cache https://registry.npmjs.org/@rollup%2frollup-android-arm64 125ms (cache hit)
2018 silly packumentCache full:https://registry.npmjs.org/@rollup%2frollup-android-arm64 set size:328041 disposed:false
2019 silly fetch manifest @rollup/rollup-win32-x64-gnu@4.59.0
2020 silly packumentCache full:https://registry.npmjs.org/@rollup%2frollup-win32-x64-gnu cache-miss
2021 http cache https://registry.npmjs.org/@rollup%2frollup-win32-arm64-msvc 125ms (cache hit)
2022 silly packumentCache full:https://registry.npmjs.org/@rollup%2frollup-win32-arm64-msvc set size:331325 disposed:false
2023 silly fetch manifest @rollup/rollup-win32-x64-msvc@4.59.0
2024 silly packumentCache full:https://registry.npmjs.org/@rollup%2frollup-win32-x64-msvc cache-miss
2025 http cache https://registry.npmjs.org/@rollup%2frollup-linux-arm64-musl 113ms (cache hit)
2026 silly packumentCache full:https://registry.npmjs.org/@rollup%2frollup-linux-arm64-musl set size:288863 disposed:false
2027 silly fetch manifest @rollup/rollup-freebsd-x64@4.59.0
2028 silly packumentCache full:https://registry.npmjs.org/@rollup%2frollup-freebsd-x64 cache-miss
2029 http cache https://registry.npmjs.org/@rollup%2frollup-linux-arm-gnueabihf 114ms (cache hit)
2030 silly packumentCache full:https://registry.npmjs.org/@rollup%2frollup-linux-arm-gnueabihf set size:336850 disposed:false
2031 silly fetch manifest @rollup/rollup-linux-x64-gnu@4.59.0
2032 silly packumentCache full:https://registry.npmjs.org/@rollup%2frollup-linux-x64-gnu cache-miss
2033 http cache https://registry.npmjs.org/@rollup%2frollup-android-arm-eabi 121ms (cache hit)
2034 silly packumentCache full:https://registry.npmjs.org/@rollup%2frollup-android-arm-eabi set size:331331 disposed:false
2035 silly fetch manifest @rollup/rollup-linux-x64-musl@4.59.0
2036 silly packumentCache full:https://registry.npmjs.org/@rollup%2frollup-linux-x64-musl cache-miss
2037 http cache https://registry.npmjs.org/@rollup%2frollup-linux-loong64-gnu 111ms (cache hit)
2038 silly packumentCache full:https://registry.npmjs.org/@rollup%2frollup-linux-loong64-gnu set size:57876 disposed:false
2039 silly fetch manifest @rollup/rollup-openbsd-x64@4.59.0
2040 silly packumentCache full:https://registry.npmjs.org/@rollup%2frollup-openbsd-x64 cache-miss
2041 http cache https://registry.npmjs.org/@rollup%2frollup-linux-arm-musleabihf 123ms (cache hit)
2042 silly packumentCache full:https://registry.npmjs.org/@rollup%2frollup-linux-arm-musleabihf set size:230992 disposed:false
2043 silly fetch manifest @rollup/rollup-openharmony-arm64@4.59.0
2044 silly packumentCache full:https://registry.npmjs.org/@rollup%2frollup-openharmony-arm64 cache-miss
2045 http cache https://registry.npmjs.org/@rollup%2frollup-win32-ia32-msvc 121ms (cache hit)
2046 silly packumentCache full:https://registry.npmjs.org/@rollup%2frollup-win32-ia32-msvc set size:329889 disposed:false
2047 http cache https://registry.npmjs.org/@rollup%2frollup-linux-loong64-musl 115ms (cache hit)
2048 silly packumentCache full:https://registry.npmjs.org/@rollup%2frollup-linux-loong64-musl set size:19845 disposed:false
2049 http cache https://registry.npmjs.org/@rollup%2frollup-linux-riscv64-gnu 111ms (cache hit)
2050 silly packumentCache full:https://registry.npmjs.org/@rollup%2frollup-linux-riscv64-gnu set size:259562 disposed:false
2051 http cache https://registry.npmjs.org/@rollup%2frollup-linux-riscv64-musl 111ms (cache hit)
2052 silly packumentCache full:https://registry.npmjs.org/@rollup%2frollup-linux-riscv64-musl set size:105510 disposed:false
2053 http cache https://registry.npmjs.org/@rollup%2frollup-linux-ppc64-musl 108ms (cache hit)
2054 silly packumentCache full:https://registry.npmjs.org/@rollup%2frollup-linux-ppc64-musl set size:19680 disposed:false
2055 http cache https://registry.npmjs.org/@rollup%2frollup-linux-ppc64-gnu 116ms (cache hit)
2056 silly packumentCache full:https://registry.npmjs.org/@rollup%2frollup-linux-ppc64-gnu set size:78190 disposed:false
2057 http cache https://registry.npmjs.org/@rollup%2frollup-linux-s390x-gnu 87ms (cache hit)
2058 silly packumentCache full:https://registry.npmjs.org/@rollup%2frollup-linux-s390x-gnu set size:233358 disposed:false
2059 http cache https://registry.npmjs.org/@rollup%2frollup-darwin-x64 83ms (cache hit)
2060 silly packumentCache full:https://registry.npmjs.org/@rollup%2frollup-darwin-x64 set size:321884 disposed:false
2061 http cache https://registry.npmjs.org/@rollup%2frollup-win32-x64-gnu 80ms (cache hit)
2062 silly packumentCache full:https://registry.npmjs.org/@rollup%2frollup-win32-x64-gnu set size:49709 disposed:false
2063 http cache https://registry.npmjs.org/@rollup%2frollup-freebsd-x64 72ms (cache hit)
2064 silly packumentCache full:https://registry.npmjs.org/@rollup%2frollup-freebsd-x64 set size:174438 disposed:false
2065 http cache https://registry.npmjs.org/@rollup%2frollup-linux-x64-musl 63ms (cache hit)
2066 silly packumentCache full:https://registry.npmjs.org/@rollup%2frollup-linux-x64-musl set size:328061 disposed:false
2067 http cache https://registry.npmjs.org/@rollup%2frollup-win32-x64-msvc 87ms (cache hit)
2068 silly packumentCache full:https://registry.npmjs.org/@rollup%2frollup-win32-x64-msvc set size:326588 disposed:false
2069 http cache https://registry.npmjs.org/@rollup%2frollup-openbsd-x64 70ms (cache hit)
2070 silly packumentCache full:https://registry.npmjs.org/@rollup%2frollup-openbsd-x64 set size:19171 disposed:false
2071 http cache https://registry.npmjs.org/@rollup%2frollup-linux-x64-gnu 80ms (cache hit)
2072 silly packumentCache full:https://registry.npmjs.org/@rollup%2frollup-linux-x64-gnu set size:328744 disposed:false
2073 http cache https://registry.npmjs.org/@rollup%2frollup-openharmony-arm64 70ms (cache hit)
2074 silly packumentCache full:https://registry.npmjs.org/@rollup%2frollup-openharmony-arm64 set size:58833 disposed:false
2075 silly placeDep ROOT @esbuild/aix-ppc64@0.25.12 OK for: esbuild@0.25.12 want: 0.25.12
2076 silly placeDep ROOT @esbuild/android-arm@0.25.12 OK for: esbuild@0.25.12 want: 0.25.12
2077 silly placeDep ROOT @esbuild/android-arm64@0.25.12 OK for: esbuild@0.25.12 want: 0.25.12
2078 silly placeDep ROOT @esbuild/android-x64@0.25.12 OK for: esbuild@0.25.12 want: 0.25.12
2079 silly placeDep ROOT @esbuild/darwin-arm64@0.25.12 OK for: esbuild@0.25.12 want: 0.25.12
2080 silly placeDep ROOT @esbuild/darwin-x64@0.25.12 OK for: esbuild@0.25.12 want: 0.25.12
2081 silly placeDep ROOT @esbuild/freebsd-arm64@0.25.12 OK for: esbuild@0.25.12 want: 0.25.12
2082 silly placeDep ROOT @esbuild/freebsd-x64@0.25.12 OK for: esbuild@0.25.12 want: 0.25.12
2083 silly placeDep ROOT @esbuild/linux-arm@0.25.12 OK for: esbuild@0.25.12 want: 0.25.12
2084 silly placeDep ROOT @esbuild/linux-arm64@0.25.12 OK for: esbuild@0.25.12 want: 0.25.12
2085 silly placeDep ROOT @esbuild/linux-ia32@0.25.12 OK for: esbuild@0.25.12 want: 0.25.12
2086 silly placeDep ROOT @esbuild/linux-loong64@0.25.12 OK for: esbuild@0.25.12 want: 0.25.12
2087 silly placeDep ROOT @esbuild/linux-mips64el@0.25.12 OK for: esbuild@0.25.12 want: 0.25.12
2088 silly placeDep ROOT @esbuild/linux-ppc64@0.25.12 OK for: esbuild@0.25.12 want: 0.25.12
2089 silly placeDep ROOT @esbuild/linux-riscv64@0.25.12 OK for: esbuild@0.25.12 want: 0.25.12
2090 silly placeDep ROOT @esbuild/linux-s390x@0.25.12 OK for: esbuild@0.25.12 want: 0.25.12
2091 silly placeDep ROOT @esbuild/linux-x64@0.25.12 OK for: esbuild@0.25.12 want: 0.25.12
2092 silly placeDep ROOT @esbuild/netbsd-arm64@0.25.12 OK for: esbuild@0.25.12 want: 0.25.12
2093 silly placeDep ROOT @esbuild/netbsd-x64@0.25.12 OK for: esbuild@0.25.12 want: 0.25.12
2094 silly placeDep ROOT @esbuild/openbsd-arm64@0.25.12 OK for: esbuild@0.25.12 want: 0.25.12
2095 silly placeDep ROOT @esbuild/openbsd-x64@0.25.12 OK for: esbuild@0.25.12 want: 0.25.12
2096 silly placeDep ROOT @esbuild/openharmony-arm64@0.25.12 OK for: esbuild@0.25.12 want: 0.25.12
2097 silly placeDep ROOT @esbuild/sunos-x64@0.25.12 OK for: esbuild@0.25.12 want: 0.25.12
2098 silly placeDep ROOT @esbuild/win32-arm64@0.25.12 OK for: esbuild@0.25.12 want: 0.25.12
2099 silly placeDep ROOT @esbuild/win32-ia32@0.25.12 OK for: esbuild@0.25.12 want: 0.25.12
2100 silly placeDep ROOT @esbuild/win32-x64@0.25.12 OK for: esbuild@0.25.12 want: 0.25.12
2101 silly placeDep ROOT nanoid@3.3.11 OK for: postcss@8.5.6 want: ^3.3.11
2102 silly placeDep ROOT source-map-js@1.2.1 OK for: postcss@8.5.6 want: ^1.2.1
2103 silly placeDep ROOT @rollup/rollup-android-arm-eabi@4.59.0 OK for: rollup@4.59.0 want: 4.59.0
2104 silly placeDep ROOT @rollup/rollup-android-arm64@4.59.0 OK for: rollup@4.59.0 want: 4.59.0
2105 silly placeDep ROOT @rollup/rollup-darwin-arm64@4.59.0 OK for: rollup@4.59.0 want: 4.59.0
2106 silly placeDep ROOT @rollup/rollup-darwin-x64@4.59.0 OK for: rollup@4.59.0 want: 4.59.0
2107 silly placeDep ROOT @rollup/rollup-freebsd-arm64@4.59.0 OK for: rollup@4.59.0 want: 4.59.0
2108 silly placeDep ROOT @rollup/rollup-freebsd-x64@4.59.0 OK for: rollup@4.59.0 want: 4.59.0
2109 silly placeDep ROOT @rollup/rollup-linux-arm-gnueabihf@4.59.0 OK for: rollup@4.59.0 want: 4.59.0
2110 silly placeDep ROOT @rollup/rollup-linux-arm-musleabihf@4.59.0 OK for: rollup@4.59.0 want: 4.59.0
2111 silly placeDep ROOT @rollup/rollup-linux-arm64-gnu@4.59.0 OK for: rollup@4.59.0 want: 4.59.0
2112 silly placeDep ROOT @rollup/rollup-linux-arm64-musl@4.59.0 OK for: rollup@4.59.0 want: 4.59.0
2113 silly placeDep ROOT @rollup/rollup-linux-loong64-gnu@4.59.0 OK for: rollup@4.59.0 want: 4.59.0
2114 silly placeDep ROOT @rollup/rollup-linux-loong64-musl@4.59.0 OK for: rollup@4.59.0 want: 4.59.0
2115 silly placeDep ROOT @rollup/rollup-linux-ppc64-gnu@4.59.0 OK for: rollup@4.59.0 want: 4.59.0
2116 silly placeDep ROOT @rollup/rollup-linux-ppc64-musl@4.59.0 OK for: rollup@4.59.0 want: 4.59.0
2117 silly placeDep ROOT @rollup/rollup-linux-riscv64-gnu@4.59.0 OK for: rollup@4.59.0 want: 4.59.0
2118 silly placeDep ROOT @rollup/rollup-linux-riscv64-musl@4.59.0 OK for: rollup@4.59.0 want: 4.59.0
2119 silly placeDep ROOT @rollup/rollup-linux-s390x-gnu@4.59.0 OK for: rollup@4.59.0 want: 4.59.0
2120 silly placeDep ROOT @rollup/rollup-linux-x64-gnu@4.59.0 OK for: rollup@4.59.0 want: 4.59.0
2121 silly placeDep ROOT @rollup/rollup-linux-x64-musl@4.59.0 OK for: rollup@4.59.0 want: 4.59.0
2122 silly placeDep ROOT @rollup/rollup-openbsd-x64@4.59.0 OK for: rollup@4.59.0 want: 4.59.0
2123 silly placeDep ROOT @rollup/rollup-openharmony-arm64@4.59.0 OK for: rollup@4.59.0 want: 4.59.0
2124 silly placeDep ROOT @rollup/rollup-win32-arm64-msvc@4.59.0 OK for: rollup@4.59.0 want: 4.59.0
2125 silly placeDep ROOT @rollup/rollup-win32-ia32-msvc@4.59.0 OK for: rollup@4.59.0 want: 4.59.0
2126 silly placeDep ROOT @rollup/rollup-win32-x64-gnu@4.59.0 OK for: rollup@4.59.0 want: 4.59.0
2127 silly placeDep ROOT @rollup/rollup-win32-x64-msvc@4.59.0 OK for: rollup@4.59.0 want: 4.59.0
2128 silly placeDep ROOT @types/estree@1.0.8 OK for: rollup@4.59.0 want: 1.0.8
2129 silly placeDep ROOT cac@6.7.14 OK for: vite-node@3.2.4 want: ^6.7.14
2130 silly placeDep node_modules/vite-node pathe@2.0.3 OK for: vite-node@3.2.4 want: ^2.0.3
2131 silly placeDep ROOT @vscode/l10n@0.0.18 OK for: vscode-json-languageservice@5.7.2 want: ^0.0.18
2132 silly placeDep ROOT vscode-languageserver-textdocument@1.0.12 OK for: vscode-json-languageservice@5.7.2 want: ^1.0.12
2133 silly placeDep ROOT vscode-languageserver-types@3.17.5 OK for: vscode-json-languageservice@5.7.2 want: ^3.17.5
2134 silly placeDep ROOT tr46@0.0.3 OK for: whatwg-url@5.0.0 want: ~0.0.3
2135 silly placeDep ROOT webidl-conversions@3.0.1 OK for: whatwg-url@5.0.0 want: ^3.0.0
2136 silly placeDep ROOT isexe@2.0.0 OK for: which@2.0.2 want: ^2.0.0
2137 silly placeDep ROOT regexparam@2.0.2 OK for: worktop@0.7.3 want: ^2.0.0
2138 silly reify moves {}
2139 silly audit bulk request {
2139 silly audit   '@shopify/dev-mcp': [ '1.6.0' ],
2139 silly audit   '@modelcontextprotocol/sdk': [ '1.27.1' ],
2139 silly audit   '@shopify/app-bridge-types': [ '0.5.3' ],
2139 silly audit   vite: [ '6.4.1' ],
2139 silly audit   '@shopify/polaris-types': [ '1.0.1' ],
2139 silly audit   '@shopify/theme-check-common': [ '3.23.0' ],
2139 silly audit   '@shopify/theme-check-docs-updater': [ '3.23.0' ],
2139 silly audit   '@shopify/theme-check-node': [ '3.23.0' ],
2139 silly audit   '@shopify/ui-extensions': [ '2025.11.0' ],
2139 silly audit   '@types/react': [ '19.2.14' ],
2139 silly audit   'env-paths': [ '3.0.0', '2.2.1' ],
2139 silly audit   execa: [ '8.0.1' ],
2139 silly audit   graphql: [ '16.13.0' ],
2139 silly audit   preact: [ '10.28.4' ],
2139 silly audit   'schema-dts': [ '1.1.5' ],
2139 silly audit   toml: [ '3.0.0' ],
2139 silly audit   'type-fest': [ '4.41.0' ],
2139 silly audit   typescript: [ '5.9.3' ],
2139 silly audit   zod: [ '3.25.76' ],
2139 silly audit   '@hono/node-server': [ '1.19.9' ],
2139 silly audit   hono: [ '4.12.3' ],
2139 silly audit   ajv: [ '8.18.0' ],
2139 silly audit   'ajv-formats': [ '3.0.1' ],
2139 silly audit   'content-type': [ '1.0.5' ],
2139 silly audit   cors: [ '2.8.6' ],
2139 silly audit   'cross-spawn': [ '7.0.6' ],
2139 silly audit   eventsource: [ '3.0.7' ],
2139 silly audit   'eventsource-parser': [ '3.0.6' ],
2139 silly audit   express: [ '5.2.1' ],
2139 silly audit   'express-rate-limit': [ '8.2.1' ],
2139 silly audit   jose: [ '6.1.3' ],
2139 silly audit   'json-schema-typed': [ '8.0.2' ],
2139 silly audit   'pkce-challenge': [ '5.0.1' ],
2139 silly audit   'raw-body': [ '3.0.2' ],
2139 silly audit   'zod-to-json-schema': [ '3.25.1' ],
2139 silly audit   isbot: [ '5.1.35' ],
2139 silly audit   lodash: [ '4.17.23' ],
2139 silly audit   tinyglobby: [ '0.2.15' ],
2139 silly audit   debug: [ '4.4.3' ],
2139 silly audit   '@standard-schema/spec': [ '1.1.0' ],
2139 silly audit   react: [ '18.3.1' ],
2139 silly audit   '@shopify/hydrogen': [ '2025.10.1' ],
2139 silly audit   '@react-router/dev': [ '7.12.0' ],
2139 silly audit   '@shopify/hydrogen-react': [ '2025.10.0' ],
2139 silly audit   '@babel/core': [ '7.29.0' ],
2139 silly audit   '@babel/generator': [ '7.29.1' ],
2139 silly audit   '@babel/parser': [ '7.29.0' ],
2139 silly audit   '@babel/plugin-syntax-jsx': [ '7.28.6' ],
2139 silly audit   '@babel/preset-typescript': [ '7.28.5' ],
2139 silly audit   '@babel/traverse': [ '7.29.0' ],
2139 silly audit   '@babel/types': [ '7.29.0' ],
2139 silly audit   '@react-router/node': [ '7.12.0' ],
2139 silly audit   'react-router': [ '7.12.0' ],
2139 silly audit   '@remix-run/node-fetch-server': [ '0.9.0' ],
2139 silly audit   arg: [ '5.0.2' ],
2139 silly audit   'babel-dead-code-elimination': [ '1.0.12' ],
2139 silly audit   chokidar: [ '4.0.3' ],
2139 silly audit   dedent: [ '1.7.2' ],
2139 silly audit   'es-module-lexer': [ '1.7.0' ],
2139 silly audit   'exit-hook': [ '2.2.1' ],
2139 silly audit   jsesc: [ '3.0.2' ],
2139 silly audit   'p-map': [ '7.0.4' ],
2139 silly audit   pathe: [ '1.1.2', '2.0.3' ],
2139 silly audit   picocolors: [ '1.1.1' ],
2139 silly audit   'pkg-types': [ '2.3.0' ],
2139 silly audit   prettier: [ '3.8.1' ],
2139 silly audit   'react-refresh': [ '0.14.2' ],
2139 silly audit   semver: [ '7.7.4', '6.3.1' ],
2139 silly audit   valibot: [ '1.2.0' ],
2139 silly audit   'vite-node': [ '3.2.4' ],
2139 silly audit   '@babel/code-frame': [ '7.29.0' ],
2139 silly audit   '@babel/helper-compilation-targets': [ '7.28.6' ],
2139 silly audit   '@babel/helper-module-transforms': [ '7.28.6' ],
2139 silly audit   '@babel/helpers': [ '7.28.6' ],
2139 silly audit   '@babel/template': [ '7.28.6' ],
2139 silly audit   '@jridgewell/remapping': [ '2.3.5' ],
2139 silly audit   'convert-source-map': [ '2.0.0' ],
2139 silly audit   gensync: [ '1.0.0-beta.2' ],
2139 silly audit   json5: [ '2.2.3' ],
2139 silly audit   '@babel/helper-validator-identifier': [ '7.28.5' ],
2139 silly audit   'js-tokens': [ '4.0.0' ],
2139 silly audit   '@jridgewell/gen-mapping': [ '0.3.13' ],
2139 silly audit   '@jridgewell/trace-mapping': [ '0.3.31' ],
2139 silly audit   '@babel/compat-data': [ '7.29.0' ],
2139 silly audit   '@babel/helper-validator-option': [ '7.27.1' ],
2139 silly audit   browserslist: [ '4.28.1' ],
2139 silly audit   'lru-cache': [ '5.1.1' ],
2139 silly audit   '@babel/helper-module-imports': [ '7.28.6' ],
2139 silly audit   '@babel/helper-plugin-utils': [ '7.28.6' ],
2139 silly audit   '@babel/plugin-transform-modules-commonjs': [ '7.28.6' ],
2139 silly audit   '@babel/plugin-transform-typescript': [ '7.28.6' ],
2139 silly audit   '@babel/helper-annotate-as-pure': [ '7.27.3' ],
2139 silly audit   '@babel/helper-create-class-features-plugin': [ '7.28.6' ],
2139 silly audit   '@babel/helper-skip-transparent-expression-wrappers': [ '7.27.1' ],
2139 silly audit   '@babel/plugin-syntax-typescript': [ '7.28.6' ],
2139 silly audit   '@babel/helper-member-expression-to-functions': [ '7.28.5' ],
2139 silly audit   '@babel/helper-optimise-call-expression': [ '7.27.1' ],
2139 silly audit   '@babel/helper-replace-supers': [ '7.28.6' ],
2139 silly audit   '@babel/helper-globals': [ '7.28.0' ],
2139 silly audit   '@babel/helper-string-parser': [ '7.27.1' ],
2139 silly audit   '@jridgewell/sourcemap-codec': [ '1.5.5' ],
2139 silly audit   '@jridgewell/resolve-uri': [ '3.1.2' ],
2139 silly audit   '@mjackson/node-fetch-server': [ '0.2.0' ],
2139 silly audit   '@shopify/graphql-client': [ '1.4.1' ],
2139 silly audit   'content-security-policy-builder': [ '2.3.0' ],
2139 silly audit   'flame-chart-js': [ '2.3.1' ],
2139 silly audit   'source-map-support': [ '0.5.21' ],
2139 silly audit   'use-resize-observer': [ '9.1.0' ],
2139 silly audit   'react-dom': [ '18.3.1' ],
2139 silly audit   worktop: [ '0.7.3' ],
2139 silly audit   '@google/model-viewer': [ '4.1.0' ],
2139 silly audit   three: [ '0.172.0' ],
2139 silly audit   '@xstate/fsm': [ '2.0.0' ],
2139 silly audit   '@xstate/react': [ '3.2.1' ],
2139 silly audit   'use-isomorphic-layout-effect': [ '1.2.1' ],
2139 silly audit   'use-sync-external-store': [ '1.6.0' ],
2139 silly audit   '@monogrid/gainmap-js': [ '3.4.0' ],
2139 silly audit   lit: [ '3.3.2' ],
2139 silly audit   'promise-worker-transferable': [ '1.0.4' ],
2139 silly audit   '@shopify/liquid-html-parser': [ '2.9.0' ],
2139 silly audit   'cross-fetch': [ '4.1.0' ],
2139 silly audit   'jsonc-parser': [ '3.3.1' ],
2139 silly audit   'line-column': [ '1.0.2' ],
2139 silly audit   minimatch: [ '9.0.9', '5.1.9' ],
2139 silly audit   'vscode-json-languageservice': [ '5.7.2' ],
2139 silly audit   'vscode-uri': [ '3.1.0' ],
2139 silly audit   'ohm-js': [ '17.5.0' ],
2139 silly audit   'node-fetch': [ '2.7.0' ],
2139 silly audit   glob: [ '8.1.0' ],
2139 silly audit   yaml: [ '2.8.2' ],
2139 silly audit   'ts-morph': [ '25.0.1' ],
2139 silly audit   csstype: [ '3.2.3' ],
2139 silly audit   'fast-deep-equal': [ '3.1.3' ],
2139 silly audit   'fast-uri': [ '3.1.0' ],
2139 silly audit   'json-schema-traverse': [ '1.0.0' ],
2139 silly audit   'require-from-string': [ '2.0.2' ],
2139 silly audit   'baseline-browser-mapping': [ '2.10.0' ],
2139 silly audit   'caniuse-lite': [ '1.0.30001775' ],
2139 silly audit   'electron-to-chromium': [ '1.5.302' ],
2139 silly audit   'node-releases': [ '2.0.27' ],
2139 silly audit   'update-browserslist-db': [ '1.2.3' ],
2139 silly audit   readdirp: [ '4.1.2' ],
2139 silly audit   'object-assign': [ '4.1.1' ],
2139 silly audit   vary: [ '1.1.2' ],
2139 silly audit   'path-key': [ '3.1.1', '4.0.0' ],
2139 silly audit   'shebang-command': [ '2.0.0' ],
2139 silly audit   which: [ '2.0.2' ],
2139 silly audit   ms: [ '2.1.3' ],
2139 silly audit   'get-stream': [ '8.0.1' ],
2139 silly audit   'human-signals': [ '5.0.0' ],
2139 silly audit   'is-stream': [ '3.0.0' ],
2139 silly audit   'merge-stream': [ '2.0.0' ],
2139 silly audit   'npm-run-path': [ '5.3.0' ],
2139 silly audit   onetime: [ '6.0.0' ],
2139 silly audit   'signal-exit': [ '4.1.0' ],
2139 silly audit   'strip-final-newline': [ '3.0.0' ],
2139 silly audit   accepts: [ '2.0.0' ],
2139 silly audit   'body-parser': [ '2.2.2' ],
2139 silly audit   'content-disposition': [ '1.0.1' ],
2139 silly audit   cookie: [ '0.7.2', '1.1.1' ],
2139 silly audit   'cookie-signature': [ '1.2.2' ],
2139 silly audit   depd: [ '2.0.0' ],
2139 silly audit   encodeurl: [ '2.0.0' ],
2139 silly audit   'escape-html': [ '1.0.3' ],
2139 silly audit   etag: [ '1.8.1' ],
2139 silly audit   finalhandler: [ '2.1.1' ],
2139 silly audit   fresh: [ '2.0.0' ],
2139 silly audit   'http-errors': [ '2.0.1' ],
2139 silly audit   'merge-descriptors': [ '2.0.0' ],
2139 silly audit   'mime-types': [ '3.0.2' ],
2139 silly audit   'on-finished': [ '2.4.1' ],
2139 silly audit   once: [ '1.4.0' ],
2139 silly audit   parseurl: [ '1.3.3' ],
2139 silly audit   'proxy-addr': [ '2.0.7' ],
2139 silly audit   qs: [ '6.15.0' ],
2139 silly audit   'range-parser': [ '1.2.1' ],
2139 silly audit   router: [ '2.2.0' ],
2139 silly audit   send: [ '1.2.1' ],
2139 silly audit   'serve-static': [ '2.2.1' ],
2139 silly audit   statuses: [ '2.0.2' ],
2139 silly audit   'type-is': [ '2.0.1' ],
2139 silly audit   negotiator: [ '1.0.0' ],
2139 silly audit   bytes: [ '3.1.2' ],
2139 silly audit   'iconv-lite': [ '0.7.2' ],
2139 silly audit   'ip-address': [ '10.0.1' ],
2139 silly audit   color: [ '3.2.1' ],
2139 silly audit   events: [ '3.3.0' ],
2139 silly audit   'color-convert': [ '1.9.3' ],
2139 silly audit   'color-string': [ '1.9.1' ],
2139 silly audit   'color-name': [ '1.1.3' ],
2139 silly audit   'simple-swizzle': [ '0.2.4' ],
2139 silly audit   'fs.realpath': [ '1.0.0' ],
2139 silly audit   inflight: [ '1.0.6' ],
2139 silly audit   inherits: [ '2.0.4' ],
2139 silly audit   setprototypeof: [ '1.2.0' ],
2139 silly audit   toidentifier: [ '1.0.1' ],
2139 silly audit   'safer-buffer': [ '2.1.2' ],
2139 silly audit   wrappy: [ '1.0.2' ],
2139 silly audit   isarray: [ '1.0.0' ],
2139 silly audit   isobject: [ '2.1.0' ],
2139 silly audit   '@lit/reactive-element': [ '2.1.2' ],
2139 silly audit   'lit-element': [ '4.2.2' ],
2139 silly audit   'lit-html': [ '3.3.2' ],
2139 silly audit   '@lit-labs/ssr-dom-shim': [ '1.5.1' ],
2139 silly audit   '@types/trusted-types': [ '2.0.7' ],
2139 silly audit   yallist: [ '3.1.1' ],
2139 silly audit   'mime-db': [ '1.54.0' ],
2139 silly audit   'brace-expansion': [ '2.0.2' ],
2139 silly audit   'balanced-match': [ '1.0.2' ],
2139 silly audit   'whatwg-url': [ '5.0.0' ],
2139 silly audit   'ee-first': [ '1.1.1' ],
2139 silly audit   'mimic-fn': [ '4.0.0' ],
2139 silly audit   confbox: [ '0.2.4' ],
2139 silly audit   exsolve: [ '1.0.8' ],
2139 silly audit   'is-promise': [ '2.2.2', '4.0.0' ],
2139 silly audit   lie: [ '3.3.0' ],
2139 silly audit   immediate: [ '3.0.6' ],
2139 silly audit   forwarded: [ '0.2.0' ],
2139 silly audit   'ipaddr.js': [ '1.9.1' ],
2139 silly audit   'side-channel': [ '1.1.0' ],
2139 silly audit   unpipe: [ '1.0.0' ],
2139 silly audit   'loose-envify': [ '1.4.0' ],
2139 silly audit   scheduler: [ '0.23.2' ],
2139 silly audit   'set-cookie-parser': [ '2.7.2' ],
2139 silly audit   'path-to-regexp': [ '8.3.0' ],
2139 silly audit   'shebang-regex': [ '3.0.0' ],
2139 silly audit   'es-errors': [ '1.3.0' ],
2139 silly audit   'object-inspect': [ '1.13.4' ],
2139 silly audit   'side-channel-list': [ '1.0.0' ],
2139 silly audit   'side-channel-map': [ '1.0.1' ],
2139 silly audit   'side-channel-weakmap': [ '1.0.2' ],
2139 silly audit   'call-bound': [ '1.0.4' ],
2139 silly audit   'get-intrinsic': [ '1.3.0' ],
2139 silly audit   'call-bind-apply-helpers': [ '1.0.2' ],
2139 silly audit   'function-bind': [ '1.1.2' ],
2139 silly audit   'es-define-property': [ '1.0.1' ],
2139 silly audit   'es-object-atoms': [ '1.1.1' ],
2139 silly audit   'get-proto': [ '1.0.1' ],
2139 silly audit   gopd: [ '1.2.0' ],
2139 silly audit   'has-symbols': [ '1.1.0' ],
2139 silly audit   hasown: [ '2.0.2' ],
2139 silly audit   'math-intrinsics': [ '1.1.0' ],
2139 silly audit   'dunder-proto': [ '1.0.1' ],
2139 silly audit   'is-arrayish': [ '0.3.4' ],
2139 silly audit   'buffer-from': [ '1.1.2' ],
2139 silly audit   'source-map': [ '0.6.1' ],
2139 silly audit   fdir: [ '6.5.0' ],
2139 silly audit   picomatch: [ '4.0.3', '2.3.1' ],
2139 silly audit   '@ts-morph/common': [ '0.26.1' ],
2139 silly audit   'code-block-writer': [ '13.0.3' ],
2139 silly audit   'fast-glob': [ '3.3.3' ],
2139 silly audit   'path-browserify': [ '1.0.1' ],
2139 silly audit   '@nodelib/fs.stat': [ '2.0.5' ],
2139 silly audit   '@nodelib/fs.walk': [ '1.2.8' ],
2139 silly audit   'glob-parent': [ '5.1.2' ],
2139 silly audit   merge2: [ '1.4.1' ],
2139 silly audit   micromatch: [ '4.0.8' ],
2139 silly audit   '@nodelib/fs.scandir': [ '2.1.5' ],
2139 silly audit   fastq: [ '1.20.1' ],
2139 silly audit   'run-parallel': [ '1.2.0' ],
2139 silly audit   reusify: [ '1.1.0' ],
2139 silly audit   'is-glob': [ '4.0.3' ],
2139 silly audit   'is-extglob': [ '2.1.1' ],
2139 silly audit   braces: [ '3.0.3' ],
2139 silly audit   'fill-range': [ '7.1.1' ],
2139 silly audit   'to-regex-range': [ '5.0.1' ],
2139 silly audit   'queue-microtask': [ '1.2.3' ],
2139 silly audit   'is-number': [ '7.0.0' ],
2139 silly audit   'media-typer': [ '1.1.0' ],
2139 silly audit   escalade: [ '3.2.0' ],
2139 silly audit   '@juggle/resize-observer': [ '3.4.0' ],
2139 silly audit   esbuild: [ '0.25.12' ],
2139 silly audit   fsevents: [ '2.3.3' ],
2139 silly audit   postcss: [ '8.5.6' ],
2139 silly audit   rollup: [ '4.59.0' ],
2139 silly audit   '@esbuild/aix-ppc64': [ '0.25.12' ],
2139 silly audit   '@esbuild/android-arm': [ '0.25.12' ],
2139 silly audit   '@esbuild/android-arm64': [ '0.25.12' ],
2139 silly audit   '@esbuild/android-x64': [ '0.25.12' ],
2139 silly audit   '@esbuild/darwin-arm64': [ '0.25.12' ],
2139 silly audit   '@esbuild/darwin-x64': [ '0.25.12' ],
2139 silly audit   '@esbuild/freebsd-arm64': [ '0.25.12' ],
2139 silly audit   '@esbuild/freebsd-x64': [ '0.25.12' ],
2139 silly audit   '@esbuild/linux-arm': [ '0.25.12' ],
2139 silly audit   '@esbuild/linux-arm64': [ '0.25.12' ],
2139 silly audit   '@esbuild/linux-ia32': [ '0.25.12' ],
2139 silly audit   '@esbuild/linux-loong64': [ '0.25.12' ],
2139 silly audit   '@esbuild/linux-mips64el': [ '0.25.12' ],
2139 silly audit   '@esbuild/linux-ppc64': [ '0.25.12' ],
2139 silly audit   '@esbuild/linux-riscv64': [ '0.25.12' ],
2139 silly audit   '@esbuild/linux-s390x': [ '0.25.12' ],
2139 silly audit   '@esbuild/linux-x64': [ '0.25.12' ],
2139 silly audit   '@esbuild/netbsd-arm64': [ '0.25.12' ],
2139 silly audit   '@esbuild/netbsd-x64': [ '0.25.12' ],
2139 silly audit   '@esbuild/openbsd-arm64': [ '0.25.12' ],
2139 silly audit   '@esbuild/openbsd-x64': [ '0.25.12' ],
2139 silly audit   '@esbuild/openharmony-arm64': [ '0.25.12' ],
2139 silly audit   '@esbuild/sunos-x64': [ '0.25.12' ],
2139 silly audit   '@esbuild/win32-arm64': [ '0.25.12' ],
2139 silly audit   '@esbuild/win32-ia32': [ '0.25.12' ],
2139 silly audit   '@esbuild/win32-x64': [ '0.25.12' ],
2139 silly audit   nanoid: [ '3.3.11' ],
2139 silly audit   'source-map-js': [ '1.2.1' ],
2139 silly audit   '@rollup/rollup-android-arm-eabi': [ '4.59.0' ],
2139 silly audit   '@rollup/rollup-android-arm64': [ '4.59.0' ],
2139 silly audit   '@rollup/rollup-darwin-arm64': [ '4.59.0' ],
2139 silly audit   '@rollup/rollup-darwin-x64': [ '4.59.0' ],
2139 silly audit   '@rollup/rollup-freebsd-arm64': [ '4.59.0' ],
2139 silly audit   '@rollup/rollup-freebsd-x64': [ '4.59.0' ],
2139 silly audit   '@rollup/rollup-linux-arm-gnueabihf': [ '4.59.0' ],
2139 silly audit   '@rollup/rollup-linux-arm-musleabihf': [ '4.59.0' ],
2139 silly audit   '@rollup/rollup-linux-arm64-gnu': [ '4.59.0' ],
2139 silly audit   '@rollup/rollup-linux-arm64-musl': [ '4.59.0' ],
2139 silly audit   '@rollup/rollup-linux-loong64-gnu': [ '4.59.0' ],
2139 silly audit   '@rollup/rollup-linux-loong64-musl': [ '4.59.0' ],
2139 silly audit   '@rollup/rollup-linux-ppc64-gnu': [ '4.59.0' ],
2139 silly audit   '@rollup/rollup-linux-ppc64-musl': [ '4.59.0' ],
2139 silly audit   '@rollup/rollup-linux-riscv64-gnu': [ '4.59.0' ],
2139 silly audit   '@rollup/rollup-linux-riscv64-musl': [ '4.59.0' ],
2139 silly audit   '@rollup/rollup-linux-s390x-gnu': [ '4.59.0' ],
2139 silly audit   '@rollup/rollup-linux-x64-gnu': [ '4.59.0' ],
2139 silly audit   '@rollup/rollup-linux-x64-musl': [ '4.59.0' ],
2139 silly audit   '@rollup/rollup-openbsd-x64': [ '4.59.0' ],
2139 silly audit   '@rollup/rollup-openharmony-arm64': [ '4.59.0' ],
2139 silly audit   '@rollup/rollup-win32-arm64-msvc': [ '4.59.0' ],
2139 silly audit   '@rollup/rollup-win32-ia32-msvc': [ '4.59.0' ],
2139 silly audit   '@rollup/rollup-win32-x64-gnu': [ '4.59.0' ],
2139 silly audit   '@rollup/rollup-win32-x64-msvc': [ '4.59.0' ],
2139 silly audit   '@types/estree': [ '1.0.8' ],
2139 silly audit   cac: [ '6.7.14' ],
2139 silly audit   '@vscode/l10n': [ '0.0.18' ],
2139 silly audit   'vscode-languageserver-textdocument': [ '1.0.12' ],
2139 silly audit   'vscode-languageserver-types': [ '3.17.5' ],
2139 silly audit   tr46: [ '0.0.3' ],
2139 silly audit   'webidl-conversions': [ '3.0.1' ],
2139 silly audit   isexe: [ '2.0.0' ],
2139 silly audit   regexparam: [ '2.0.2' ]
2139 silly audit }
2140 http cache @vscode/l10n@https://registry.npmjs.org/@vscode/l10n/-/l10n-0.0.18.tgz 0ms (cache hit)
2141 http cache regexparam@https://registry.npmjs.org/regexparam/-/regexparam-2.0.2.tgz 0ms (cache hit)
2142 http cache webidl-conversions@https://registry.npmjs.org/webidl-conversions/-/webidl-conversions-3.0.1.tgz 0ms (cache hit)
2143 http cache tr46@https://registry.npmjs.org/tr46/-/tr46-0.0.3.tgz 0ms (cache hit)
2144 http cache @types/estree@https://registry.npmjs.org/@types/estree/-/estree-1.0.8.tgz 0ms (cache hit)
2145 http cache @rollup/rollup-win32-x64-gnu@https://registry.npmjs.org/@rollup/rollup-win32-x64-gnu/-/rollup-win32-x64-gnu-4.59.0.tgz 0ms (cache hit)
2146 http cache vscode-languageserver-textdocument@https://registry.npmjs.org/vscode-languageserver-textdocument/-/vscode-languageserver-textdocument-1.0.12.tgz 0ms (cache hit)
2147 http cache isexe@https://registry.npmjs.org/isexe/-/isexe-2.0.0.tgz 0ms (cache hit)
2148 http cache @rollup/rollup-win32-x64-msvc@https://registry.npmjs.org/@rollup/rollup-win32-x64-msvc/-/rollup-win32-x64-msvc-4.59.0.tgz 0ms (cache hit)
2149 http cache vscode-languageserver-types@https://registry.npmjs.org/vscode-languageserver-types/-/vscode-languageserver-types-3.17.5.tgz 0ms (cache hit)
2150 http cache cac@https://registry.npmjs.org/cac/-/cac-6.7.14.tgz 0ms (cache hit)
2151 http cache source-map-js@https://registry.npmjs.org/source-map-js/-/source-map-js-1.2.1.tgz 0ms (cache hit)
2152 http cache @esbuild/win32-x64@https://registry.npmjs.org/@esbuild/win32-x64/-/win32-x64-0.25.12.tgz 0ms (cache hit)
2153 http cache nanoid@https://registry.npmjs.org/nanoid/-/nanoid-3.3.11.tgz 0ms (cache hit)
2154 http cache @juggle/resize-observer@https://registry.npmjs.org/@juggle/resize-observer/-/resize-observer-3.4.0.tgz 0ms (cache hit)
2155 http cache rollup@https://registry.npmjs.org/rollup/-/rollup-4.59.0.tgz 0ms (cache hit)
2156 http cache postcss@https://registry.npmjs.org/postcss/-/postcss-8.5.6.tgz 0ms (cache hit)
2157 http cache esbuild@https://registry.npmjs.org/esbuild/-/esbuild-0.25.12.tgz 0ms (cache hit)
2158 http cache is-number@https://registry.npmjs.org/is-number/-/is-number-7.0.0.tgz 0ms (cache hit)
2159 http cache queue-microtask@https://registry.npmjs.org/queue-microtask/-/queue-microtask-1.2.3.tgz 0ms (cache hit)
2160 http cache fill-range@https://registry.npmjs.org/fill-range/-/fill-range-7.1.1.tgz 0ms (cache hit)
2161 http cache escalade@https://registry.npmjs.org/escalade/-/escalade-3.2.0.tgz 0ms (cache hit)
2162 http cache is-extglob@https://registry.npmjs.org/is-extglob/-/is-extglob-2.1.1.tgz 0ms (cache hit)
2163 http cache media-typer@https://registry.npmjs.org/media-typer/-/media-typer-1.1.0.tgz 0ms (cache hit)
2164 http cache to-regex-range@https://registry.npmjs.org/to-regex-range/-/to-regex-range-5.0.1.tgz 0ms (cache hit)
2165 http cache braces@https://registry.npmjs.org/braces/-/braces-3.0.3.tgz 0ms (cache hit)
2166 http cache is-glob@https://registry.npmjs.org/is-glob/-/is-glob-4.0.3.tgz 0ms (cache hit)
2167 http cache @nodelib/fs.scandir@https://registry.npmjs.org/@nodelib/fs.scandir/-/fs.scandir-2.1.5.tgz 0ms (cache hit)
2168 http cache run-parallel@https://registry.npmjs.org/run-parallel/-/run-parallel-1.2.0.tgz 0ms (cache hit)
2169 http cache @nodelib/fs.stat@https://registry.npmjs.org/@nodelib/fs.stat/-/fs.stat-2.0.5.tgz 0ms (cache hit)
2170 http cache reusify@https://registry.npmjs.org/reusify/-/reusify-1.1.0.tgz 0ms (cache hit)
2171 http cache micromatch@https://registry.npmjs.org/micromatch/-/micromatch-4.0.8.tgz 0ms (cache hit)
2172 http cache @nodelib/fs.walk@https://registry.npmjs.org/@nodelib/fs.walk/-/fs.walk-1.2.8.tgz 0ms (cache hit)
2173 http cache glob-parent@https://registry.npmjs.org/glob-parent/-/glob-parent-5.1.2.tgz 0ms (cache hit)
2174 http cache fastq@https://registry.npmjs.org/fastq/-/fastq-1.20.1.tgz 0ms (cache hit)
2175 http cache merge2@https://registry.npmjs.org/merge2/-/merge2-1.4.1.tgz 0ms (cache hit)
2176 http cache path-browserify@https://registry.npmjs.org/path-browserify/-/path-browserify-1.0.1.tgz 1ms (cache hit)
2177 http cache @ts-morph/common@https://registry.npmjs.org/@ts-morph/common/-/common-0.26.1.tgz 0ms (cache hit)
2178 http cache code-block-writer@https://registry.npmjs.org/code-block-writer/-/code-block-writer-13.0.3.tgz 0ms (cache hit)
2179 http cache fast-glob@https://registry.npmjs.org/fast-glob/-/fast-glob-3.3.3.tgz 0ms (cache hit)
2180 http cache picomatch@https://registry.npmjs.org/picomatch/-/picomatch-4.0.3.tgz 0ms (cache hit)
2181 http cache source-map@https://registry.npmjs.org/source-map/-/source-map-0.6.1.tgz 0ms (cache hit)
2182 http cache buffer-from@https://registry.npmjs.org/buffer-from/-/buffer-from-1.1.2.tgz 0ms (cache hit)
2183 http cache dunder-proto@https://registry.npmjs.org/dunder-proto/-/dunder-proto-1.0.1.tgz 0ms (cache hit)
2184 http cache hasown@https://registry.npmjs.org/hasown/-/hasown-2.0.2.tgz 0ms (cache hit)
2185 http cache fdir@https://registry.npmjs.org/fdir/-/fdir-6.5.0.tgz 0ms (cache hit)
2186 http cache has-symbols@https://registry.npmjs.org/has-symbols/-/has-symbols-1.1.0.tgz 0ms (cache hit)
2187 http cache get-proto@https://registry.npmjs.org/get-proto/-/get-proto-1.0.1.tgz 0ms (cache hit)
2188 http cache math-intrinsics@https://registry.npmjs.org/math-intrinsics/-/math-intrinsics-1.1.0.tgz 0ms (cache hit)
2189 http cache gopd@https://registry.npmjs.org/gopd/-/gopd-1.2.0.tgz 0ms (cache hit)
2190 http cache es-define-property@https://registry.npmjs.org/es-define-property/-/es-define-property-1.0.1.tgz 0ms (cache hit)
2191 http cache call-bind-apply-helpers@https://registry.npmjs.org/call-bind-apply-helpers/-/call-bind-apply-helpers-1.0.2.tgz 0ms (cache hit)
2192 http cache call-bound@https://registry.npmjs.org/call-bound/-/call-bound-1.0.4.tgz 0ms (cache hit)
2193 http cache es-object-atoms@https://registry.npmjs.org/es-object-atoms/-/es-object-atoms-1.1.1.tgz 0ms (cache hit)
2194 http cache function-bind@https://registry.npmjs.org/function-bind/-/function-bind-1.1.2.tgz 0ms (cache hit)
2195 http cache get-intrinsic@https://registry.npmjs.org/get-intrinsic/-/get-intrinsic-1.3.0.tgz 0ms (cache hit)
2196 http cache side-channel-list@https://registry.npmjs.org/side-channel-list/-/side-channel-list-1.0.0.tgz 0ms (cache hit)
2197 http cache side-channel-map@https://registry.npmjs.org/side-channel-map/-/side-channel-map-1.0.1.tgz 0ms (cache hit)
2198 http cache object-inspect@https://registry.npmjs.org/object-inspect/-/object-inspect-1.13.4.tgz 0ms (cache hit)
2199 http cache shebang-regex@https://registry.npmjs.org/shebang-regex/-/shebang-regex-3.0.0.tgz 0ms (cache hit)
2200 http cache side-channel-weakmap@https://registry.npmjs.org/side-channel-weakmap/-/side-channel-weakmap-1.0.2.tgz 0ms (cache hit)
2201 http cache es-errors@https://registry.npmjs.org/es-errors/-/es-errors-1.3.0.tgz 0ms (cache hit)
2202 http cache scheduler@https://registry.npmjs.org/scheduler/-/scheduler-0.23.2.tgz 0ms (cache hit)
2203 http cache path-to-regexp@https://registry.npmjs.org/path-to-regexp/-/path-to-regexp-8.3.0.tgz 0ms (cache hit)
2204 http cache loose-envify@https://registry.npmjs.org/loose-envify/-/loose-envify-1.4.0.tgz 0ms (cache hit)
2205 http cache is-arrayish@https://registry.npmjs.org/is-arrayish/-/is-arrayish-0.3.4.tgz 0ms (cache hit)
2206 http cache unpipe@https://registry.npmjs.org/unpipe/-/unpipe-1.0.0.tgz 0ms (cache hit)
2207 http cache side-channel@https://registry.npmjs.org/side-channel/-/side-channel-1.1.0.tgz 0ms (cache hit)
2208 http cache ipaddr.js@https://registry.npmjs.org/ipaddr.js/-/ipaddr.js-1.9.1.tgz 0ms (cache hit)
2209 http cache lie@https://registry.npmjs.org/lie/-/lie-3.3.0.tgz 0ms (cache hit)
2210 http cache forwarded@https://registry.npmjs.org/forwarded/-/forwarded-0.2.0.tgz 0ms (cache hit)
2211 http cache exsolve@https://registry.npmjs.org/exsolve/-/exsolve-1.0.8.tgz 0ms (cache hit)
2212 http cache mimic-fn@https://registry.npmjs.org/mimic-fn/-/mimic-fn-4.0.0.tgz 0ms (cache hit)
2213 http cache immediate@https://registry.npmjs.org/immediate/-/immediate-3.0.6.tgz 0ms (cache hit)
2214 http cache ee-first@https://registry.npmjs.org/ee-first/-/ee-first-1.1.1.tgz 0ms (cache hit)
2215 http cache confbox@https://registry.npmjs.org/confbox/-/confbox-0.2.4.tgz 0ms (cache hit)
2216 http cache set-cookie-parser@https://registry.npmjs.org/set-cookie-parser/-/set-cookie-parser-2.7.2.tgz 0ms (cache hit)
2217 http cache is-promise@https://registry.npmjs.org/is-promise/-/is-promise-2.2.2.tgz 0ms (cache hit)
2218 http cache brace-expansion@https://registry.npmjs.org/brace-expansion/-/brace-expansion-2.0.2.tgz 0ms (cache hit)
2219 http cache mime-db@https://registry.npmjs.org/mime-db/-/mime-db-1.54.0.tgz 0ms (cache hit)
2220 http cache @types/trusted-types@https://registry.npmjs.org/@types/trusted-types/-/trusted-types-2.0.7.tgz 0ms (cache hit)
2221 http cache whatwg-url@https://registry.npmjs.org/whatwg-url/-/whatwg-url-5.0.0.tgz 0ms (cache hit)
2222 http cache @lit-labs/ssr-dom-shim@https://registry.npmjs.org/@lit-labs/ssr-dom-shim/-/ssr-dom-shim-1.5.1.tgz 0ms (cache hit)
2223 http cache @lit/reactive-element@https://registry.npmjs.org/@lit/reactive-element/-/reactive-element-2.1.2.tgz 0ms (cache hit)
2224 http cache yallist@https://registry.npmjs.org/yallist/-/yallist-3.1.1.tgz 0ms (cache hit)
2225 http cache balanced-match@https://registry.npmjs.org/balanced-match/-/balanced-match-1.0.2.tgz 0ms (cache hit)
2226 http cache lit-html@https://registry.npmjs.org/lit-html/-/lit-html-3.3.2.tgz 0ms (cache hit)
2227 http cache isobject@https://registry.npmjs.org/isobject/-/isobject-2.1.0.tgz 0ms (cache hit)
2228 http cache isarray@https://registry.npmjs.org/isarray/-/isarray-1.0.0.tgz 0ms (cache hit)
2229 http cache wrappy@https://registry.npmjs.org/wrappy/-/wrappy-1.0.2.tgz 0ms (cache hit)
2230 http cache safer-buffer@https://registry.npmjs.org/safer-buffer/-/safer-buffer-2.1.2.tgz 0ms (cache hit)
2231 http cache setprototypeof@https://registry.npmjs.org/setprototypeof/-/setprototypeof-1.2.0.tgz 0ms (cache hit)
2232 http cache lit-element@https://registry.npmjs.org/lit-element/-/lit-element-4.2.2.tgz 0ms (cache hit)
2233 http cache inherits@https://registry.npmjs.org/inherits/-/inherits-2.0.4.tgz 0ms (cache hit)
2234 http cache toidentifier@https://registry.npmjs.org/toidentifier/-/toidentifier-1.0.1.tgz 0ms (cache hit)
2235 http cache simple-swizzle@https://registry.npmjs.org/simple-swizzle/-/simple-swizzle-0.2.4.tgz 0ms (cache hit)
2236 http cache inflight@https://registry.npmjs.org/inflight/-/inflight-1.0.6.tgz 0ms (cache hit)
2237 http cache color-name@https://registry.npmjs.org/color-name/-/color-name-1.1.3.tgz 0ms (cache hit)
2238 http cache color-string@https://registry.npmjs.org/color-string/-/color-string-1.9.1.tgz 0ms (cache hit)
2239 http cache color-convert@https://registry.npmjs.org/color-convert/-/color-convert-1.9.3.tgz 0ms (cache hit)
2240 http cache events@https://registry.npmjs.org/events/-/events-3.3.0.tgz 0ms (cache hit)
2241 http cache iconv-lite@https://registry.npmjs.org/iconv-lite/-/iconv-lite-0.7.2.tgz 0ms (cache hit)
2242 http cache negotiator@https://registry.npmjs.org/negotiator/-/negotiator-1.0.0.tgz 0ms (cache hit)
2243 http cache bytes@https://registry.npmjs.org/bytes/-/bytes-3.1.2.tgz 0ms (cache hit)
2244 http cache color@https://registry.npmjs.org/color/-/color-3.2.1.tgz 0ms (cache hit)
2245 http cache fs.realpath@https://registry.npmjs.org/fs.realpath/-/fs.realpath-1.0.0.tgz 0ms (cache hit)
2246 http cache statuses@https://registry.npmjs.org/statuses/-/statuses-2.0.2.tgz 0ms (cache hit)
2247 http cache ip-address@https://registry.npmjs.org/ip-address/-/ip-address-10.0.1.tgz 0ms (cache hit)
2248 http cache type-is@https://registry.npmjs.org/type-is/-/type-is-2.0.1.tgz 0ms (cache hit)
2249 http cache range-parser@https://registry.npmjs.org/range-parser/-/range-parser-1.2.1.tgz 0ms (cache hit)
2250 http cache qs@https://registry.npmjs.org/qs/-/qs-6.15.0.tgz 0ms (cache hit)
2251 http cache proxy-addr@https://registry.npmjs.org/proxy-addr/-/proxy-addr-2.0.7.tgz 0ms (cache hit)
2252 http cache serve-static@https://registry.npmjs.org/serve-static/-/serve-static-2.2.1.tgz 0ms (cache hit)
2253 http cache send@https://registry.npmjs.org/send/-/send-1.2.1.tgz 0ms (cache hit)
2254 http cache once@https://registry.npmjs.org/once/-/once-1.4.0.tgz 0ms (cache hit)
2255 http cache mime-types@https://registry.npmjs.org/mime-types/-/mime-types-3.0.2.tgz 0ms (cache hit)
2256 http cache on-finished@https://registry.npmjs.org/on-finished/-/on-finished-2.4.1.tgz 0ms (cache hit)
2257 http cache merge-descriptors@https://registry.npmjs.org/merge-descriptors/-/merge-descriptors-2.0.0.tgz 0ms (cache hit)
2258 http cache http-errors@https://registry.npmjs.org/http-errors/-/http-errors-2.0.1.tgz 0ms (cache hit)
2259 http cache router@https://registry.npmjs.org/router/-/router-2.2.0.tgz 0ms (cache hit)
2260 http cache etag@https://registry.npmjs.org/etag/-/etag-1.8.1.tgz 0ms (cache hit)
2261 http cache parseurl@https://registry.npmjs.org/parseurl/-/parseurl-1.3.3.tgz 0ms (cache hit)
2262 http cache finalhandler@https://registry.npmjs.org/finalhandler/-/finalhandler-2.1.1.tgz 0ms (cache hit)
2263 http cache escape-html@https://registry.npmjs.org/escape-html/-/escape-html-1.0.3.tgz 0ms (cache hit)
2264 http cache depd@https://registry.npmjs.org/depd/-/depd-2.0.0.tgz 0ms (cache hit)
2265 http cache fresh@https://registry.npmjs.org/fresh/-/fresh-2.0.0.tgz 0ms (cache hit)
2266 http cache body-parser@https://registry.npmjs.org/body-parser/-/body-parser-2.2.2.tgz 0ms (cache hit)
2267 http cache cookie@https://registry.npmjs.org/cookie/-/cookie-0.7.2.tgz 0ms (cache hit)
2268 http cache cookie-signature@https://registry.npmjs.org/cookie-signature/-/cookie-signature-1.2.2.tgz 0ms (cache hit)
2269 http cache encodeurl@https://registry.npmjs.org/encodeurl/-/encodeurl-2.0.0.tgz 0ms (cache hit)
2270 http cache content-disposition@https://registry.npmjs.org/content-disposition/-/content-disposition-1.0.1.tgz 0ms (cache hit)
2271 http cache signal-exit@https://registry.npmjs.org/signal-exit/-/signal-exit-4.1.0.tgz 0ms (cache hit)
2272 http cache accepts@https://registry.npmjs.org/accepts/-/accepts-2.0.0.tgz 0ms (cache hit)
2273 http cache strip-final-newline@https://registry.npmjs.org/strip-final-newline/-/strip-final-newline-3.0.0.tgz 0ms (cache hit)
2274 http cache merge-stream@https://registry.npmjs.org/merge-stream/-/merge-stream-2.0.0.tgz 0ms (cache hit)
2275 http cache npm-run-path@https://registry.npmjs.org/npm-run-path/-/npm-run-path-5.3.0.tgz 0ms (cache hit)
2276 http cache onetime@https://registry.npmjs.org/onetime/-/onetime-6.0.0.tgz 0ms (cache hit)
2277 http cache get-stream@https://registry.npmjs.org/get-stream/-/get-stream-8.0.1.tgz 0ms (cache hit)
2278 http cache human-signals@https://registry.npmjs.org/human-signals/-/human-signals-5.0.0.tgz 0ms (cache hit)
2279 http cache is-stream@https://registry.npmjs.org/is-stream/-/is-stream-3.0.0.tgz 0ms (cache hit)
2280 http cache ms@https://registry.npmjs.org/ms/-/ms-2.1.3.tgz 0ms (cache hit)
2281 http cache which@https://registry.npmjs.org/which/-/which-2.0.2.tgz 0ms (cache hit)
2282 http cache shebang-command@https://registry.npmjs.org/shebang-command/-/shebang-command-2.0.0.tgz 0ms (cache hit)
2283 http cache path-key@https://registry.npmjs.org/path-key/-/path-key-3.1.1.tgz 0ms (cache hit)
2284 http cache object-assign@https://registry.npmjs.org/object-assign/-/object-assign-4.1.1.tgz 0ms (cache hit)
2285 http cache update-browserslist-db@https://registry.npmjs.org/update-browserslist-db/-/update-browserslist-db-1.2.3.tgz 1ms (cache hit)
2286 http cache node-releases@https://registry.npmjs.org/node-releases/-/node-releases-2.0.27.tgz 0ms (cache hit)
2287 http cache vary@https://registry.npmjs.org/vary/-/vary-1.1.2.tgz 0ms (cache hit)
2288 http cache readdirp@https://registry.npmjs.org/readdirp/-/readdirp-4.1.2.tgz 0ms (cache hit)
2289 http cache caniuse-lite@https://registry.npmjs.org/caniuse-lite/-/caniuse-lite-1.0.30001775.tgz 0ms (cache hit)
2290 http cache electron-to-chromium@https://registry.npmjs.org/electron-to-chromium/-/electron-to-chromium-1.5.302.tgz 0ms (cache hit)
2291 http cache baseline-browser-mapping@https://registry.npmjs.org/baseline-browser-mapping/-/baseline-browser-mapping-2.10.0.tgz 0ms (cache hit)
2292 http cache json-schema-traverse@https://registry.npmjs.org/json-schema-traverse/-/json-schema-traverse-1.0.0.tgz 0ms (cache hit)
2293 http cache fast-uri@https://registry.npmjs.org/fast-uri/-/fast-uri-3.1.0.tgz 0ms (cache hit)
2294 http cache require-from-string@https://registry.npmjs.org/require-from-string/-/require-from-string-2.0.2.tgz 0ms (cache hit)
2295 http cache csstype@https://registry.npmjs.org/csstype/-/csstype-3.2.3.tgz 0ms (cache hit)
2296 http cache ts-morph@https://registry.npmjs.org/ts-morph/-/ts-morph-25.0.1.tgz 0ms (cache hit)
2297 http cache fast-deep-equal@https://registry.npmjs.org/fast-deep-equal/-/fast-deep-equal-3.1.3.tgz 0ms (cache hit)
2298 http cache yaml@https://registry.npmjs.org/yaml/-/yaml-2.8.2.tgz 0ms (cache hit)
2299 http cache vscode-uri@https://registry.npmjs.org/vscode-uri/-/vscode-uri-3.1.0.tgz 0ms (cache hit)
2300 http cache vscode-json-languageservice@https://registry.npmjs.org/vscode-json-languageservice/-/vscode-json-languageservice-5.7.2.tgz 0ms (cache hit)
2301 http cache glob@https://registry.npmjs.org/glob/-/glob-8.1.0.tgz 0ms (cache hit)
2302 http cache node-fetch@https://registry.npmjs.org/node-fetch/-/node-fetch-2.7.0.tgz 0ms (cache hit)
2303 http cache minimatch@https://registry.npmjs.org/minimatch/-/minimatch-9.0.9.tgz 0ms (cache hit)
2304 http cache ohm-js@https://registry.npmjs.org/ohm-js/-/ohm-js-17.5.0.tgz 0ms (cache hit)
2305 http cache cross-fetch@https://registry.npmjs.org/cross-fetch/-/cross-fetch-4.1.0.tgz 0ms (cache hit)
2306 http cache jsonc-parser@https://registry.npmjs.org/jsonc-parser/-/jsonc-parser-3.3.1.tgz 0ms (cache hit)
2307 http cache line-column@https://registry.npmjs.org/line-column/-/line-column-1.0.2.tgz 0ms (cache hit)
2308 http cache @monogrid/gainmap-js@https://registry.npmjs.org/@monogrid/gainmap-js/-/gainmap-js-3.4.0.tgz 0ms (cache hit)
2309 http cache @shopify/liquid-html-parser@https://registry.npmjs.org/@shopify/liquid-html-parser/-/liquid-html-parser-2.9.0.tgz 0ms (cache hit)
2310 http cache promise-worker-transferable@https://registry.npmjs.org/promise-worker-transferable/-/promise-worker-transferable-1.0.4.tgz 0ms (cache hit)
2311 http cache lit@https://registry.npmjs.org/lit/-/lit-3.3.2.tgz 0ms (cache hit)
2312 http cache use-sync-external-store@https://registry.npmjs.org/use-sync-external-store/-/use-sync-external-store-1.6.0.tgz 0ms (cache hit)
2313 http cache @xstate/fsm@https://registry.npmjs.org/@xstate/fsm/-/fsm-2.0.0.tgz 0ms (cache hit)
2314 http cache use-isomorphic-layout-effect@https://registry.npmjs.org/use-isomorphic-layout-effect/-/use-isomorphic-layout-effect-1.2.1.tgz 0ms (cache hit)
2315 http cache @google/model-viewer@https://registry.npmjs.org/@google/model-viewer/-/model-viewer-4.1.0.tgz 1ms (cache hit)
2316 http cache @xstate/react@https://registry.npmjs.org/@xstate/react/-/react-3.2.1.tgz 0ms (cache hit)
2317 http cache react-dom@https://registry.npmjs.org/react-dom/-/react-dom-18.3.1.tgz 0ms (cache hit)
2318 http cache three@https://registry.npmjs.org/three/-/three-0.172.0.tgz 0ms (cache hit)
2319 http cache use-resize-observer@https://registry.npmjs.org/use-resize-observer/-/use-resize-observer-9.1.0.tgz 0ms (cache hit)
2320 http cache @shopify/graphql-client@https://registry.npmjs.org/@shopify/graphql-client/-/graphql-client-1.4.1.tgz 0ms (cache hit)
2321 http cache worktop@https://registry.npmjs.org/worktop/-/worktop-0.7.3.tgz 0ms (cache hit)
2322 http cache @mjackson/node-fetch-server@https://registry.npmjs.org/@mjackson/node-fetch-server/-/node-fetch-server-0.2.0.tgz 0ms (cache hit)
2323 http cache source-map-support@https://registry.npmjs.org/source-map-support/-/source-map-support-0.5.21.tgz 0ms (cache hit)
2324 http cache @jridgewell/resolve-uri@https://registry.npmjs.org/@jridgewell/resolve-uri/-/resolve-uri-3.1.2.tgz 0ms (cache hit)
2325 http cache flame-chart-js@https://registry.npmjs.org/flame-chart-js/-/flame-chart-js-2.3.1.tgz 0ms (cache hit)
2326 http cache content-security-policy-builder@https://registry.npmjs.org/content-security-policy-builder/-/content-security-policy-builder-2.3.0.tgz 0ms (cache hit)
2327 http cache @jridgewell/sourcemap-codec@https://registry.npmjs.org/@jridgewell/sourcemap-codec/-/sourcemap-codec-1.5.5.tgz 0ms (cache hit)
2328 http cache @babel/helper-string-parser@https://registry.npmjs.org/@babel/helper-string-parser/-/helper-string-parser-7.27.1.tgz 0ms (cache hit)
2329 http cache @babel/helper-replace-supers@https://registry.npmjs.org/@babel/helper-replace-supers/-/helper-replace-supers-7.28.6.tgz 0ms (cache hit)
2330 http cache @babel/helper-member-expression-to-functions@https://registry.npmjs.org/@babel/helper-member-expression-to-functions/-/helper-member-expression-to-functions-7.28.5.tgz 0ms (cache hit)
2331 http cache @babel/helper-globals@https://registry.npmjs.org/@babel/helper-globals/-/helper-globals-7.28.0.tgz 0ms (cache hit)
2332 http cache @babel/helper-optimise-call-expression@https://registry.npmjs.org/@babel/helper-optimise-call-expression/-/helper-optimise-call-expression-7.27.1.tgz 0ms (cache hit)
2333 http cache @babel/plugin-syntax-typescript@https://registry.npmjs.org/@babel/plugin-syntax-typescript/-/plugin-syntax-typescript-7.28.6.tgz 0ms (cache hit)
2334 http cache @babel/helper-skip-transparent-expression-wrappers@https://registry.npmjs.org/@babel/helper-skip-transparent-expression-wrappers/-/helper-skip-transparent-expression-wrappers-7.27.1.tgz 0ms (cache hit)
2335 http cache @babel/helper-annotate-as-pure@https://registry.npmjs.org/@babel/helper-annotate-as-pure/-/helper-annotate-as-pure-7.27.3.tgz 0ms (cache hit)
2336 http cache browserslist@https://registry.npmjs.org/browserslist/-/browserslist-4.28.1.tgz 0ms (cache hit)
2337 http cache @babel/helper-plugin-utils@https://registry.npmjs.org/@babel/helper-plugin-utils/-/helper-plugin-utils-7.28.6.tgz 0ms (cache hit)
2338 http cache lru-cache@https://registry.npmjs.org/lru-cache/-/lru-cache-5.1.1.tgz 0ms (cache hit)
2339 http cache @babel/plugin-transform-typescript@https://registry.npmjs.org/@babel/plugin-transform-typescript/-/plugin-transform-typescript-7.28.6.tgz 0ms (cache hit)
2340 http cache @babel/helper-module-imports@https://registry.npmjs.org/@babel/helper-module-imports/-/helper-module-imports-7.28.6.tgz 0ms (cache hit)
2341 http cache @jridgewell/trace-mapping@https://registry.npmjs.org/@jridgewell/trace-mapping/-/trace-mapping-0.3.31.tgz 0ms (cache hit)
2342 http cache js-tokens@https://registry.npmjs.org/js-tokens/-/js-tokens-4.0.0.tgz 0ms (cache hit)
2343 http cache @jridgewell/gen-mapping@https://registry.npmjs.org/@jridgewell/gen-mapping/-/gen-mapping-0.3.13.tgz 0ms (cache hit)
2344 http cache @babel/helper-create-class-features-plugin@https://registry.npmjs.org/@babel/helper-create-class-features-plugin/-/helper-create-class-features-plugin-7.28.6.tgz 0ms (cache hit)
2345 http cache @babel/helper-validator-option@https://registry.npmjs.org/@babel/helper-validator-option/-/helper-validator-option-7.27.1.tgz 0ms (cache hit)
2346 http cache gensync@https://registry.npmjs.org/gensync/-/gensync-1.0.0-beta.2.tgz 0ms (cache hit)
2347 http cache convert-source-map@https://registry.npmjs.org/convert-source-map/-/convert-source-map-2.0.0.tgz 0ms (cache hit)
2348 http cache @babel/compat-data@https://registry.npmjs.org/@babel/compat-data/-/compat-data-7.29.0.tgz 0ms (cache hit)
2349 http cache @babel/helper-validator-identifier@https://registry.npmjs.org/@babel/helper-validator-identifier/-/helper-validator-identifier-7.28.5.tgz 0ms (cache hit)
2350 http cache @jridgewell/remapping@https://registry.npmjs.org/@jridgewell/remapping/-/remapping-2.3.5.tgz 0ms (cache hit)
2351 http cache @babel/plugin-transform-modules-commonjs@https://registry.npmjs.org/@babel/plugin-transform-modules-commonjs/-/plugin-transform-modules-commonjs-7.28.6.tgz 0ms (cache hit)
2352 http cache json5@https://registry.npmjs.org/json5/-/json5-2.2.3.tgz 0ms (cache hit)
2353 http cache @babel/template@https://registry.npmjs.org/@babel/template/-/template-7.28.6.tgz 0ms (cache hit)
2354 http cache @babel/code-frame@https://registry.npmjs.org/@babel/code-frame/-/code-frame-7.29.0.tgz 0ms (cache hit)
2355 http cache @babel/helper-module-transforms@https://registry.npmjs.org/@babel/helper-module-transforms/-/helper-module-transforms-7.28.6.tgz 0ms (cache hit)
2356 http cache @babel/helper-compilation-targets@https://registry.npmjs.org/@babel/helper-compilation-targets/-/helper-compilation-targets-7.28.6.tgz 0ms (cache hit)
2357 http cache vite-node@https://registry.npmjs.org/vite-node/-/vite-node-3.2.4.tgz 0ms (cache hit)
2358 http cache react-refresh@https://registry.npmjs.org/react-refresh/-/react-refresh-0.14.2.tgz 0ms (cache hit)
2359 http cache valibot@https://registry.npmjs.org/valibot/-/valibot-1.2.0.tgz 0ms (cache hit)
2360 http cache semver@https://registry.npmjs.org/semver/-/semver-7.7.4.tgz 0ms (cache hit)
2361 http cache prettier@https://registry.npmjs.org/prettier/-/prettier-3.8.1.tgz 0ms (cache hit)
2362 http cache picocolors@https://registry.npmjs.org/picocolors/-/picocolors-1.1.1.tgz 0ms (cache hit)
2363 http cache pkg-types@https://registry.npmjs.org/pkg-types/-/pkg-types-2.3.0.tgz 0ms (cache hit)
2364 http cache pathe@https://registry.npmjs.org/pathe/-/pathe-1.1.2.tgz 0ms (cache hit)
2365 http cache p-map@https://registry.npmjs.org/p-map/-/p-map-7.0.4.tgz 0ms (cache hit)
2366 http cache exit-hook@https://registry.npmjs.org/exit-hook/-/exit-hook-2.2.1.tgz 0ms (cache hit)
2367 http cache jsesc@https://registry.npmjs.org/jsesc/-/jsesc-3.0.2.tgz 0ms (cache hit)
2368 http cache es-module-lexer@https://registry.npmjs.org/es-module-lexer/-/es-module-lexer-1.7.0.tgz 0ms (cache hit)
2369 http cache chokidar@https://registry.npmjs.org/chokidar/-/chokidar-4.0.3.tgz 0ms (cache hit)
2370 http cache @remix-run/node-fetch-server@https://registry.npmjs.org/@remix-run/node-fetch-server/-/node-fetch-server-0.9.0.tgz 0ms (cache hit)
2371 http cache @react-router/node@https://registry.npmjs.org/@react-router/node/-/node-7.12.0.tgz 0ms (cache hit)
2372 http cache arg@https://registry.npmjs.org/arg/-/arg-5.0.2.tgz 0ms (cache hit)
2373 http cache @babel/helpers@https://registry.npmjs.org/@babel/helpers/-/helpers-7.28.6.tgz 0ms (cache hit)
2374 http cache @babel/types@https://registry.npmjs.org/@babel/types/-/types-7.29.0.tgz 0ms (cache hit)
2375 http cache dedent@https://registry.npmjs.org/dedent/-/dedent-1.7.2.tgz 0ms (cache hit)
2376 http cache react-router@https://registry.npmjs.org/react-router/-/react-router-7.12.0.tgz 0ms (cache hit)
2377 http cache babel-dead-code-elimination@https://registry.npmjs.org/babel-dead-code-elimination/-/babel-dead-code-elimination-1.0.12.tgz 0ms (cache hit)
2378 http cache @babel/preset-typescript@https://registry.npmjs.org/@babel/preset-typescript/-/preset-typescript-7.28.5.tgz 0ms (cache hit)
2379 http cache @shopify/hydrogen-react@https://registry.npmjs.org/@shopify/hydrogen-react/-/hydrogen-react-2025.10.0.tgz 0ms (cache hit)
2380 http cache @babel/plugin-syntax-jsx@https://registry.npmjs.org/@babel/plugin-syntax-jsx/-/plugin-syntax-jsx-7.28.6.tgz 0ms (cache hit)
2381 http cache @babel/core@https://registry.npmjs.org/@babel/core/-/core-7.29.0.tgz 0ms (cache hit)
2382 http cache @babel/generator@https://registry.npmjs.org/@babel/generator/-/generator-7.29.1.tgz 0ms (cache hit)
2383 http cache @babel/parser@https://registry.npmjs.org/@babel/parser/-/parser-7.29.0.tgz 0ms (cache hit)
2384 http cache @babel/traverse@https://registry.npmjs.org/@babel/traverse/-/traverse-7.29.0.tgz 0ms (cache hit)
2385 http cache @standard-schema/spec@https://registry.npmjs.org/@standard-schema/spec/-/spec-1.1.0.tgz 0ms (cache hit)
2386 http cache @shopify/hydrogen@https://registry.npmjs.org/@shopify/hydrogen/-/hydrogen-2025.10.1.tgz 0ms (cache hit)
2387 http cache debug@https://registry.npmjs.org/debug/-/debug-4.4.3.tgz 0ms (cache hit)
2388 http cache react@https://registry.npmjs.org/react/-/react-18.3.1.tgz 0ms (cache hit)
2389 http cache @react-router/dev@https://registry.npmjs.org/@react-router/dev/-/dev-7.12.0.tgz 0ms (cache hit)
2390 http cache lodash@https://registry.npmjs.org/lodash/-/lodash-4.17.23.tgz 0ms (cache hit)
2391 http cache tinyglobby@https://registry.npmjs.org/tinyglobby/-/tinyglobby-0.2.15.tgz 0ms (cache hit)
2392 http cache isbot@https://registry.npmjs.org/isbot/-/isbot-5.1.35.tgz 0ms (cache hit)
2393 http cache raw-body@https://registry.npmjs.org/raw-body/-/raw-body-3.0.2.tgz 0ms (cache hit)
2394 http cache zod-to-json-schema@https://registry.npmjs.org/zod-to-json-schema/-/zod-to-json-schema-3.25.1.tgz 0ms (cache hit)
2395 http cache json-schema-typed@https://registry.npmjs.org/json-schema-typed/-/json-schema-typed-8.0.2.tgz 0ms (cache hit)
2396 http cache jose@https://registry.npmjs.org/jose/-/jose-6.1.3.tgz 0ms (cache hit)
2397 http cache pkce-challenge@https://registry.npmjs.org/pkce-challenge/-/pkce-challenge-5.0.1.tgz 0ms (cache hit)
2398 http cache express-rate-limit@https://registry.npmjs.org/express-rate-limit/-/express-rate-limit-8.2.1.tgz 0ms (cache hit)
2399 http cache eventsource-parser@https://registry.npmjs.org/eventsource-parser/-/eventsource-parser-3.0.6.tgz 0ms (cache hit)
2400 http cache express@https://registry.npmjs.org/express/-/express-5.2.1.tgz 0ms (cache hit)
2401 http cache eventsource@https://registry.npmjs.org/eventsource/-/eventsource-3.0.7.tgz 0ms (cache hit)
2402 http cache cross-spawn@https://registry.npmjs.org/cross-spawn/-/cross-spawn-7.0.6.tgz 0ms (cache hit)
2403 http cache cors@https://registry.npmjs.org/cors/-/cors-2.8.6.tgz 0ms (cache hit)
2404 http cache content-type@https://registry.npmjs.org/content-type/-/content-type-1.0.5.tgz 0ms (cache hit)
2405 http cache ajv@https://registry.npmjs.org/ajv/-/ajv-8.18.0.tgz 0ms (cache hit)
2406 http cache ajv-formats@https://registry.npmjs.org/ajv-formats/-/ajv-formats-3.0.1.tgz 0ms (cache hit)
2407 http cache @hono/node-server@https://registry.npmjs.org/@hono/node-server/-/node-server-1.19.9.tgz 0ms (cache hit)
2408 http cache zod@https://registry.npmjs.org/zod/-/zod-3.25.76.tgz 0ms (cache hit)
2409 http cache hono@https://registry.npmjs.org/hono/-/hono-4.12.3.tgz 0ms (cache hit)
2410 http cache type-fest@https://registry.npmjs.org/type-fest/-/type-fest-4.41.0.tgz 0ms (cache hit)
2411 http cache typescript@https://registry.npmjs.org/typescript/-/typescript-5.9.3.tgz 0ms (cache hit)
2412 http cache toml@https://registry.npmjs.org/toml/-/toml-3.0.0.tgz 0ms (cache hit)
2413 http cache schema-dts@https://registry.npmjs.org/schema-dts/-/schema-dts-1.1.5.tgz 0ms (cache hit)
2414 http cache @types/react@https://registry.npmjs.org/@types/react/-/react-19.2.14.tgz 0ms (cache hit)
2415 http cache preact@https://registry.npmjs.org/preact/-/preact-10.28.4.tgz 0ms (cache hit)
2416 http cache graphql@https://registry.npmjs.org/graphql/-/graphql-16.13.0.tgz 0ms (cache hit)
2417 http cache execa@https://registry.npmjs.org/execa/-/execa-8.0.1.tgz 0ms (cache hit)
2418 http cache @shopify/theme-check-node@https://registry.npmjs.org/@shopify/theme-check-node/-/theme-check-node-3.23.0.tgz 1ms (cache hit)
2419 http cache env-paths@https://registry.npmjs.org/env-paths/-/env-paths-3.0.0.tgz 0ms (cache hit)
2420 http cache @shopify/ui-extensions@https://registry.npmjs.org/@shopify/ui-extensions/-/ui-extensions-2025.11.0.tgz 0ms (cache hit)
2421 http cache @shopify/theme-check-common@https://registry.npmjs.org/@shopify/theme-check-common/-/theme-check-common-3.23.0.tgz 0ms (cache hit)
2422 http cache vite@https://registry.npmjs.org/vite/-/vite-6.4.1.tgz 0ms (cache hit)
2423 http cache @shopify/theme-check-docs-updater@https://registry.npmjs.org/@shopify/theme-check-docs-updater/-/theme-check-docs-updater-3.23.0.tgz 0ms (cache hit)
2424 http cache @shopify/polaris-types@https://registry.npmjs.org/@shopify/polaris-types/-/polaris-types-1.0.1.tgz 0ms (cache hit)
2425 http cache @shopify/app-bridge-types@https://registry.npmjs.org/@shopify/app-bridge-types/-/app-bridge-types-0.5.3.tgz 0ms (cache hit)
2426 http cache @shopify/dev-mcp@https://registry.npmjs.org/@shopify/dev-mcp/-/dev-mcp-1.6.0.tgz 0ms (cache hit)
2427 http cache picomatch@https://registry.npmjs.org/picomatch/-/picomatch-2.3.1.tgz 0ms (cache hit)
2428 http cache @modelcontextprotocol/sdk@https://registry.npmjs.org/@modelcontextprotocol/sdk/-/sdk-1.27.1.tgz 0ms (cache hit)
2429 http cache path-key@https://registry.npmjs.org/path-key/-/path-key-4.0.0.tgz 0ms (cache hit)
2430 http cache pathe@https://registry.npmjs.org/pathe/-/pathe-2.0.3.tgz 0ms (cache hit)
2431 http cache semver@https://registry.npmjs.org/semver/-/semver-6.3.1.tgz 0ms (cache hit)
2432 http cache is-promise@https://registry.npmjs.org/is-promise/-/is-promise-4.0.0.tgz 0ms (cache hit)
2433 http cache minimatch@https://registry.npmjs.org/minimatch/-/minimatch-5.1.9.tgz 0ms (cache hit)
2434 http cache semver@https://registry.npmjs.org/semver/-/semver-6.3.1.tgz 0ms (cache hit)
2435 http cache cookie@https://registry.npmjs.org/cookie/-/cookie-1.1.1.tgz 0ms (cache hit)
2436 http cache pathe@https://registry.npmjs.org/pathe/-/pathe-2.0.3.tgz 0ms (cache hit)
2437 http cache semver@https://registry.npmjs.org/semver/-/semver-6.3.1.tgz 0ms (cache hit)
2438 http cache env-paths@https://registry.npmjs.org/env-paths/-/env-paths-2.2.1.tgz 0ms (cache hit)
2439 http fetch POST 200 https://registry.npmjs.org/-/npm/v1/security/advisories/bulk 1740ms
2440 silly audit report {}
2441 warn deprecated inflight@1.0.6: This module is not supported, and leaks memory. Do not use it. Check out lru-cache if you want a good and tested way to coalesce async requests by a key value, which is much more comprehensive and powerful.
2442 warn deprecated glob@8.1.0: Old versions of glob are not supported, and contain widely publicized security vulnerabilities, which have been fixed in the current version. Please update. Support for old versions may be purchased (at exorbitant rates) by contacting i@izs.me
2443 info run esbuild@0.25.12 postinstall node_modules/esbuild node install.js
2444 info run esbuild@0.25.12 postinstall { code: 0, signal: null }
2445 verbose cwd C:\dev\Assemblio
2446 verbose os Windows_NT 10.0.26200
2447 verbose node v20.20.0
2448 verbose npm  v11.6.2
2449 verbose exit 0
2450 info ok
