0 verbose cli C:\Program Files\nodejs\node.exe C:\Users\kaspe\AppData\Roaming\npm\node_modules\npm\bin\npm-cli.js
1 info using npm@11.6.2
2 info using node@v22.21.0
3 silly config load:file:C:\Users\kaspe\AppData\Roaming\npm\node_modules\npm\npmrc
4 silly config load:file:C:\Users\kaspe\Documents\VSCode Apps\Assemblio\assemblio-app\.npmrc
5 silly config load:file:C:\Users\kaspe\.npmrc
6 silly config load:file:C:\Users\kaspe\AppData\Roaming\npm\etc\npmrc
7 verbose title npm install
8 verbose argv "install"
9 verbose logfile logs-max:10 dir:C:\Users\kaspe\Documents\VSCode Apps\Assemblio\assemblio-app\.npm-cache\_logs\2026-02-26T03_34_20_207Z-
10 verbose logfile C:\Users\kaspe\Documents\VSCode Apps\Assemblio\assemblio-app\.npm-cache\_logs\2026-02-26T03_34_20_207Z-debug-0.log
11 silly logfile done cleaning log files
12 silly packumentCache heap:4345298944 maxSize:1086324736 maxEntrySize:543162368
13 silly idealTree buildDeps
14 silly fetch manifest next@16.1.6
15 silly packumentCache full:https://registry.npmjs.org/next cache-miss
16 http fetch GET 200 https://registry.npmjs.org/npm 110ms
17 http fetch GET 200 https://registry.npmjs.org/next 409ms (cache miss)
18 silly packumentCache full:https://registry.npmjs.org/next set size:undefined disposed:false
19 silly fetch manifest @opentelemetry/api@^1.1.0
20 silly packumentCache full:https://registry.npmjs.org/@opentelemetry%2fapi cache-miss
21 http fetch GET 200 https://registry.npmjs.org/@opentelemetry%2fapi 66ms (cache miss)
22 silly packumentCache full:https://registry.npmjs.org/@opentelemetry%2fapi set size:undefined disposed:false
23 silly fetch manifest @playwright/test@^1.51.1
24 silly packumentCache full:https://registry.npmjs.org/@playwright%2ftest cache-miss
25 http fetch GET 200 https://registry.npmjs.org/@playwright%2ftest 279ms (cache miss)
26 silly packumentCache full:https://registry.npmjs.org/@playwright%2ftest set size:undefined disposed:false
27 silly fetch manifest babel-plugin-react-compiler@*
28 silly packumentCache full:https://registry.npmjs.org/babel-plugin-react-compiler cache-miss
29 http fetch GET 200 https://registry.npmjs.org/babel-plugin-react-compiler 37ms (cache miss)
30 silly packumentCache full:https://registry.npmjs.org/babel-plugin-react-compiler set size:undefined disposed:false
31 silly fetch manifest react@19.2.3
32 silly packumentCache full:https://registry.npmjs.org/react cache-miss
33 http fetch GET 200 https://registry.npmjs.org/react 123ms (cache miss)
34 silly packumentCache full:https://registry.npmjs.org/react set size:undefined disposed:false
35 silly fetch manifest react-dom@19.2.3
36 silly packumentCache full:https://registry.npmjs.org/react-dom cache-miss
37 http fetch GET 200 https://registry.npmjs.org/react-dom 133ms (cache miss)
38 silly packumentCache full:https://registry.npmjs.org/react-dom set size:undefined disposed:false
39 silly fetch manifest sass@^1.3.0
40 silly packumentCache full:https://registry.npmjs.org/sass cache-miss
41 http fetch GET 200 https://registry.npmjs.org/sass 68ms (cache miss)
42 silly packumentCache full:https://registry.npmjs.org/sass set size:undefined disposed:false
43 silly fetch manifest @types/node@^20
44 silly packumentCache full:https://registry.npmjs.org/@types%2fnode cache-miss
45 http fetch GET 200 https://registry.npmjs.org/@types%2fnode 157ms (cache miss)
46 silly packumentCache full:https://registry.npmjs.org/@types%2fnode set size:undefined disposed:false
47 silly fetch manifest @types/react@^19
48 silly packumentCache full:https://registry.npmjs.org/@types%2freact cache-miss
49 http fetch GET 200 https://registry.npmjs.org/@types%2freact 68ms (cache miss)
50 silly packumentCache full:https://registry.npmjs.org/@types%2freact set size:undefined disposed:false
51 silly fetch manifest @types/react-dom@^19
52 silly packumentCache full:https://registry.npmjs.org/@types%2freact-dom cache-miss
53 http fetch GET 200 https://registry.npmjs.org/@types%2freact-dom 53ms (cache miss)
54 silly packumentCache full:https://registry.npmjs.org/@types%2freact-dom set size:undefined disposed:false
55 silly fetch manifest eslint@^9
56 silly packumentCache full:https://registry.npmjs.org/eslint cache-miss
57 http fetch GET 200 https://registry.npmjs.org/eslint 82ms (cache miss)
58 silly packumentCache full:https://registry.npmjs.org/eslint set size:undefined disposed:false
59 silly fetch manifest jiti@*
60 silly packumentCache full:https://registry.npmjs.org/jiti cache-miss
61 http fetch GET 200 https://registry.npmjs.org/jiti 51ms (cache miss)
62 silly packumentCache full:https://registry.npmjs.org/jiti set size:undefined disposed:false
63 silly fetch manifest eslint-config-next@16.1.6
64 silly packumentCache full:https://registry.npmjs.org/eslint-config-next cache-miss
65 http fetch GET 200 https://registry.npmjs.org/eslint-config-next 126ms (cache miss)
66 silly packumentCache full:https://registry.npmjs.org/eslint-config-next set size:undefined disposed:false
67 silly fetch manifest typescript@^5
68 silly packumentCache full:https://registry.npmjs.org/typescript cache-miss
69 http fetch GET 200 https://registry.npmjs.org/typescript 273ms (cache miss)
70 silly packumentCache full:https://registry.npmjs.org/typescript set size:undefined disposed:false
71 silly placeDep ROOT @types/node@20.19.34 OK for: assemblio-app@0.1.0 want: ^20
72 silly placeDep ROOT @types/react@19.2.14 OK for: assemblio-app@0.1.0 want: ^19
73 silly placeDep ROOT @types/react-dom@19.2.3 OK for: assemblio-app@0.1.0 want: ^19
74 silly placeDep ROOT eslint@9.39.3 OK for: assemblio-app@0.1.0 want: ^9
75 silly placeDep ROOT eslint-config-next@16.1.6 OK for: assemblio-app@0.1.0 want: 16.1.6
76 silly placeDep ROOT next@16.1.6 OK for: assemblio-app@0.1.0 want: 16.1.6
77 silly placeDep ROOT react@19.2.3 OK for: next@16.1.6 want: ^18.2.0 || 19.0.0-rc-de68d2f4-20241204 || ^19.0.0
78 silly placeDep ROOT react-dom@19.2.3 OK for: next@16.1.6 want: ^18.2.0 || 19.0.0-rc-de68d2f4-20241204 || ^19.0.0
79 silly placeDep ROOT typescript@5.9.3 OK for: assemblio-app@0.1.0 want: ^5
80 silly fetch manifest undici-types@~6.21.0
81 silly packumentCache full:https://registry.npmjs.org/undici-types cache-miss
82 silly fetch manifest csstype@^3.2.2
83 silly packumentCache full:https://registry.npmjs.org/csstype cache-miss
84 silly fetch manifest ajv@^6.12.4
85 silly packumentCache full:https://registry.npmjs.org/ajv cache-miss
86 silly fetch manifest chalk@^4.0.0
87 silly packumentCache full:https://registry.npmjs.org/chalk cache-miss
88 silly fetch manifest debug@^4.3.2
89 silly packumentCache full:https://registry.npmjs.org/debug cache-miss
90 silly fetch manifest espree@^10.4.0
91 silly packumentCache full:https://registry.npmjs.org/espree cache-miss
92 silly fetch manifest ignore@^5.2.0
93 silly packumentCache full:https://registry.npmjs.org/ignore cache-miss
94 silly fetch manifest esquery@^1.5.0
95 silly packumentCache full:https://registry.npmjs.org/esquery cache-miss
96 silly fetch manifest esutils@^2.0.2
97 silly packumentCache full:https://registry.npmjs.org/esutils cache-miss
98 silly fetch manifest find-up@^5.0.0
99 silly packumentCache full:https://registry.npmjs.org/find-up cache-miss
100 silly fetch manifest is-glob@^4.0.0
101 silly packumentCache full:https://registry.npmjs.org/is-glob cache-miss
102 silly fetch manifest minimatch@^3.1.2
103 silly packumentCache full:https://registry.npmjs.org/minimatch cache-miss
104 silly fetch manifest @eslint/js@9.39.3
105 silly packumentCache full:https://registry.npmjs.org/@eslint%2fjs cache-miss
106 silly fetch manifest optionator@^0.9.3
107 silly packumentCache full:https://registry.npmjs.org/optionator cache-miss
108 silly fetch manifest cross-spawn@^7.0.6
109 silly packumentCache full:https://registry.npmjs.org/cross-spawn cache-miss
110 http fetch GET 200 https://registry.npmjs.org/undici-types 47ms (cache miss)
111 silly packumentCache full:https://registry.npmjs.org/undici-types set size:undefined disposed:false
112 silly fetch manifest glob-parent@^6.0.2
113 silly packumentCache full:https://registry.npmjs.org/glob-parent cache-miss
114 http fetch GET 200 https://registry.npmjs.org/ajv 53ms (cache miss)
115 silly packumentCache full:https://registry.npmjs.org/ajv set size:undefined disposed:false
116 silly fetch manifest imurmurhash@^0.1.4
117 silly packumentCache full:https://registry.npmjs.org/imurmurhash cache-miss
118 http fetch GET 200 https://registry.npmjs.org/esutils 64ms (cache miss)
119 silly packumentCache full:https://registry.npmjs.org/esutils set size:undefined disposed:false
120 silly fetch manifest @eslint/core@^0.17.0
121 silly packumentCache full:https://registry.npmjs.org/@eslint%2fcore cache-miss
122 http fetch GET 200 https://registry.npmjs.org/find-up 68ms (cache miss)
123 silly packumentCache full:https://registry.npmjs.org/find-up set size:undefined disposed:false
124 silly fetch manifest eslint-scope@^8.4.0
125 silly packumentCache full:https://registry.npmjs.org/eslint-scope cache-miss
126 http fetch GET 200 https://registry.npmjs.org/is-glob 74ms (cache miss)
127 silly packumentCache full:https://registry.npmjs.org/is-glob set size:undefined disposed:false
128 silly fetch manifest lodash.merge@^4.6.2
129 silly packumentCache full:https://registry.npmjs.org/lodash.merge cache-miss
130 http fetch GET 200 https://registry.npmjs.org/ignore 76ms (cache miss)
131 silly packumentCache full:https://registry.npmjs.org/ignore set size:undefined disposed:false
132 silly fetch manifest @humanfs/node@^0.16.6
133 silly packumentCache full:https://registry.npmjs.org/@humanfs%2fnode cache-miss
134 http fetch GET 200 https://registry.npmjs.org/chalk 83ms (cache miss)
135 silly packumentCache full:https://registry.npmjs.org/chalk set size:undefined disposed:false
136 silly fetch manifest @types/estree@^1.0.6
137 silly packumentCache full:https://registry.npmjs.org/@types%2festree cache-miss
138 http fetch GET 200 https://registry.npmjs.org/debug 86ms (cache miss)
139 silly packumentCache full:https://registry.npmjs.org/debug set size:undefined disposed:false
140 silly fetch manifest fast-deep-equal@^3.1.3
141 silly packumentCache full:https://registry.npmjs.org/fast-deep-equal cache-miss
142 http fetch GET 200 https://registry.npmjs.org/optionator 95ms (cache miss)
143 silly packumentCache full:https://registry.npmjs.org/optionator set size:undefined disposed:false
144 silly fetch manifest natural-compare@^1.4.0
145 silly packumentCache full:https://registry.npmjs.org/natural-compare cache-miss
146 http fetch GET 200 https://registry.npmjs.org/csstype 98ms (cache miss)
147 silly packumentCache full:https://registry.npmjs.org/csstype set size:undefined disposed:false
148 silly fetch manifest @eslint/eslintrc@^3.3.1
149 silly packumentCache full:https://registry.npmjs.org/@eslint%2feslintrc cache-miss
150 http fetch GET 200 https://registry.npmjs.org/cross-spawn 100ms (cache miss)
151 silly packumentCache full:https://registry.npmjs.org/cross-spawn set size:undefined disposed:false
152 silly fetch manifest file-entry-cache@^8.0.0
153 silly packumentCache full:https://registry.npmjs.org/file-entry-cache cache-miss
154 http fetch GET 200 https://registry.npmjs.org/glob-parent 58ms (cache miss)
155 silly packumentCache full:https://registry.npmjs.org/glob-parent set size:undefined disposed:false
156 silly fetch manifest @eslint/plugin-kit@^0.4.1
157 silly packumentCache full:https://registry.npmjs.org/@eslint%2fplugin-kit cache-miss
158 http fetch GET 200 https://registry.npmjs.org/esquery 108ms (cache miss)
159 silly packumentCache full:https://registry.npmjs.org/esquery set size:undefined disposed:false
160 silly fetch manifest eslint-visitor-keys@^4.2.1
161 silly packumentCache full:https://registry.npmjs.org/eslint-visitor-keys cache-miss
162 http fetch GET 200 https://registry.npmjs.org/imurmurhash 52ms (cache miss)
163 silly packumentCache full:https://registry.npmjs.org/imurmurhash set size:undefined disposed:false
164 silly fetch manifest @eslint/config-array@^0.21.1
165 silly packumentCache full:https://registry.npmjs.org/@eslint%2fconfig-array cache-miss
166 http fetch GET 200 https://registry.npmjs.org/espree 111ms (cache miss)
167 silly packumentCache full:https://registry.npmjs.org/espree set size:undefined disposed:false
168 silly fetch manifest @humanwhocodes/retry@^0.4.2
169 silly packumentCache full:https://registry.npmjs.org/@humanwhocodes%2fretry cache-miss
170 http fetch GET 200 https://registry.npmjs.org/minimatch 113ms (cache miss)
171 silly packumentCache full:https://registry.npmjs.org/minimatch set size:undefined disposed:false
172 silly fetch manifest escape-string-regexp@^4.0.0
173 silly packumentCache full:https://registry.npmjs.org/escape-string-regexp cache-miss
174 http fetch GET 200 https://registry.npmjs.org/@eslint%2fjs 117ms (cache miss)
175 silly packumentCache full:https://registry.npmjs.org/@eslint%2fjs set size:undefined disposed:false
176 silly fetch manifest @eslint/config-helpers@^0.4.2
177 silly packumentCache full:https://registry.npmjs.org/@eslint%2fconfig-helpers cache-miss
178 http fetch GET 200 https://registry.npmjs.org/@eslint%2fcore 62ms (cache miss)
179 silly packumentCache full:https://registry.npmjs.org/@eslint%2fcore set size:undefined disposed:false
180 silly fetch manifest @eslint-community/regexpp@^4.12.1
181 silly packumentCache full:https://registry.npmjs.org/@eslint-community%2fregexpp cache-miss
182 http fetch GET 200 https://registry.npmjs.org/natural-compare 37ms (cache miss)
183 silly packumentCache full:https://registry.npmjs.org/natural-compare set size:undefined disposed:false
184 silly fetch manifest @eslint-community/eslint-utils@^4.8.0
185 silly packumentCache full:https://registry.npmjs.org/@eslint-community%2feslint-utils cache-miss
186 http fetch GET 200 https://registry.npmjs.org/fast-deep-equal 54ms (cache miss)
187 silly packumentCache full:https://registry.npmjs.org/fast-deep-equal set size:undefined disposed:false
188 silly fetch manifest @humanwhocodes/module-importer@^1.0.1
189 silly packumentCache full:https://registry.npmjs.org/@humanwhocodes%2fmodule-importer cache-miss
190 http fetch GET 200 https://registry.npmjs.org/lodash.merge 68ms (cache miss)
191 silly packumentCache full:https://registry.npmjs.org/lodash.merge set size:undefined disposed:false
192 silly fetch manifest json-stable-stringify-without-jsonify@^1.0.1
193 silly packumentCache full:https://registry.npmjs.org/json-stable-stringify-without-jsonify cache-miss
194 http fetch GET 200 https://registry.npmjs.org/eslint-scope 85ms (cache miss)
195 silly packumentCache full:https://registry.npmjs.org/eslint-scope set size:undefined disposed:false
196 silly fetch manifest globals@16.4.0
197 silly packumentCache full:https://registry.npmjs.org/globals cache-miss
198 http fetch GET 200 https://registry.npmjs.org/@humanfs%2fnode 91ms (cache miss)
199 silly packumentCache full:https://registry.npmjs.org/@humanfs%2fnode set size:undefined disposed:false
200 silly fetch manifest typescript-eslint@^8.46.0
201 silly packumentCache full:https://registry.npmjs.org/typescript-eslint cache-miss
202 http fetch GET 200 https://registry.npmjs.org/eslint-visitor-keys 64ms (cache miss)
203 silly packumentCache full:https://registry.npmjs.org/eslint-visitor-keys set size:undefined disposed:false
204 silly fetch manifest eslint-plugin-react@^7.37.0
205 silly packumentCache full:https://registry.npmjs.org/eslint-plugin-react cache-miss
206 http fetch GET 200 https://registry.npmjs.org/@types%2festree 92ms (cache miss)
207 silly packumentCache full:https://registry.npmjs.org/@types%2festree set size:undefined disposed:false
208 silly fetch manifest eslint-plugin-import@^2.32.0
209 silly packumentCache full:https://registry.npmjs.org/eslint-plugin-import cache-miss
210 http fetch GET 200 https://registry.npmjs.org/escape-string-regexp 61ms (cache miss)
211 silly packumentCache full:https://registry.npmjs.org/escape-string-regexp set size:undefined disposed:false
212 silly fetch manifest eslint-plugin-jsx-a11y@^6.10.0
213 silly packumentCache full:https://registry.npmjs.org/eslint-plugin-jsx-a11y cache-miss
214 http fetch GET 200 https://registry.npmjs.org/file-entry-cache 78ms (cache miss)
215 silly packumentCache full:https://registry.npmjs.org/file-entry-cache set size:undefined disposed:false
216 silly fetch manifest @next/eslint-plugin-next@16.1.6
217 silly packumentCache full:https://registry.npmjs.org/@next%2feslint-plugin-next cache-miss
218 http fetch GET 200 https://registry.npmjs.org/@humanwhocodes%2fretry 70ms (cache miss)
219 silly packumentCache full:https://registry.npmjs.org/@humanwhocodes%2fretry set size:undefined disposed:false
220 silly fetch manifest eslint-plugin-react-hooks@^7.0.0
221 silly packumentCache full:https://registry.npmjs.org/eslint-plugin-react-hooks cache-miss
222 http fetch GET 200 https://registry.npmjs.org/@eslint%2feslintrc 87ms (cache miss)
223 silly packumentCache full:https://registry.npmjs.org/@eslint%2feslintrc set size:undefined disposed:false
224 silly fetch manifest eslint-import-resolver-node@^0.3.6
225 silly packumentCache full:https://registry.npmjs.org/eslint-import-resolver-node cache-miss
226 http fetch GET 200 https://registry.npmjs.org/@eslint%2fconfig-helpers 69ms (cache miss)
227 silly packumentCache full:https://registry.npmjs.org/@eslint%2fconfig-helpers set size:undefined disposed:false
228 silly fetch manifest eslint-import-resolver-typescript@^3.5.2
229 silly packumentCache full:https://registry.npmjs.org/eslint-import-resolver-typescript cache-miss
230 http fetch GET 200 https://registry.npmjs.org/@eslint%2fconfig-array 80ms (cache miss)
231 silly packumentCache full:https://registry.npmjs.org/@eslint%2fconfig-array set size:undefined disposed:false
232 silly fetch manifest postcss@8.4.31
233 silly packumentCache full:https://registry.npmjs.org/postcss cache-miss
234 http fetch GET 200 https://registry.npmjs.org/@eslint%2fplugin-kit 84ms (cache miss)
235 silly packumentCache full:https://registry.npmjs.org/@eslint%2fplugin-kit set size:undefined disposed:false
236 silly fetch manifest @next/env@16.1.6
237 silly packumentCache full:https://registry.npmjs.org/@next%2fenv cache-miss
238 http fetch GET 200 https://registry.npmjs.org/json-stable-stringify-without-jsonify 48ms (cache miss)
239 silly packumentCache full:https://registry.npmjs.org/json-stable-stringify-without-jsonify set size:undefined disposed:false
240 silly fetch manifest styled-jsx@5.1.6
241 silly packumentCache full:https://registry.npmjs.org/styled-jsx cache-miss
242 http fetch GET 200 https://registry.npmjs.org/@eslint-community%2fregexpp 68ms (cache miss)
243 silly packumentCache full:https://registry.npmjs.org/@eslint-community%2fregexpp set size:undefined disposed:false
244 silly fetch manifest @swc/helpers@0.5.15
245 silly packumentCache full:https://registry.npmjs.org/@swc%2fhelpers cache-miss
246 http fetch GET 200 https://registry.npmjs.org/@eslint-community%2feslint-utils 73ms (cache miss)
247 silly packumentCache full:https://registry.npmjs.org/@eslint-community%2feslint-utils set size:undefined disposed:false
248 silly fetch manifest caniuse-lite@^1.0.30001579
249 silly packumentCache full:https://registry.npmjs.org/caniuse-lite cache-miss
250 http fetch GET 200 https://registry.npmjs.org/@humanwhocodes%2fmodule-importer 69ms (cache miss)
251 silly packumentCache full:https://registry.npmjs.org/@humanwhocodes%2fmodule-importer set size:undefined disposed:false
252 silly fetch manifest baseline-browser-mapping@^2.8.3
253 silly packumentCache full:https://registry.npmjs.org/baseline-browser-mapping cache-miss
254 http fetch GET 200 https://registry.npmjs.org/globals 60ms (cache miss)
255 silly packumentCache full:https://registry.npmjs.org/globals set size:undefined disposed:false
256 silly fetch manifest sharp@^0.34.4
257 silly packumentCache full:https://registry.npmjs.org/sharp cache-miss
258 http fetch GET 200 https://registry.npmjs.org/eslint-plugin-import 50ms (cache miss)
259 silly packumentCache full:https://registry.npmjs.org/eslint-plugin-import set size:undefined disposed:false
260 silly fetch manifest @next/swc-darwin-x64@16.1.6
261 silly packumentCache full:https://registry.npmjs.org/@next%2fswc-darwin-x64 cache-miss
262 http fetch GET 200 https://registry.npmjs.org/eslint-plugin-jsx-a11y 56ms (cache miss)
263 silly packumentCache full:https://registry.npmjs.org/eslint-plugin-jsx-a11y set size:undefined disposed:false
264 silly fetch manifest @next/swc-darwin-arm64@16.1.6
265 silly packumentCache full:https://registry.npmjs.org/@next%2fswc-darwin-arm64 cache-miss
266 http fetch GET 200 https://registry.npmjs.org/eslint-plugin-react 67ms (cache miss)
267 silly packumentCache full:https://registry.npmjs.org/eslint-plugin-react set size:undefined disposed:false
268 silly fetch manifest @next/swc-linux-x64-gnu@16.1.6
269 silly packumentCache full:https://registry.npmjs.org/@next%2fswc-linux-x64-gnu cache-miss
270 http fetch GET 200 https://registry.npmjs.org/eslint-import-resolver-node 76ms (cache miss)
271 silly packumentCache full:https://registry.npmjs.org/eslint-import-resolver-node set size:undefined disposed:false
272 silly fetch manifest @next/swc-linux-x64-musl@16.1.6
273 silly packumentCache full:https://registry.npmjs.org/@next%2fswc-linux-x64-musl cache-miss
274 http fetch GET 200 https://registry.npmjs.org/eslint-import-resolver-typescript 81ms (cache miss)
275 silly packumentCache full:https://registry.npmjs.org/eslint-import-resolver-typescript set size:undefined disposed:false
276 silly fetch manifest @next/swc-win32-x64-msvc@16.1.6
277 silly packumentCache full:https://registry.npmjs.org/@next%2fswc-win32-x64-msvc cache-miss
278 http fetch GET 200 https://registry.npmjs.org/styled-jsx 121ms (cache miss)
279 silly packumentCache full:https://registry.npmjs.org/styled-jsx set size:undefined disposed:false
280 silly fetch manifest @next/swc-linux-arm64-gnu@16.1.6
281 silly packumentCache full:https://registry.npmjs.org/@next%2fswc-linux-arm64-gnu cache-miss
282 http fetch GET 200 https://registry.npmjs.org/@swc%2fhelpers 126ms (cache miss)
283 silly packumentCache full:https://registry.npmjs.org/@swc%2fhelpers set size:undefined disposed:false
284 silly fetch manifest @next/swc-linux-arm64-musl@16.1.6
285 silly packumentCache full:https://registry.npmjs.org/@next%2fswc-linux-arm64-musl cache-miss
286 http fetch GET 200 https://registry.npmjs.org/baseline-browser-mapping 121ms (cache miss)
287 silly packumentCache full:https://registry.npmjs.org/baseline-browser-mapping set size:undefined disposed:false
288 silly fetch manifest @next/swc-win32-arm64-msvc@16.1.6
289 silly packumentCache full:https://registry.npmjs.org/@next%2fswc-win32-arm64-msvc cache-miss
290 http fetch GET 200 https://registry.npmjs.org/typescript-eslint 169ms (cache miss)
291 silly packumentCache full:https://registry.npmjs.org/typescript-eslint set size:undefined disposed:false
292 silly fetch manifest scheduler@^0.27.0
293 silly packumentCache full:https://registry.npmjs.org/scheduler cache-miss
294 http fetch GET 200 https://registry.npmjs.org/postcss 164ms (cache miss)
295 silly packumentCache full:https://registry.npmjs.org/postcss set size:undefined disposed:false
296 http fetch GET 200 https://registry.npmjs.org/sharp 156ms (cache miss)
297 silly packumentCache full:https://registry.npmjs.org/sharp set size:undefined disposed:false
298 http fetch GET 200 https://registry.npmjs.org/eslint-plugin-react-hooks 227ms (cache miss)
299 silly packumentCache full:https://registry.npmjs.org/eslint-plugin-react-hooks set size:undefined disposed:false
300 http fetch GET 200 https://registry.npmjs.org/@next%2fswc-win32-x64-msvc 337ms (cache miss)
301 silly packumentCache full:https://registry.npmjs.org/@next%2fswc-win32-x64-msvc set size:undefined disposed:false
302 http fetch GET 200 https://registry.npmjs.org/caniuse-lite 461ms (cache miss)
303 silly packumentCache full:https://registry.npmjs.org/caniuse-lite set size:undefined disposed:false
304 http fetch GET 200 https://registry.npmjs.org/@next%2fswc-darwin-x64 512ms (cache miss)
305 silly packumentCache full:https://registry.npmjs.org/@next%2fswc-darwin-x64 set size:undefined disposed:false
306 http fetch GET 200 https://registry.npmjs.org/@next%2fswc-linux-arm64-gnu 456ms (cache miss)
307 silly packumentCache full:https://registry.npmjs.org/@next%2fswc-linux-arm64-gnu set size:undefined disposed:false
308 http fetch GET 200 https://registry.npmjs.org/@next%2feslint-plugin-next 679ms (cache miss)
309 silly packumentCache full:https://registry.npmjs.org/@next%2feslint-plugin-next set size:undefined disposed:false
310 http fetch GET 200 https://registry.npmjs.org/@next%2fenv 697ms (cache miss)
311 silly packumentCache full:https://registry.npmjs.org/@next%2fenv set size:undefined disposed:false
312 http fetch GET 200 https://registry.npmjs.org/@next%2fswc-linux-x64-gnu 684ms (cache miss)
313 silly packumentCache full:https://registry.npmjs.org/@next%2fswc-linux-x64-gnu set size:undefined disposed:false
314 http fetch GET 200 https://registry.npmjs.org/@next%2fswc-linux-x64-musl 694ms (cache miss)
315 silly packumentCache full:https://registry.npmjs.org/@next%2fswc-linux-x64-musl set size:undefined disposed:false
316 http fetch GET 200 https://registry.npmjs.org/@next%2fswc-win32-arm64-msvc 656ms (cache miss)
317 silly packumentCache full:https://registry.npmjs.org/@next%2fswc-win32-arm64-msvc set size:undefined disposed:false
318 http fetch GET 200 https://registry.npmjs.org/@next%2fswc-linux-arm64-musl 723ms (cache miss)
319 silly packumentCache full:https://registry.npmjs.org/@next%2fswc-linux-arm64-musl set size:undefined disposed:false
320 http fetch GET 200 https://registry.npmjs.org/scheduler 746ms (cache miss)
321 silly packumentCache full:https://registry.npmjs.org/scheduler set size:undefined disposed:false
322 http fetch GET 200 https://registry.npmjs.org/@next%2fswc-darwin-arm64 912ms (cache miss)
323 silly packumentCache full:https://registry.npmjs.org/@next%2fswc-darwin-arm64 set size:undefined disposed:false
324 silly placeDep ROOT undici-types@6.21.0 OK for: @types/node@20.19.34 want: ~6.21.0
325 silly placeDep ROOT csstype@3.2.3 OK for: @types/react@19.2.14 want: ^3.2.2
326 silly fetch manifest eslint@^6.0.0 || ^7.0.0 || >=8.0.0
327 silly packumentCache full:https://registry.npmjs.org/eslint cache-miss
328 http cache https://registry.npmjs.org/eslint 11ms (cache hit)
329 silly packumentCache full:https://registry.npmjs.org/eslint set size:1949507 disposed:false
330 silly placeDep ROOT @eslint-community/eslint-utils@4.9.1 OK for: eslint@9.39.3 want: ^4.8.0
331 silly placeDep ROOT @eslint-community/regexpp@4.12.2 OK for: eslint@9.39.3 want: ^4.12.1
332 silly placeDep ROOT @eslint/config-array@0.21.1 OK for: eslint@9.39.3 want: ^0.21.1
333 silly placeDep ROOT @eslint/config-helpers@0.4.2 OK for: eslint@9.39.3 want: ^0.4.2
334 silly placeDep ROOT @eslint/core@0.17.0 OK for: eslint@9.39.3 want: ^0.17.0
335 silly placeDep ROOT @eslint/eslintrc@3.3.4 OK for: eslint@9.39.3 want: ^3.3.1
336 silly placeDep ROOT @eslint/js@9.39.3 OK for: eslint@9.39.3 want: 9.39.3
337 silly placeDep ROOT @eslint/plugin-kit@0.4.1 OK for: eslint@9.39.3 want: ^0.4.1
338 silly placeDep ROOT @humanfs/node@0.16.7 OK for: eslint@9.39.3 want: ^0.16.6
339 silly placeDep ROOT @humanwhocodes/module-importer@1.0.1 OK for: eslint@9.39.3 want: ^1.0.1
340 silly placeDep ROOT @humanwhocodes/retry@0.4.3 OK for: eslint@9.39.3 want: ^0.4.2
341 silly placeDep ROOT @types/estree@1.0.8 OK for: eslint@9.39.3 want: ^1.0.6
342 silly placeDep ROOT ajv@6.14.0 OK for: eslint@9.39.3 want: ^6.12.4
343 silly placeDep ROOT chalk@4.1.2 OK for: eslint@9.39.3 want: ^4.0.0
344 silly placeDep ROOT cross-spawn@7.0.6 OK for: eslint@9.39.3 want: ^7.0.6
345 silly placeDep ROOT debug@4.4.3 OK for: eslint@9.39.3 want: ^4.3.2
346 silly placeDep ROOT escape-string-regexp@4.0.0 OK for: eslint@9.39.3 want: ^4.0.0
347 silly placeDep ROOT eslint-scope@8.4.0 OK for: eslint@9.39.3 want: ^8.4.0
348 silly placeDep ROOT eslint-visitor-keys@4.2.1 OK for: eslint@9.39.3 want: ^4.2.1
349 silly placeDep ROOT espree@10.4.0 OK for: eslint@9.39.3 want: ^10.4.0
350 silly placeDep ROOT esquery@1.7.0 OK for: eslint@9.39.3 want: ^1.5.0
351 silly placeDep ROOT esutils@2.0.3 OK for: eslint@9.39.3 want: ^2.0.2
352 silly placeDep ROOT fast-deep-equal@3.1.3 OK for: eslint@9.39.3 want: ^3.1.3
353 silly placeDep ROOT file-entry-cache@8.0.0 OK for: eslint@9.39.3 want: ^8.0.0
354 silly placeDep ROOT find-up@5.0.0 OK for: eslint@9.39.3 want: ^5.0.0
355 silly placeDep ROOT glob-parent@6.0.2 OK for: eslint@9.39.3 want: ^6.0.2
356 silly placeDep ROOT ignore@5.3.2 OK for: eslint@9.39.3 want: ^5.2.0
357 silly placeDep ROOT imurmurhash@0.1.4 OK for: eslint@9.39.3 want: ^0.1.4
358 silly placeDep ROOT is-glob@4.0.3 OK for: eslint@9.39.3 want: ^4.0.0
359 silly placeDep ROOT json-stable-stringify-without-jsonify@1.0.1 OK for: eslint@9.39.3 want: ^1.0.1
360 silly placeDep ROOT lodash.merge@4.6.2 OK for: eslint@9.39.3 want: ^4.6.2
361 silly placeDep ROOT minimatch@3.1.5 OK for: eslint@9.39.3 want: ^3.1.2
362 silly placeDep ROOT natural-compare@1.4.0 OK for: eslint@9.39.3 want: ^1.4.0
363 silly placeDep ROOT optionator@0.9.4 OK for: eslint@9.39.3 want: ^0.9.3
364 silly fetch manifest eslint-visitor-keys@^3.4.3
365 silly packumentCache full:https://registry.npmjs.org/eslint-visitor-keys cache-miss
366 silly fetch manifest debug@^4.3.1
367 silly packumentCache full:https://registry.npmjs.org/debug cache-miss
368 silly fetch manifest @eslint/object-schema@^2.1.7
369 silly packumentCache full:https://registry.npmjs.org/@eslint%2fobject-schema cache-miss
370 silly fetch manifest @types/json-schema@^7.0.15
371 silly packumentCache full:https://registry.npmjs.org/@types%2fjson-schema cache-miss
372 silly fetch manifest ajv@^6.14.0
373 silly packumentCache full:https://registry.npmjs.org/ajv cache-miss
374 silly fetch manifest espree@^10.0.1
375 silly packumentCache full:https://registry.npmjs.org/espree cache-miss
376 silly fetch manifest globals@^14.0.0
377 silly packumentCache full:https://registry.npmjs.org/globals cache-miss
378 silly fetch manifest import-fresh@^3.2.1
379 silly packumentCache full:https://registry.npmjs.org/import-fresh cache-miss
380 silly fetch manifest js-yaml@^4.1.1
381 silly packumentCache full:https://registry.npmjs.org/js-yaml cache-miss
382 silly fetch manifest minimatch@^3.1.3
383 silly packumentCache full:https://registry.npmjs.org/minimatch cache-miss
384 silly fetch manifest strip-json-comments@^3.1.1
385 silly packumentCache full:https://registry.npmjs.org/strip-json-comments cache-miss
386 silly fetch manifest levn@^0.4.1
387 silly packumentCache full:https://registry.npmjs.org/levn cache-miss
388 silly fetch manifest @humanwhocodes/retry@^0.4.0
389 silly packumentCache full:https://registry.npmjs.org/@humanwhocodes%2fretry cache-miss
390 silly fetch manifest @humanfs/core@^0.19.1
391 silly packumentCache full:https://registry.npmjs.org/@humanfs%2fcore cache-miss
392 silly fetch manifest fast-deep-equal@^3.1.1
393 silly packumentCache full:https://registry.npmjs.org/fast-deep-equal cache-miss
394 http cache https://registry.npmjs.org/eslint-visitor-keys 15ms (cache hit)
395 silly packumentCache full:https://registry.npmjs.org/eslint-visitor-keys set size:69949 disposed:false
396 silly fetch manifest fast-json-stable-stringify@^2.0.0
397 silly packumentCache full:https://registry.npmjs.org/fast-json-stable-stringify cache-miss
398 http cache https://registry.npmjs.org/ajv 18ms (cache hit)
399 silly packumentCache full:https://registry.npmjs.org/ajv set size:1120197 disposed:false
400 silly fetch manifest json-schema-traverse@^0.4.1
401 silly packumentCache full:https://registry.npmjs.org/json-schema-traverse cache-miss
402 http cache https://registry.npmjs.org/minimatch 24ms (cache hit)
403 silly packumentCache full:https://registry.npmjs.org/minimatch set size:349761 disposed:false
404 silly fetch manifest uri-js@^4.2.2
405 silly packumentCache full:https://registry.npmjs.org/uri-js cache-miss
406 http cache https://registry.npmjs.org/debug 30ms (cache hit)
407 silly packumentCache full:https://registry.npmjs.org/debug set size:195840 disposed:false
408 silly fetch manifest ansi-styles@^4.1.0
409 silly packumentCache full:https://registry.npmjs.org/ansi-styles cache-miss
410 http cache https://registry.npmjs.org/@humanwhocodes%2fretry 32ms (cache hit)
411 silly packumentCache full:https://registry.npmjs.org/@humanwhocodes%2fretry set size:42348 disposed:false
412 silly fetch manifest supports-color@^7.1.0
413 silly packumentCache full:https://registry.npmjs.org/supports-color cache-miss
414 http cache https://registry.npmjs.org/espree 36ms (cache hit)
415 silly packumentCache full:https://registry.npmjs.org/espree set size:323320 disposed:false
416 silly fetch manifest which@^2.0.1
417 silly packumentCache full:https://registry.npmjs.org/which cache-miss
418 http cache https://registry.npmjs.org/globals 45ms (cache hit)
419 silly packumentCache full:https://registry.npmjs.org/globals set size:304921 disposed:false
420 silly fetch manifest path-key@^3.1.0
421 silly packumentCache full:https://registry.npmjs.org/path-key cache-miss
422 http cache https://registry.npmjs.org/fast-deep-equal 47ms (cache hit)
423 silly packumentCache full:https://registry.npmjs.org/fast-deep-equal set size:48634 disposed:false
424 silly fetch manifest shebang-command@^2.0.0
425 silly packumentCache full:https://registry.npmjs.org/shebang-command cache-miss
426 http fetch GET 200 https://registry.npmjs.org/@humanfs%2fcore 64ms (cache miss)
427 silly packumentCache full:https://registry.npmjs.org/@humanfs%2fcore set size:undefined disposed:false
428 silly fetch manifest ms@^2.1.3
429 silly packumentCache full:https://registry.npmjs.org/ms cache-miss
430 http fetch GET 200 https://registry.npmjs.org/import-fresh 69ms (cache miss)
431 silly packumentCache full:https://registry.npmjs.org/import-fresh set size:undefined disposed:false
432 silly fetch manifest esrecurse@^4.3.0
433 silly packumentCache full:https://registry.npmjs.org/esrecurse cache-miss
434 http fetch GET 200 https://registry.npmjs.org/strip-json-comments 69ms (cache miss)
435 silly packumentCache full:https://registry.npmjs.org/strip-json-comments set size:undefined disposed:false
436 silly fetch manifest estraverse@^5.2.0
437 silly packumentCache full:https://registry.npmjs.org/estraverse cache-miss
438 http fetch GET 200 https://registry.npmjs.org/json-schema-traverse 48ms (cache miss)
439 silly packumentCache full:https://registry.npmjs.org/json-schema-traverse set size:undefined disposed:false
440 silly fetch manifest acorn@^8.15.0
441 silly packumentCache full:https://registry.npmjs.org/acorn cache-miss
442 http fetch GET 200 https://registry.npmjs.org/@eslint%2fobject-schema 73ms (cache miss)
443 silly packumentCache full:https://registry.npmjs.org/@eslint%2fobject-schema set size:undefined disposed:false
444 silly fetch manifest acorn-jsx@^5.3.2
445 silly packumentCache full:https://registry.npmjs.org/acorn-jsx cache-miss
446 http fetch GET 200 https://registry.npmjs.org/levn 72ms (cache miss)
447 silly packumentCache full:https://registry.npmjs.org/levn set size:undefined disposed:false
448 silly fetch manifest estraverse@^5.1.0
449 silly packumentCache full:https://registry.npmjs.org/estraverse cache-miss
450 http fetch GET 200 https://registry.npmjs.org/fast-json-stable-stringify 58ms (cache miss)
451 silly packumentCache full:https://registry.npmjs.org/fast-json-stable-stringify set size:undefined disposed:false
452 silly fetch manifest flat-cache@^4.0.0
453 silly packumentCache full:https://registry.npmjs.org/flat-cache cache-miss
454 http fetch GET 200 https://registry.npmjs.org/js-yaml 77ms (cache miss)
455 silly packumentCache full:https://registry.npmjs.org/js-yaml set size:undefined disposed:false
456 silly fetch manifest locate-path@^6.0.0
457 silly packumentCache full:https://registry.npmjs.org/locate-path cache-miss
458 http fetch GET 200 https://registry.npmjs.org/ansi-styles 50ms (cache miss)
459 silly packumentCache full:https://registry.npmjs.org/ansi-styles set size:undefined disposed:false
460 silly fetch manifest path-exists@^4.0.0
461 silly packumentCache full:https://registry.npmjs.org/path-exists cache-miss
462 http fetch GET 200 https://registry.npmjs.org/uri-js 59ms (cache miss)
463 silly packumentCache full:https://registry.npmjs.org/uri-js set size:undefined disposed:false
464 silly fetch manifest is-glob@^4.0.3
465 silly packumentCache full:https://registry.npmjs.org/is-glob cache-miss
466 http fetch GET 200 https://registry.npmjs.org/which 47ms (cache miss)
467 silly packumentCache full:https://registry.npmjs.org/which set size:undefined disposed:false
468 silly fetch manifest is-extglob@^2.1.1
469 silly packumentCache full:https://registry.npmjs.org/is-extglob cache-miss
470 http fetch GET 200 https://registry.npmjs.org/shebang-command 41ms (cache miss)
471 silly packumentCache full:https://registry.npmjs.org/shebang-command set size:undefined disposed:false
472 silly fetch manifest brace-expansion@^1.1.7
473 silly packumentCache full:https://registry.npmjs.org/brace-expansion cache-miss
474 http fetch GET 200 https://registry.npmjs.org/path-key 46ms (cache miss)
475 silly packumentCache full:https://registry.npmjs.org/path-key set size:undefined disposed:false
476 silly fetch manifest prelude-ls@^1.2.1
477 silly packumentCache full:https://registry.npmjs.org/prelude-ls cache-miss
478 http fetch GET 200 https://registry.npmjs.org/supports-color 63ms (cache miss)
479 silly packumentCache full:https://registry.npmjs.org/supports-color set size:undefined disposed:false
480 silly fetch manifest deep-is@^0.1.3
481 silly packumentCache full:https://registry.npmjs.org/deep-is cache-miss
482 http cache https://registry.npmjs.org/is-glob 15ms (cache hit)
483 silly packumentCache full:https://registry.npmjs.org/is-glob set size:40530 disposed:false
484 silly fetch manifest word-wrap@^1.2.5
485 silly packumentCache full:https://registry.npmjs.org/word-wrap cache-miss
486 http fetch GET 200 https://registry.npmjs.org/esrecurse 33ms (cache miss)
487 silly packumentCache full:https://registry.npmjs.org/esrecurse set size:undefined disposed:false
488 silly fetch manifest type-check@^0.4.0
489 silly packumentCache full:https://registry.npmjs.org/type-check cache-miss
490 http fetch GET 200 https://registry.npmjs.org/estraverse 36ms (cache miss)
491 silly packumentCache full:https://registry.npmjs.org/estraverse set size:undefined disposed:false
492 silly fetch manifest fast-levenshtein@^2.0.6
493 silly packumentCache full:https://registry.npmjs.org/fast-levenshtein cache-miss
494 http fetch GET 200 https://registry.npmjs.org/ms 42ms (cache miss)
495 silly packumentCache full:https://registry.npmjs.org/ms set size:undefined disposed:false
496 http fetch GET 200 https://registry.npmjs.org/estraverse 38ms (cache miss)
497 silly packumentCache full:https://registry.npmjs.org/estraverse set size:undefined disposed:false
498 http fetch GET 200 https://registry.npmjs.org/flat-cache 41ms (cache miss)
499 silly packumentCache full:https://registry.npmjs.org/flat-cache set size:undefined disposed:false
500 http fetch GET 200 https://registry.npmjs.org/acorn 46ms (cache miss)
501 silly packumentCache full:https://registry.npmjs.org/acorn set size:undefined disposed:false
502 http fetch GET 200 https://registry.npmjs.org/acorn-jsx 48ms (cache miss)
503 silly packumentCache full:https://registry.npmjs.org/acorn-jsx set size:undefined disposed:false
504 http fetch GET 200 https://registry.npmjs.org/type-check 40ms (cache miss)
505 silly packumentCache full:https://registry.npmjs.org/type-check set size:undefined disposed:false
506 http fetch GET 200 https://registry.npmjs.org/locate-path 65ms (cache miss)
507 silly packumentCache full:https://registry.npmjs.org/locate-path set size:undefined disposed:false
508 http fetch GET 200 https://registry.npmjs.org/path-exists 63ms (cache miss)
509 silly packumentCache full:https://registry.npmjs.org/path-exists set size:undefined disposed:false
510 http fetch GET 200 https://registry.npmjs.org/is-extglob 57ms (cache miss)
511 silly packumentCache full:https://registry.npmjs.org/is-extglob set size:undefined disposed:false
512 http fetch GET 200 https://registry.npmjs.org/deep-is 49ms (cache miss)
513 silly packumentCache full:https://registry.npmjs.org/deep-is set size:undefined disposed:false
514 http fetch GET 200 https://registry.npmjs.org/word-wrap 47ms (cache miss)
515 silly packumentCache full:https://registry.npmjs.org/word-wrap set size:undefined disposed:false
516 http fetch GET 200 https://registry.npmjs.org/prelude-ls 58ms (cache miss)
517 silly packumentCache full:https://registry.npmjs.org/prelude-ls set size:undefined disposed:false
518 http fetch GET 200 https://registry.npmjs.org/brace-expansion 60ms (cache miss)
519 silly packumentCache full:https://registry.npmjs.org/brace-expansion set size:undefined disposed:false
520 http fetch GET 200 https://registry.npmjs.org/fast-levenshtein 53ms (cache miss)
521 silly packumentCache full:https://registry.npmjs.org/fast-levenshtein set size:undefined disposed:false
522 http fetch GET 200 https://registry.npmjs.org/@types%2fjson-schema 238ms (cache miss)
523 silly packumentCache full:https://registry.npmjs.org/@types%2fjson-schema set size:undefined disposed:false
524 silly placeDep node_modules/@eslint-community/eslint-utils eslint-visitor-keys@3.4.3 OK for: @eslint-community/eslint-utils@4.9.1 want: ^3.4.3
525 silly placeDep ROOT @eslint/object-schema@2.1.7 OK for: @eslint/config-array@0.21.1 want: ^2.1.7
526 silly placeDep ROOT @types/json-schema@7.0.15 OK for: @eslint/core@0.17.0 want: ^7.0.15
527 silly placeDep ROOT globals@14.0.0 OK for: @eslint/eslintrc@3.3.4 want: ^14.0.0
528 silly placeDep ROOT import-fresh@3.3.1 OK for: @eslint/eslintrc@3.3.4 want: ^3.2.1
529 silly placeDep ROOT js-yaml@4.1.1 OK for: @eslint/eslintrc@3.3.4 want: ^4.1.1
530 silly placeDep ROOT strip-json-comments@3.1.1 OK for: @eslint/eslintrc@3.3.4 want: ^3.1.1
531 silly fetch manifest resolve-from@^4.0.0
532 silly packumentCache full:https://registry.npmjs.org/resolve-from cache-miss
533 silly fetch manifest parent-module@^1.0.0
534 silly packumentCache full:https://registry.npmjs.org/parent-module cache-miss
535 silly fetch manifest argparse@^2.0.1
536 silly packumentCache full:https://registry.npmjs.org/argparse cache-miss
537 http fetch GET 200 https://registry.npmjs.org/argparse 29ms (cache miss)
538 silly packumentCache full:https://registry.npmjs.org/argparse set size:undefined disposed:false
539 http fetch GET 200 https://registry.npmjs.org/parent-module 31ms (cache miss)
540 silly packumentCache full:https://registry.npmjs.org/parent-module set size:undefined disposed:false
541 http fetch GET 200 https://registry.npmjs.org/resolve-from 38ms (cache miss)
542 silly packumentCache full:https://registry.npmjs.org/resolve-from set size:undefined disposed:false
543 silly placeDep ROOT levn@0.4.1 OK for: @eslint/plugin-kit@0.4.1 want: ^0.4.1
544 silly fetch manifest type-check@~0.4.0
545 silly packumentCache full:https://registry.npmjs.org/type-check cache-miss
546 http cache https://registry.npmjs.org/type-check 5ms (cache hit)
547 silly packumentCache full:https://registry.npmjs.org/type-check set size:21221 disposed:false
548 silly placeDep ROOT @humanfs/core@0.19.1 OK for: @humanfs/node@0.16.7 want: ^0.19.1
549 silly placeDep ROOT fast-json-stable-stringify@2.1.0 OK for: ajv@6.14.0 want: ^2.0.0
550 silly placeDep ROOT json-schema-traverse@0.4.1 OK for: ajv@6.14.0 want: ^0.4.1
551 silly placeDep ROOT uri-js@4.4.1 OK for: ajv@6.14.0 want: ^4.2.2
552 silly fetch manifest punycode@^2.1.0
553 silly packumentCache full:https://registry.npmjs.org/punycode cache-miss
554 http fetch GET 200 https://registry.npmjs.org/punycode 56ms (cache miss)
555 silly packumentCache full:https://registry.npmjs.org/punycode set size:undefined disposed:false
556 silly placeDep ROOT ansi-styles@4.3.0 OK for: chalk@4.1.2 want: ^4.1.0
557 silly placeDep ROOT supports-color@7.2.0 OK for: chalk@4.1.2 want: ^7.1.0
558 silly fetch manifest color-convert@^2.0.1
559 silly packumentCache full:https://registry.npmjs.org/color-convert cache-miss
560 silly fetch manifest has-flag@^4.0.0
561 silly packumentCache full:https://registry.npmjs.org/has-flag cache-miss
562 http fetch GET 200 https://registry.npmjs.org/color-convert 38ms (cache miss)
563 silly packumentCache full:https://registry.npmjs.org/color-convert set size:undefined disposed:false
564 http fetch GET 200 https://registry.npmjs.org/has-flag 39ms (cache miss)
565 silly packumentCache full:https://registry.npmjs.org/has-flag set size:undefined disposed:false
566 silly placeDep ROOT color-convert@2.0.1 OK for: ansi-styles@4.3.0 want: ^2.0.1
567 silly fetch manifest color-name@~1.1.4
568 silly packumentCache full:https://registry.npmjs.org/color-name cache-miss
569 http fetch GET 200 https://registry.npmjs.org/color-name 28ms (cache miss)
570 silly packumentCache full:https://registry.npmjs.org/color-name set size:undefined disposed:false
571 silly placeDep ROOT color-name@1.1.4 OK for: color-convert@2.0.1 want: ~1.1.4
572 silly placeDep ROOT path-key@3.1.1 OK for: cross-spawn@7.0.6 want: ^3.1.0
573 silly placeDep ROOT shebang-command@2.0.0 OK for: cross-spawn@7.0.6 want: ^2.0.0
574 silly placeDep ROOT which@2.0.2 OK for: cross-spawn@7.0.6 want: ^2.0.1
575 silly fetch manifest shebang-regex@^3.0.0
576 silly packumentCache full:https://registry.npmjs.org/shebang-regex cache-miss
577 silly fetch manifest isexe@^2.0.0
578 silly packumentCache full:https://registry.npmjs.org/isexe cache-miss
579 http fetch GET 200 https://registry.npmjs.org/shebang-regex 34ms (cache miss)
580 silly packumentCache full:https://registry.npmjs.org/shebang-regex set size:undefined disposed:false
581 http fetch GET 200 https://registry.npmjs.org/isexe 47ms (cache miss)
582 silly packumentCache full:https://registry.npmjs.org/isexe set size:undefined disposed:false
583 silly placeDep ROOT ms@2.1.3 OK for: debug@4.4.3 want: ^2.1.3
584 silly fetch manifest eslint@>=9.0.0
585 silly packumentCache full:https://registry.npmjs.org/eslint cache-miss
586 http cache https://registry.npmjs.org/eslint 9ms (cache hit)
587 silly packumentCache full:https://registry.npmjs.org/eslint set size:1949507 disposed:false
588 silly fetch manifest typescript@>=3.3.1
589 silly packumentCache full:https://registry.npmjs.org/typescript cache-miss
590 http cache https://registry.npmjs.org/typescript 34ms (cache hit)
591 silly packumentCache full:https://registry.npmjs.org/typescript set size:15287678 disposed:false
592 silly fetch manifest eslint@^3 || ^4 || ^5 || ^6 || ^7 || ^8 || ^9.7
593 silly packumentCache full:https://registry.npmjs.org/eslint cache-miss
594 http cache https://registry.npmjs.org/eslint 6ms (cache hit)
595 silly packumentCache full:https://registry.npmjs.org/eslint set size:1949507 disposed:false
596 silly fetch manifest eslint@^2 || ^3 || ^4 || ^5 || ^6 || ^7.2.0 || ^8 || ^9
597 silly packumentCache full:https://registry.npmjs.org/eslint cache-miss
598 http cache https://registry.npmjs.org/eslint 7ms (cache hit)
599 silly packumentCache full:https://registry.npmjs.org/eslint set size:1949507 disposed:false
600 silly fetch manifest eslint@^3 || ^4 || ^5 || ^6 || ^7 || ^8 || ^9
601 silly packumentCache full:https://registry.npmjs.org/eslint cache-miss
602 http cache https://registry.npmjs.org/eslint 7ms (cache hit)
603 silly packumentCache full:https://registry.npmjs.org/eslint set size:1949507 disposed:false
604 silly fetch manifest eslint@^3.0.0 || ^4.0.0 || ^5.0.0 || ^6.0.0 || ^7.0.0 || ^8.0.0-0 || ^9.0.0
605 silly packumentCache full:https://registry.npmjs.org/eslint cache-miss
606 http cache https://registry.npmjs.org/eslint 8ms (cache hit)
607 silly packumentCache full:https://registry.npmjs.org/eslint set size:1949507 disposed:false
608 silly fetch manifest eslint-plugin-import-x@*
609 silly packumentCache full:https://registry.npmjs.org/eslint-plugin-import-x cache-miss
610 http fetch GET 200 https://registry.npmjs.org/eslint-plugin-import-x 37ms (cache miss)
611 silly packumentCache full:https://registry.npmjs.org/eslint-plugin-import-x set size:undefined disposed:false
612 silly fetch manifest @typescript-eslint/utils@^8.0.0
613 silly packumentCache full:https://registry.npmjs.org/@typescript-eslint%2futils cache-miss
614 http fetch GET 200 https://registry.npmjs.org/@typescript-eslint%2futils 301ms (cache miss)
615 silly packumentCache full:https://registry.npmjs.org/@typescript-eslint%2futils set size:undefined disposed:false
616 silly placeDep ROOT @next/eslint-plugin-next@16.1.6 OK for: eslint-config-next@16.1.6 want: 16.1.6
617 silly placeDep ROOT eslint-import-resolver-node@0.3.9 OK for: eslint-config-next@16.1.6 want: ^0.3.6
618 silly placeDep ROOT eslint-import-resolver-typescript@3.10.1 OK for: eslint-config-next@16.1.6 want: ^3.5.2
619 silly placeDep ROOT eslint-plugin-import@2.32.0 OK for: eslint-config-next@16.1.6 want: ^2.32.0
620 silly placeDep ROOT eslint-plugin-jsx-a11y@6.10.2 OK for: eslint-config-next@16.1.6 want: ^6.10.0
621 silly placeDep ROOT eslint-plugin-react@7.37.5 OK for: eslint-config-next@16.1.6 want: ^7.37.0
622 silly placeDep ROOT eslint-plugin-react-hooks@7.0.1 OK for: eslint-config-next@16.1.6 want: ^7.0.0
623 silly placeDep node_modules/eslint-config-next globals@16.4.0 OK for: eslint-config-next@16.1.6 want: 16.4.0
624 silly placeDep ROOT typescript-eslint@8.56.1 OK for: eslint-config-next@16.1.6 want: ^8.46.0
625 silly fetch manifest fast-glob@3.3.1
626 silly packumentCache full:https://registry.npmjs.org/fast-glob cache-miss
627 silly fetch manifest debug@^3.2.7
628 silly packumentCache full:https://registry.npmjs.org/debug cache-hit
629 silly fetch manifest is-core-module@^2.13.0
630 silly packumentCache full:https://registry.npmjs.org/is-core-module cache-miss
631 silly fetch manifest resolve@^1.22.4
632 silly packumentCache full:https://registry.npmjs.org/resolve cache-miss
633 silly fetch manifest tinyglobby@^0.2.13
634 silly packumentCache full:https://registry.npmjs.org/tinyglobby cache-miss
635 silly fetch manifest stable-hash@^0.0.5
636 silly packumentCache full:https://registry.npmjs.org/stable-hash cache-miss
637 silly fetch manifest get-tsconfig@^4.10.0
638 silly packumentCache full:https://registry.npmjs.org/get-tsconfig cache-miss
639 silly fetch manifest is-bun-module@^2.0.0
640 silly packumentCache full:https://registry.npmjs.org/is-bun-module cache-miss
641 silly fetch manifest unrs-resolver@^1.6.2
642 silly packumentCache full:https://registry.npmjs.org/unrs-resolver cache-miss
643 silly fetch manifest @nolyfill/is-core-module@1.0.39
644 silly packumentCache full:https://registry.npmjs.org/@nolyfill%2fis-core-module cache-miss
645 silly fetch manifest @rtsao/scc@^1.1.0
646 silly packumentCache full:https://registry.npmjs.org/@rtsao%2fscc cache-miss
647 silly fetch manifest array-includes@^3.1.9
648 silly packumentCache full:https://registry.npmjs.org/array-includes cache-miss
649 silly fetch manifest array.prototype.findlastindex@^1.2.6
650 silly packumentCache full:https://registry.npmjs.org/array.prototype.findlastindex cache-miss
651 silly fetch manifest array.prototype.flat@^1.3.3
652 silly packumentCache full:https://registry.npmjs.org/array.prototype.flat cache-miss
653 silly fetch manifest array.prototype.flatmap@^1.3.3
654 silly packumentCache full:https://registry.npmjs.org/array.prototype.flatmap cache-miss
655 silly fetch manifest doctrine@^2.1.0
656 silly packumentCache full:https://registry.npmjs.org/doctrine cache-miss
657 http fetch GET 200 https://registry.npmjs.org/stable-hash 29ms (cache miss)
658 silly packumentCache full:https://registry.npmjs.org/stable-hash set size:undefined disposed:false
659 silly fetch manifest eslint-module-utils@^2.12.1
660 silly packumentCache full:https://registry.npmjs.org/eslint-module-utils cache-miss
661 http fetch GET 200 https://registry.npmjs.org/array.prototype.flatmap 36ms (cache miss)
662 silly packumentCache full:https://registry.npmjs.org/array.prototype.flatmap set size:undefined disposed:false
663 silly fetch manifest hasown@^2.0.2
664 silly packumentCache full:https://registry.npmjs.org/hasown cache-miss
665 http fetch GET 200 https://registry.npmjs.org/array.prototype.findlastindex 38ms (cache miss)
666 silly packumentCache full:https://registry.npmjs.org/array.prototype.findlastindex set size:undefined disposed:false
667 silly fetch manifest is-core-module@^2.16.1
668 silly packumentCache full:https://registry.npmjs.org/is-core-module cache-miss
669 http fetch GET 200 https://registry.npmjs.org/tinyglobby 43ms (cache miss)
670 silly packumentCache full:https://registry.npmjs.org/tinyglobby set size:undefined disposed:false
671 silly fetch manifest object.fromentries@^2.0.8
672 silly packumentCache full:https://registry.npmjs.org/object.fromentries cache-miss
673 http fetch GET 200 https://registry.npmjs.org/array.prototype.flat 46ms (cache miss)
674 silly packumentCache full:https://registry.npmjs.org/array.prototype.flat set size:undefined disposed:false
675 silly fetch manifest object.groupby@^1.0.3
676 silly packumentCache full:https://registry.npmjs.org/object.groupby cache-miss
677 http fetch GET 200 https://registry.npmjs.org/is-core-module 53ms (cache miss)
678 silly packumentCache full:https://registry.npmjs.org/is-core-module set size:undefined disposed:false
679 silly fetch manifest object.values@^1.2.1
680 silly packumentCache full:https://registry.npmjs.org/object.values cache-miss
681 http fetch GET 200 https://registry.npmjs.org/fast-glob 63ms (cache miss)
682 silly packumentCache full:https://registry.npmjs.org/fast-glob set size:undefined disposed:false
683 silly fetch manifest semver@^6.3.1
684 silly packumentCache full:https://registry.npmjs.org/semver cache-miss
685 http fetch GET 200 https://registry.npmjs.org/unrs-resolver 65ms (cache miss)
686 silly packumentCache full:https://registry.npmjs.org/unrs-resolver set size:undefined disposed:false
687 silly fetch manifest string.prototype.trimend@^1.0.9
688 silly packumentCache full:https://registry.npmjs.org/string.prototype.trimend cache-miss
689 http fetch GET 200 https://registry.npmjs.org/@nolyfill%2fis-core-module 67ms (cache miss)
690 silly packumentCache full:https://registry.npmjs.org/@nolyfill%2fis-core-module set size:undefined disposed:false
691 silly fetch manifest tsconfig-paths@^3.15.0
692 silly packumentCache full:https://registry.npmjs.org/tsconfig-paths cache-miss
693 http fetch GET 200 https://registry.npmjs.org/array-includes 70ms (cache miss)
694 silly packumentCache full:https://registry.npmjs.org/array-includes set size:undefined disposed:false
695 silly fetch manifest aria-query@^5.3.2
696 silly packumentCache full:https://registry.npmjs.org/aria-query cache-miss
697 http fetch GET 200 https://registry.npmjs.org/doctrine 70ms (cache miss)
698 silly packumentCache full:https://registry.npmjs.org/doctrine set size:undefined disposed:false
699 silly fetch manifest array-includes@^3.1.8
700 silly packumentCache full:https://registry.npmjs.org/array-includes cache-miss
701 http fetch GET 200 https://registry.npmjs.org/@rtsao%2fscc 76ms (cache miss)
702 silly packumentCache full:https://registry.npmjs.org/@rtsao%2fscc set size:undefined disposed:false
703 silly fetch manifest array.prototype.flatmap@^1.3.2
704 silly packumentCache full:https://registry.npmjs.org/array.prototype.flatmap cache-miss
705 http fetch GET 200 https://registry.npmjs.org/get-tsconfig 79ms (cache miss)
706 silly packumentCache full:https://registry.npmjs.org/get-tsconfig set size:undefined disposed:false
707 silly fetch manifest ast-types-flow@^0.0.8
708 silly packumentCache full:https://registry.npmjs.org/ast-types-flow cache-miss
709 http fetch GET 200 https://registry.npmjs.org/resolve 83ms (cache miss)
710 silly packumentCache full:https://registry.npmjs.org/resolve set size:undefined disposed:false
711 silly fetch manifest axe-core@^4.10.0
712 silly packumentCache full:https://registry.npmjs.org/axe-core cache-miss
713 http fetch GET 200 https://registry.npmjs.org/is-core-module 47ms (cache miss)
714 silly packumentCache full:https://registry.npmjs.org/is-core-module set size:undefined disposed:false
715 silly fetch manifest axobject-query@^4.1.0
716 silly packumentCache full:https://registry.npmjs.org/axobject-query cache-miss
717 http fetch GET 200 https://registry.npmjs.org/hasown 50ms (cache miss)
718 silly packumentCache full:https://registry.npmjs.org/hasown set size:undefined disposed:false
719 silly fetch manifest damerau-levenshtein@^1.0.8
720 silly packumentCache full:https://registry.npmjs.org/damerau-levenshtein cache-miss
721 http cache https://registry.npmjs.org/array-includes 16ms (cache hit)
722 silly packumentCache full:https://registry.npmjs.org/array-includes set size:77143 disposed:false
723 silly fetch manifest emoji-regex@^9.2.2
724 silly packumentCache full:https://registry.npmjs.org/emoji-regex cache-miss
725 http cache https://registry.npmjs.org/array.prototype.flatmap 17ms (cache hit)
726 silly packumentCache full:https://registry.npmjs.org/array.prototype.flatmap set size:51458 disposed:false
727 silly fetch manifest jsx-ast-utils@^3.3.5
728 silly packumentCache full:https://registry.npmjs.org/jsx-ast-utils cache-miss
729 http fetch GET 200 https://registry.npmjs.org/object.values 44ms (cache miss)
730 silly packumentCache full:https://registry.npmjs.org/object.values set size:undefined disposed:false
731 silly fetch manifest language-tags@^1.0.9
732 silly packumentCache full:https://registry.npmjs.org/language-tags cache-miss
733 http fetch GET 200 https://registry.npmjs.org/semver 45ms (cache miss)
734 silly packumentCache full:https://registry.npmjs.org/semver set size:undefined disposed:false
735 silly fetch manifest object.fromentries@^2.0.8
736 silly packumentCache full:https://registry.npmjs.org/object.fromentries cache-miss
737 http fetch GET 200 https://registry.npmjs.org/string.prototype.trimend 50ms (cache miss)
738 silly packumentCache full:https://registry.npmjs.org/string.prototype.trimend set size:undefined disposed:false
739 silly fetch manifest safe-regex-test@^1.0.3
740 silly packumentCache full:https://registry.npmjs.org/safe-regex-test cache-miss
741 http fetch GET 200 https://registry.npmjs.org/tsconfig-paths 51ms (cache miss)
742 silly packumentCache full:https://registry.npmjs.org/tsconfig-paths set size:undefined disposed:false
743 silly fetch manifest string.prototype.includes@^2.0.1
744 silly packumentCache full:https://registry.npmjs.org/string.prototype.includes cache-miss
745 http fetch GET 200 https://registry.npmjs.org/ast-types-flow 41ms (cache miss)
746 silly packumentCache full:https://registry.npmjs.org/ast-types-flow set size:undefined disposed:false
747 silly fetch manifest array.prototype.findlast@^1.2.5
748 silly packumentCache full:https://registry.npmjs.org/array.prototype.findlast cache-miss
749 http fetch GET 200 https://registry.npmjs.org/aria-query 50ms (cache miss)
750 silly packumentCache full:https://registry.npmjs.org/aria-query set size:undefined disposed:false
751 silly fetch manifest array.prototype.tosorted@^1.1.4
752 silly packumentCache full:https://registry.npmjs.org/array.prototype.tosorted cache-miss
753 http fetch GET 200 https://registry.npmjs.org/emoji-regex 36ms (cache miss)
754 silly packumentCache full:https://registry.npmjs.org/emoji-regex set size:undefined disposed:false
755 silly fetch manifest es-iterator-helpers@^1.2.1
756 silly packumentCache full:https://registry.npmjs.org/es-iterator-helpers cache-miss
757 http fetch GET 200 https://registry.npmjs.org/damerau-levenshtein 43ms (cache miss)
758 silly packumentCache full:https://registry.npmjs.org/damerau-levenshtein set size:undefined disposed:false
759 silly fetch manifest estraverse@^5.3.0
760 silly packumentCache full:https://registry.npmjs.org/estraverse cache-miss
761 http fetch GET 200 https://registry.npmjs.org/axobject-query 49ms (cache miss)
762 silly packumentCache full:https://registry.npmjs.org/axobject-query set size:undefined disposed:false
763 silly fetch manifest jsx-ast-utils@^2.4.1 || ^3.0.0
764 silly packumentCache full:https://registry.npmjs.org/jsx-ast-utils cache-miss
765 http fetch GET 200 https://registry.npmjs.org/language-tags 42ms (cache miss)
766 silly packumentCache full:https://registry.npmjs.org/language-tags set size:undefined disposed:false
767 silly fetch manifest object.entries@^1.1.9
768 silly packumentCache full:https://registry.npmjs.org/object.entries cache-miss
769 http cache https://registry.npmjs.org/estraverse 9ms (cache hit)
770 silly packumentCache full:https://registry.npmjs.org/estraverse set size:62412 disposed:false
771 silly fetch manifest object.fromentries@^2.0.8
772 silly packumentCache full:https://registry.npmjs.org/object.fromentries cache-miss
773 http fetch GET 200 https://registry.npmjs.org/string.prototype.includes 38ms (cache miss)
774 silly packumentCache full:https://registry.npmjs.org/string.prototype.includes set size:undefined disposed:false
775 silly fetch manifest prop-types@^15.8.1
776 silly packumentCache full:https://registry.npmjs.org/prop-types cache-miss
777 http fetch GET 200 https://registry.npmjs.org/array.prototype.tosorted 38ms (cache miss)
778 silly packumentCache full:https://registry.npmjs.org/array.prototype.tosorted set size:undefined disposed:false
779 silly fetch manifest resolve@^2.0.0-next.5
780 silly packumentCache full:https://registry.npmjs.org/resolve cache-miss
781 http fetch GET 200 https://registry.npmjs.org/safe-regex-test 49ms (cache miss)
782 silly packumentCache full:https://registry.npmjs.org/safe-regex-test set size:undefined disposed:false
783 silly fetch manifest string.prototype.matchall@^4.0.12
784 silly packumentCache full:https://registry.npmjs.org/string.prototype.matchall cache-miss
785 http fetch GET 200 https://registry.npmjs.org/array.prototype.findlast 46ms (cache miss)
786 silly packumentCache full:https://registry.npmjs.org/array.prototype.findlast set size:undefined disposed:false
787 silly fetch manifest string.prototype.repeat@^1.0.0
788 silly packumentCache full:https://registry.npmjs.org/string.prototype.repeat cache-miss
789 http cache https://registry.npmjs.org/resolve 10ms (cache hit)
790 silly packumentCache full:https://registry.npmjs.org/resolve set size:238156 disposed:false
791 silly fetch manifest zod@^3.25.0 || ^4.0.0
792 silly packumentCache full:https://registry.npmjs.org/zod cache-miss
793 http fetch GET 200 https://registry.npmjs.org/es-iterator-helpers 48ms (cache miss)
794 silly packumentCache full:https://registry.npmjs.org/es-iterator-helpers set size:undefined disposed:false
795 silly fetch manifest @babel/core@^7.24.4
796 silly packumentCache full:https://registry.npmjs.org/@babel%2fcore cache-miss
797 http fetch GET 200 https://registry.npmjs.org/object.entries 43ms (cache miss)
798 silly packumentCache full:https://registry.npmjs.org/object.entries set size:undefined disposed:false
799 silly fetch manifest @babel/parser@^7.24.4
800 silly packumentCache full:https://registry.npmjs.org/@babel%2fparser cache-miss
801 http fetch GET 200 https://registry.npmjs.org/prop-types 35ms (cache miss)
802 silly packumentCache full:https://registry.npmjs.org/prop-types set size:undefined disposed:false
803 silly fetch manifest hermes-parser@^0.25.1
804 silly packumentCache full:https://registry.npmjs.org/hermes-parser cache-miss
805 http fetch GET 200 https://registry.npmjs.org/string.prototype.matchall 32ms (cache miss)
806 silly packumentCache full:https://registry.npmjs.org/string.prototype.matchall set size:undefined disposed:false
807 silly fetch manifest zod-validation-error@^3.5.0 || ^4.0.0
808 silly packumentCache full:https://registry.npmjs.org/zod-validation-error cache-miss
809 http fetch GET 200 https://registry.npmjs.org/string.prototype.repeat 39ms (cache miss)
810 silly packumentCache full:https://registry.npmjs.org/string.prototype.repeat set size:undefined disposed:false
811 silly fetch manifest @typescript-eslint/utils@8.56.1
812 silly packumentCache full:https://registry.npmjs.org/@typescript-eslint%2futils cache-miss
813 http fetch GET 200 https://registry.npmjs.org/is-bun-module 209ms (cache miss)
814 silly packumentCache full:https://registry.npmjs.org/is-bun-module set size:undefined disposed:false
815 silly fetch manifest @typescript-eslint/parser@8.56.1
816 silly packumentCache full:https://registry.npmjs.org/@typescript-eslint%2fparser cache-miss
817 http cache https://registry.npmjs.org/@typescript-eslint%2futils 21ms (cache hit)
818 silly packumentCache full:https://registry.npmjs.org/@typescript-eslint%2futils set size:9744861 disposed:false
819 silly fetch manifest @typescript-eslint/eslint-plugin@8.56.1
820 silly packumentCache full:https://registry.npmjs.org/@typescript-eslint%2feslint-plugin cache-miss
821 http fetch GET 200 https://registry.npmjs.org/eslint-module-utils 237ms (cache miss)
822 silly packumentCache full:https://registry.npmjs.org/eslint-module-utils set size:undefined disposed:false
823 silly fetch manifest @typescript-eslint/typescript-estree@8.56.1
824 silly packumentCache full:https://registry.npmjs.org/@typescript-eslint%2ftypescript-estree cache-miss
825 http fetch GET 200 https://registry.npmjs.org/object.groupby 228ms (cache miss)
826 silly packumentCache full:https://registry.npmjs.org/object.groupby set size:undefined disposed:false
827 http fetch GET 200 https://registry.npmjs.org/object.fromentries 235ms (cache miss)
828 silly packumentCache full:https://registry.npmjs.org/object.fromentries set size:undefined disposed:false
829 http fetch GET 200 https://registry.npmjs.org/zod-validation-error 82ms (cache miss)
830 silly packumentCache full:https://registry.npmjs.org/zod-validation-error set size:undefined disposed:false
831 http fetch GET 200 https://registry.npmjs.org/hermes-parser 91ms (cache miss)
832 silly packumentCache full:https://registry.npmjs.org/hermes-parser set size:undefined disposed:false
833 http fetch GET 200 https://registry.npmjs.org/jsx-ast-utils 201ms (cache miss)
834 silly packumentCache full:https://registry.npmjs.org/jsx-ast-utils set size:undefined disposed:false
835 http fetch GET 200 https://registry.npmjs.org/@babel%2fparser 113ms (cache miss)
836 silly packumentCache full:https://registry.npmjs.org/@babel%2fparser set size:undefined disposed:false
837 http fetch GET 200 https://registry.npmjs.org/@babel%2fcore 122ms (cache miss)
838 silly packumentCache full:https://registry.npmjs.org/@babel%2fcore set size:undefined disposed:false
839 http fetch GET 200 https://registry.npmjs.org/jsx-ast-utils 167ms (cache miss)
840 silly packumentCache full:https://registry.npmjs.org/jsx-ast-utils set size:undefined disposed:false
841 http fetch GET 200 https://registry.npmjs.org/axe-core 239ms (cache miss)
842 silly packumentCache full:https://registry.npmjs.org/axe-core set size:undefined disposed:false
843 http fetch GET 200 https://registry.npmjs.org/object.fromentries 237ms (cache miss)
844 silly packumentCache full:https://registry.npmjs.org/object.fromentries set size:undefined disposed:false
845 http fetch GET 200 https://registry.npmjs.org/object.fromentries 270ms (cache miss)
846 silly packumentCache full:https://registry.npmjs.org/object.fromentries set size:undefined disposed:false
847 http fetch GET 200 https://registry.npmjs.org/zod 212ms (cache miss)
848 silly packumentCache full:https://registry.npmjs.org/zod set size:undefined disposed:false
849 http fetch GET 200 https://registry.npmjs.org/@typescript-eslint%2fparser 352ms (cache miss)
850 silly packumentCache full:https://registry.npmjs.org/@typescript-eslint%2fparser set size:undefined disposed:false
851 http fetch GET 200 https://registry.npmjs.org/@typescript-eslint%2ftypescript-estree 402ms (cache miss)
852 silly packumentCache full:https://registry.npmjs.org/@typescript-eslint%2ftypescript-estree set size:undefined disposed:false
853 http fetch GET 200 https://registry.npmjs.org/@typescript-eslint%2feslint-plugin 680ms (cache miss)
854 silly packumentCache full:https://registry.npmjs.org/@typescript-eslint%2feslint-plugin set size:undefined disposed:false
855 silly placeDep ROOT fast-glob@3.3.1 OK for: @next/eslint-plugin-next@16.1.6 want: 3.3.1
856 silly fetch manifest merge2@^1.3.0
857 silly packumentCache full:https://registry.npmjs.org/merge2 cache-miss
858 silly fetch manifest micromatch@^4.0.4
859 silly packumentCache full:https://registry.npmjs.org/micromatch cache-miss
860 silly fetch manifest glob-parent@^5.1.2
861 silly packumentCache full:https://registry.npmjs.org/glob-parent cache-miss
862 silly fetch manifest @nodelib/fs.stat@^2.0.2
863 silly packumentCache full:https://registry.npmjs.org/@nodelib%2ffs.stat cache-miss
864 silly fetch manifest @nodelib/fs.walk@^1.2.3
865 silly packumentCache full:https://registry.npmjs.org/@nodelib%2ffs.walk cache-miss
866 http cache https://registry.npmjs.org/glob-parent 8ms (cache hit)
867 silly packumentCache full:https://registry.npmjs.org/glob-parent set size:42445 disposed:false
868 http fetch GET 200 https://registry.npmjs.org/merge2 30ms (cache miss)
869 silly packumentCache full:https://registry.npmjs.org/merge2 set size:undefined disposed:false
870 http fetch GET 200 https://registry.npmjs.org/@nodelib%2ffs.stat 41ms (cache miss)
871 silly packumentCache full:https://registry.npmjs.org/@nodelib%2ffs.stat set size:undefined disposed:false
872 http fetch GET 200 https://registry.npmjs.org/micromatch 45ms (cache miss)
873 silly packumentCache full:https://registry.npmjs.org/micromatch set size:undefined disposed:false
874 http fetch GET 200 https://registry.npmjs.org/@nodelib%2ffs.walk 47ms (cache miss)
875 silly packumentCache full:https://registry.npmjs.org/@nodelib%2ffs.walk set size:undefined disposed:false
876 silly placeDep node_modules/eslint-import-resolver-node debug@3.2.7 OK for: eslint-import-resolver-node@0.3.9 want: ^3.2.7
877 silly placeDep ROOT is-core-module@2.16.1 OK for: eslint-import-resolver-node@0.3.9 want: ^2.13.0
878 silly placeDep ROOT resolve@1.22.11 OK for: eslint-import-resolver-node@0.3.9 want: ^1.22.4
879 silly fetch manifest path-parse@^1.0.7
880 silly packumentCache full:https://registry.npmjs.org/path-parse cache-miss
881 silly fetch manifest supports-preserve-symlinks-flag@^1.0.0
882 silly packumentCache full:https://registry.npmjs.org/supports-preserve-symlinks-flag cache-miss
883 http fetch GET 200 https://registry.npmjs.org/supports-preserve-symlinks-flag 33ms (cache miss)
884 silly packumentCache full:https://registry.npmjs.org/supports-preserve-symlinks-flag set size:undefined disposed:false
885 http fetch GET 200 https://registry.npmjs.org/path-parse 36ms (cache miss)
886 silly packumentCache full:https://registry.npmjs.org/path-parse set size:undefined disposed:false
887 silly placeDep ROOT @nolyfill/is-core-module@1.0.39 OK for: eslint-import-resolver-typescript@3.10.1 want: 1.0.39
888 silly placeDep ROOT get-tsconfig@4.13.6 OK for: eslint-import-resolver-typescript@3.10.1 want: ^4.10.0
889 silly placeDep ROOT is-bun-module@2.0.0 OK for: eslint-import-resolver-typescript@3.10.1 want: ^2.0.0
890 silly placeDep ROOT stable-hash@0.0.5 OK for: eslint-import-resolver-typescript@3.10.1 want: ^0.0.5
891 silly placeDep ROOT tinyglobby@0.2.15 OK for: eslint-import-resolver-typescript@3.10.1 want: ^0.2.13
892 silly placeDep ROOT unrs-resolver@1.11.1 OK for: eslint-import-resolver-typescript@3.10.1 want: ^1.6.2
893 silly fetch manifest resolve-pkg-maps@^1.0.0
894 silly packumentCache full:https://registry.npmjs.org/resolve-pkg-maps cache-miss
895 silly fetch manifest semver@^7.7.1
896 silly packumentCache full:https://registry.npmjs.org/semver cache-miss
897 silly fetch manifest fdir@^6.5.0
898 silly packumentCache full:https://registry.npmjs.org/fdir cache-miss
899 silly fetch manifest picomatch@^4.0.3
900 silly packumentCache full:https://registry.npmjs.org/picomatch cache-miss
901 silly fetch manifest napi-postinstall@^0.3.0
902 silly packumentCache full:https://registry.npmjs.org/napi-postinstall cache-miss
903 silly fetch manifest @unrs/resolver-binding-win32-x64-msvc@1.11.1
904 silly packumentCache full:https://registry.npmjs.org/@unrs%2fresolver-binding-win32-x64-msvc cache-miss
905 silly fetch manifest @unrs/resolver-binding-win32-arm64-msvc@1.11.1
906 silly packumentCache full:https://registry.npmjs.org/@unrs%2fresolver-binding-win32-arm64-msvc cache-miss
907 silly fetch manifest @unrs/resolver-binding-win32-ia32-msvc@1.11.1
908 silly packumentCache full:https://registry.npmjs.org/@unrs%2fresolver-binding-win32-ia32-msvc cache-miss
909 silly fetch manifest @unrs/resolver-binding-linux-x64-gnu@1.11.1
910 silly packumentCache full:https://registry.npmjs.org/@unrs%2fresolver-binding-linux-x64-gnu cache-miss
911 silly fetch manifest @unrs/resolver-binding-linux-x64-musl@1.11.1
912 silly packumentCache full:https://registry.npmjs.org/@unrs%2fresolver-binding-linux-x64-musl cache-miss
913 silly fetch manifest @unrs/resolver-binding-freebsd-x64@1.11.1
914 silly packumentCache full:https://registry.npmjs.org/@unrs%2fresolver-binding-freebsd-x64 cache-miss
915 silly fetch manifest @unrs/resolver-binding-android-arm64@1.11.1
916 silly packumentCache full:https://registry.npmjs.org/@unrs%2fresolver-binding-android-arm64 cache-miss
917 silly fetch manifest @unrs/resolver-binding-linux-arm64-gnu@1.11.1
918 silly packumentCache full:https://registry.npmjs.org/@unrs%2fresolver-binding-linux-arm64-gnu cache-miss
919 silly fetch manifest @unrs/resolver-binding-linux-arm64-musl@1.11.1
920 silly packumentCache full:https://registry.npmjs.org/@unrs%2fresolver-binding-linux-arm64-musl cache-miss
921 silly fetch manifest @unrs/resolver-binding-android-arm-eabi@1.11.1
922 silly packumentCache full:https://registry.npmjs.org/@unrs%2fresolver-binding-android-arm-eabi cache-miss
923 http cache https://registry.npmjs.org/semver 20ms (cache hit)
924 silly packumentCache full:https://registry.npmjs.org/semver set size:229678 disposed:false
925 silly fetch manifest @unrs/resolver-binding-linux-arm-gnueabihf@1.11.1
926 silly packumentCache full:https://registry.npmjs.org/@unrs%2fresolver-binding-linux-arm-gnueabihf cache-miss
927 http fetch GET 200 https://registry.npmjs.org/napi-postinstall 38ms (cache miss)
928 silly packumentCache full:https://registry.npmjs.org/napi-postinstall set size:undefined disposed:false
929 silly fetch manifest @unrs/resolver-binding-linux-arm-musleabihf@1.11.1
930 silly packumentCache full:https://registry.npmjs.org/@unrs%2fresolver-binding-linux-arm-musleabihf cache-miss
931 http fetch GET 200 https://registry.npmjs.org/fdir 59ms (cache miss)
932 silly packumentCache full:https://registry.npmjs.org/fdir set size:undefined disposed:false
933 silly fetch manifest @unrs/resolver-binding-linux-ppc64-gnu@1.11.1
934 silly packumentCache full:https://registry.npmjs.org/@unrs%2fresolver-binding-linux-ppc64-gnu cache-miss
935 http fetch GET 200 https://registry.npmjs.org/@unrs%2fresolver-binding-linux-x64-gnu 63ms (cache miss)
936 silly packumentCache full:https://registry.npmjs.org/@unrs%2fresolver-binding-linux-x64-gnu set size:undefined disposed:false
937 silly fetch manifest @unrs/resolver-binding-linux-riscv64-gnu@1.11.1
938 silly packumentCache full:https://registry.npmjs.org/@unrs%2fresolver-binding-linux-riscv64-gnu cache-miss
939 http fetch GET 200 https://registry.npmjs.org/@unrs%2fresolver-binding-linux-x64-musl 63ms (cache miss)
940 silly packumentCache full:https://registry.npmjs.org/@unrs%2fresolver-binding-linux-x64-musl set size:undefined disposed:false
941 silly fetch manifest @unrs/resolver-binding-linux-riscv64-musl@1.11.1
942 silly packumentCache full:https://registry.npmjs.org/@unrs%2fresolver-binding-linux-riscv64-musl cache-miss
943 http fetch GET 200 https://registry.npmjs.org/@unrs%2fresolver-binding-android-arm-eabi 64ms (cache miss)
944 silly packumentCache full:https://registry.npmjs.org/@unrs%2fresolver-binding-android-arm-eabi set size:undefined disposed:false
945 silly fetch manifest @unrs/resolver-binding-linux-s390x-gnu@1.11.1
946 silly packumentCache full:https://registry.npmjs.org/@unrs%2fresolver-binding-linux-s390x-gnu cache-miss
947 http fetch GET 200 https://registry.npmjs.org/picomatch 67ms (cache miss)
948 silly packumentCache full:https://registry.npmjs.org/picomatch set size:undefined disposed:false
949 silly fetch manifest @unrs/resolver-binding-darwin-x64@1.11.1
950 silly packumentCache full:https://registry.npmjs.org/@unrs%2fresolver-binding-darwin-x64 cache-miss
951 http fetch GET 200 https://registry.npmjs.org/resolve-pkg-maps 91ms (cache miss)
952 silly packumentCache full:https://registry.npmjs.org/resolve-pkg-maps set size:undefined disposed:false
953 silly fetch manifest @unrs/resolver-binding-darwin-arm64@1.11.1
954 silly packumentCache full:https://registry.npmjs.org/@unrs%2fresolver-binding-darwin-arm64 cache-miss
955 http fetch GET 200 https://registry.npmjs.org/@unrs%2fresolver-binding-linux-arm64-gnu 92ms (cache miss)
956 silly packumentCache full:https://registry.npmjs.org/@unrs%2fresolver-binding-linux-arm64-gnu set size:undefined disposed:false
957 silly fetch manifest @unrs/resolver-binding-wasm32-wasi@1.11.1
958 silly packumentCache full:https://registry.npmjs.org/@unrs%2fresolver-binding-wasm32-wasi cache-miss
959 http fetch GET 200 https://registry.npmjs.org/@unrs%2fresolver-binding-linux-ppc64-gnu 39ms (cache miss)
960 silly packumentCache full:https://registry.npmjs.org/@unrs%2fresolver-binding-linux-ppc64-gnu set size:undefined disposed:false
961 http fetch GET 200 https://registry.npmjs.org/@unrs%2fresolver-binding-win32-ia32-msvc 220ms (cache miss)
962 silly packumentCache full:https://registry.npmjs.org/@unrs%2fresolver-binding-win32-ia32-msvc set size:undefined disposed:false
963 http fetch GET 200 https://registry.npmjs.org/@unrs%2fresolver-binding-android-arm64 225ms (cache miss)
964 silly packumentCache full:https://registry.npmjs.org/@unrs%2fresolver-binding-android-arm64 set size:undefined disposed:false
965 http fetch GET 200 https://registry.npmjs.org/@unrs%2fresolver-binding-win32-x64-msvc 238ms (cache miss)
966 silly packumentCache full:https://registry.npmjs.org/@unrs%2fresolver-binding-win32-x64-msvc set size:undefined disposed:false
967 http fetch GET 200 https://registry.npmjs.org/@unrs%2fresolver-binding-linux-arm-gnueabihf 224ms (cache miss)
968 silly packumentCache full:https://registry.npmjs.org/@unrs%2fresolver-binding-linux-arm-gnueabihf set size:undefined disposed:false
969 http fetch GET 200 https://registry.npmjs.org/@unrs%2fresolver-binding-linux-riscv64-musl 206ms (cache miss)
970 silly packumentCache full:https://registry.npmjs.org/@unrs%2fresolver-binding-linux-riscv64-musl set size:undefined disposed:false
971 http fetch GET 200 https://registry.npmjs.org/@unrs%2fresolver-binding-wasm32-wasi 206ms (cache miss)
972 silly packumentCache full:https://registry.npmjs.org/@unrs%2fresolver-binding-wasm32-wasi set size:undefined disposed:false
973 http fetch GET 200 https://registry.npmjs.org/@unrs%2fresolver-binding-darwin-arm64 209ms (cache miss)
974 silly packumentCache full:https://registry.npmjs.org/@unrs%2fresolver-binding-darwin-arm64 set size:undefined disposed:false
975 http fetch GET 200 https://registry.npmjs.org/@unrs%2fresolver-binding-linux-arm64-musl 385ms (cache miss)
976 silly packumentCache full:https://registry.npmjs.org/@unrs%2fresolver-binding-linux-arm64-musl set size:undefined disposed:false
977 http fetch GET 200 https://registry.npmjs.org/@unrs%2fresolver-binding-darwin-x64 332ms (cache miss)
978 silly packumentCache full:https://registry.npmjs.org/@unrs%2fresolver-binding-darwin-x64 set size:undefined disposed:false
979 http fetch GET 200 https://registry.npmjs.org/@unrs%2fresolver-binding-linux-arm-musleabihf 386ms (cache miss)
980 silly packumentCache full:https://registry.npmjs.org/@unrs%2fresolver-binding-linux-arm-musleabihf set size:undefined disposed:false
981 http fetch GET 200 https://registry.npmjs.org/@unrs%2fresolver-binding-win32-arm64-msvc 535ms (cache miss)
982 silly packumentCache full:https://registry.npmjs.org/@unrs%2fresolver-binding-win32-arm64-msvc set size:undefined disposed:false
983 http fetch GET 200 https://registry.npmjs.org/@unrs%2fresolver-binding-freebsd-x64 537ms (cache miss)
984 silly packumentCache full:https://registry.npmjs.org/@unrs%2fresolver-binding-freebsd-x64 set size:undefined disposed:false
985 http fetch GET 200 https://registry.npmjs.org/@unrs%2fresolver-binding-linux-riscv64-gnu 664ms (cache miss)
986 silly packumentCache full:https://registry.npmjs.org/@unrs%2fresolver-binding-linux-riscv64-gnu set size:undefined disposed:false
987 http fetch GET 200 https://registry.npmjs.org/@unrs%2fresolver-binding-linux-s390x-gnu 678ms (cache miss)
988 silly packumentCache full:https://registry.npmjs.org/@unrs%2fresolver-binding-linux-s390x-gnu set size:undefined disposed:false
989 silly placeDep ROOT @rtsao/scc@1.1.0 OK for: eslint-plugin-import@2.32.0 want: ^1.1.0
990 silly placeDep ROOT array-includes@3.1.9 OK for: eslint-plugin-import@2.32.0 want: ^3.1.9
991 silly placeDep ROOT array.prototype.findlastindex@1.2.6 OK for: eslint-plugin-import@2.32.0 want: ^1.2.6
992 silly placeDep ROOT array.prototype.flat@1.3.3 OK for: eslint-plugin-import@2.32.0 want: ^1.3.3
993 silly placeDep ROOT array.prototype.flatmap@1.3.3 OK for: eslint-plugin-import@2.32.0 want: ^1.3.3
994 silly placeDep node_modules/eslint-plugin-import debug@3.2.7 OK for: eslint-plugin-import@2.32.0 want: ^3.2.7
995 silly placeDep ROOT doctrine@2.1.0 OK for: eslint-plugin-import@2.32.0 want: ^2.1.0
996 silly placeDep ROOT eslint-module-utils@2.12.1 OK for: eslint-plugin-import@2.32.0 want: ^2.12.1
997 silly placeDep ROOT hasown@2.0.2 OK for: eslint-plugin-import@2.32.0 want: ^2.0.2
998 silly placeDep ROOT object.fromentries@2.0.8 OK for: eslint-plugin-import@2.32.0 want: ^2.0.8
999 silly placeDep ROOT object.groupby@1.0.3 OK for: eslint-plugin-import@2.32.0 want: ^1.0.3
1000 silly placeDep ROOT object.values@1.2.1 OK for: eslint-plugin-import@2.32.0 want: ^1.2.1
1001 silly placeDep ROOT semver@6.3.1 OK for: eslint-plugin-import@2.32.0 want: ^6.3.1
1002 silly placeDep ROOT string.prototype.trimend@1.0.9 OK for: eslint-plugin-import@2.32.0 want: ^1.0.9
1003 silly placeDep ROOT tsconfig-paths@3.15.0 OK for: eslint-plugin-import@2.32.0 want: ^3.15.0
1004 silly fetch manifest call-bind@^1.0.8
1005 silly packumentCache full:https://registry.npmjs.org/call-bind cache-miss
1006 silly fetch manifest call-bound@^1.0.4
1007 silly packumentCache full:https://registry.npmjs.org/call-bound cache-miss
1008 silly fetch manifest define-properties@^1.2.1
1009 silly packumentCache full:https://registry.npmjs.org/define-properties cache-miss
1010 silly fetch manifest es-abstract@^1.24.0
1011 silly packumentCache full:https://registry.npmjs.org/es-abstract cache-miss
1012 silly fetch manifest es-object-atoms@^1.1.1
1013 silly packumentCache full:https://registry.npmjs.org/es-object-atoms cache-miss
1014 silly fetch manifest get-intrinsic@^1.3.0
1015 silly packumentCache full:https://registry.npmjs.org/get-intrinsic cache-miss
1016 silly fetch manifest is-string@^1.1.1
1017 silly packumentCache full:https://registry.npmjs.org/is-string cache-miss
1018 silly fetch manifest math-intrinsics@^1.1.0
1019 silly packumentCache full:https://registry.npmjs.org/math-intrinsics cache-miss
1020 silly fetch manifest call-bind@^1.0.8
1021 silly packumentCache full:https://registry.npmjs.org/call-bind cache-miss
1022 silly fetch manifest call-bound@^1.0.4
1023 silly packumentCache full:https://registry.npmjs.org/call-bound cache-miss
1024 silly fetch manifest define-properties@^1.2.1
1025 silly packumentCache full:https://registry.npmjs.org/define-properties cache-miss
1026 silly fetch manifest es-abstract@^1.23.9
1027 silly packumentCache full:https://registry.npmjs.org/es-abstract cache-miss
1028 silly fetch manifest es-errors@^1.3.0
1029 silly packumentCache full:https://registry.npmjs.org/es-errors cache-miss
1030 silly fetch manifest es-object-atoms@^1.1.1
1031 silly packumentCache full:https://registry.npmjs.org/es-object-atoms cache-miss
1032 silly fetch manifest es-shim-unscopables@^1.1.0
1033 silly packumentCache full:https://registry.npmjs.org/es-shim-unscopables cache-miss
1034 http fetch GET 200 https://registry.npmjs.org/define-properties 48ms (cache miss)
1035 silly packumentCache full:https://registry.npmjs.org/define-properties set size:undefined disposed:false
1036 silly fetch manifest call-bind@^1.0.8
1037 silly packumentCache full:https://registry.npmjs.org/call-bind cache-miss
1038 http fetch GET 200 https://registry.npmjs.org/define-properties 48ms (cache miss)
1039 silly packumentCache full:https://registry.npmjs.org/define-properties set size:undefined disposed:false
1040 silly fetch manifest es-abstract@^1.23.5
1041 silly packumentCache full:https://registry.npmjs.org/es-abstract cache-miss
1042 http fetch GET 200 https://registry.npmjs.org/math-intrinsics 52ms (cache miss)
1043 silly packumentCache full:https://registry.npmjs.org/math-intrinsics set size:undefined disposed:false
1044 silly fetch manifest es-shim-unscopables@^1.0.2
1045 silly packumentCache full:https://registry.npmjs.org/es-shim-unscopables cache-miss
1046 http fetch GET 200 https://registry.npmjs.org/es-shim-unscopables 52ms (cache miss)
1047 silly packumentCache full:https://registry.npmjs.org/es-shim-unscopables set size:undefined disposed:false
1048 silly fetch manifest call-bind@^1.0.8
1049 silly packumentCache full:https://registry.npmjs.org/call-bind cache-miss
1050 http fetch GET 200 https://registry.npmjs.org/es-object-atoms 53ms (cache miss)
1051 silly packumentCache full:https://registry.npmjs.org/es-object-atoms set size:undefined disposed:false
1052 silly fetch manifest es-abstract@^1.23.5
1053 silly packumentCache full:https://registry.npmjs.org/es-abstract cache-miss
1054 http fetch GET 200 https://registry.npmjs.org/es-errors 54ms (cache miss)
1055 silly packumentCache full:https://registry.npmjs.org/es-errors set size:undefined disposed:false
1056 silly fetch manifest es-shim-unscopables@^1.0.2
1057 silly packumentCache full:https://registry.npmjs.org/es-shim-unscopables cache-miss
1058 http fetch GET 200 https://registry.npmjs.org/call-bound 60ms (cache miss)
1059 silly packumentCache full:https://registry.npmjs.org/call-bound set size:undefined disposed:false
1060 silly fetch manifest function-bind@^1.1.2
1061 silly packumentCache full:https://registry.npmjs.org/function-bind cache-miss
1062 http fetch GET 200 https://registry.npmjs.org/es-object-atoms 60ms (cache miss)
1063 silly packumentCache full:https://registry.npmjs.org/es-object-atoms set size:undefined disposed:false
1064 silly fetch manifest call-bind@^1.0.7
1065 silly packumentCache full:https://registry.npmjs.org/call-bind cache-miss
1066 http fetch GET 200 https://registry.npmjs.org/call-bind 59ms (cache miss)
1067 silly packumentCache full:https://registry.npmjs.org/call-bind set size:undefined disposed:false
1068 silly fetch manifest es-abstract@^1.23.2
1069 silly packumentCache full:https://registry.npmjs.org/es-abstract cache-miss
1070 http fetch GET 200 https://registry.npmjs.org/is-string 63ms (cache miss)
1071 silly packumentCache full:https://registry.npmjs.org/is-string set size:undefined disposed:false
1072 silly fetch manifest es-object-atoms@^1.0.0
1073 silly packumentCache full:https://registry.npmjs.org/es-object-atoms cache-miss
1074 http fetch GET 200 https://registry.npmjs.org/call-bound 66ms (cache miss)
1075 silly packumentCache full:https://registry.npmjs.org/call-bound set size:undefined disposed:false
1076 silly fetch manifest call-bind@^1.0.7
1077 silly packumentCache full:https://registry.npmjs.org/call-bind cache-miss
1078 http cache https://registry.npmjs.org/es-shim-unscopables 21ms (cache hit)
1079 silly packumentCache full:https://registry.npmjs.org/es-shim-unscopables set size:13965 disposed:false
1080 silly fetch manifest es-abstract@^1.23.2
1081 silly packumentCache full:https://registry.npmjs.org/es-abstract cache-miss
1082 http fetch GET 200 https://registry.npmjs.org/es-abstract 78ms (cache miss)
1083 silly packumentCache full:https://registry.npmjs.org/es-abstract set size:undefined disposed:false
1084 silly fetch manifest call-bound@^1.0.3
1085 silly packumentCache full:https://registry.npmjs.org/call-bound cache-miss
1086 http fetch GET 200 https://registry.npmjs.org/call-bind 85ms (cache miss)
1087 silly packumentCache full:https://registry.npmjs.org/call-bind set size:undefined disposed:false
1088 silly fetch manifest es-object-atoms@^1.0.0
1089 silly packumentCache full:https://registry.npmjs.org/es-object-atoms cache-miss
1090 http fetch GET 200 https://registry.npmjs.org/es-abstract 82ms (cache miss)
1091 silly packumentCache full:https://registry.npmjs.org/es-abstract set size:undefined disposed:false
1092 silly fetch manifest call-bound@^1.0.2
1093 silly packumentCache full:https://registry.npmjs.org/call-bound cache-miss
1094 http cache https://registry.npmjs.org/call-bind 31ms (cache hit)
1095 silly packumentCache full:https://registry.npmjs.org/call-bind set size:30096 disposed:false
1096 silly fetch manifest es-object-atoms@^1.0.0
1097 silly packumentCache full:https://registry.npmjs.org/es-object-atoms cache-miss
1098 http fetch GET 200 https://registry.npmjs.org/get-intrinsic 87ms (cache miss)
1099 silly packumentCache full:https://registry.npmjs.org/get-intrinsic set size:undefined disposed:false
1100 silly fetch manifest json5@^1.0.2
1101 silly packumentCache full:https://registry.npmjs.org/json5 cache-miss
1102 http cache https://registry.npmjs.org/es-shim-unscopables 31ms (cache hit)
1103 silly packumentCache full:https://registry.npmjs.org/es-shim-unscopables set size:13965 disposed:false
1104 silly packumentCache full:https://registry.npmjs.org/es-shim-unscopables dispose
1105 silly fetch manifest minimist@^1.2.6
1106 silly packumentCache full:https://registry.npmjs.org/minimist cache-miss
1107 http cache https://registry.npmjs.org/es-object-atoms 27ms (cache hit)
1108 silly packumentCache full:https://registry.npmjs.org/es-object-atoms set size:15304 disposed:false
1109 silly fetch manifest strip-bom@^3.0.0
1110 silly packumentCache full:https://registry.npmjs.org/strip-bom cache-miss
1111 http cache https://registry.npmjs.org/call-bind 35ms (cache hit)
1112 silly packumentCache full:https://registry.npmjs.org/call-bind set size:30096 disposed:false
1113 silly packumentCache full:https://registry.npmjs.org/call-bind dispose
1114 silly fetch manifest @types/json5@^0.0.29
1115 silly packumentCache full:https://registry.npmjs.org/@types%2fjson5 cache-miss
1116 http fetch GET 200 https://registry.npmjs.org/call-bind 49ms (cache miss)
1117 silly packumentCache full:https://registry.npmjs.org/call-bind set size:undefined disposed:true
1118 silly packumentCache full:https://registry.npmjs.org/call-bind dispose
1119 http cache https://registry.npmjs.org/call-bind 36ms (cache hit)
1120 silly packumentCache full:https://registry.npmjs.org/call-bind set size:30096 disposed:true
1121 http cache https://registry.npmjs.org/call-bound 25ms (cache hit)
1122 silly packumentCache full:https://registry.npmjs.org/call-bound set size:15317 disposed:false
1123 http cache https://registry.npmjs.org/es-abstract 32ms (cache hit)
1124 silly packumentCache full:https://registry.npmjs.org/es-abstract set size:378584 disposed:false
1125 http cache https://registry.npmjs.org/es-object-atoms 29ms (cache hit)
1126 silly packumentCache full:https://registry.npmjs.org/es-object-atoms set size:15304 disposed:false
1127 silly packumentCache full:https://registry.npmjs.org/es-object-atoms dispose
1128 http fetch GET 200 https://registry.npmjs.org/function-bind 56ms (cache miss)
1129 silly packumentCache full:https://registry.npmjs.org/function-bind set size:undefined disposed:false
1130 http cache https://registry.npmjs.org/es-object-atoms 28ms (cache hit)
1131 silly packumentCache full:https://registry.npmjs.org/es-object-atoms set size:15304 disposed:true
1132 silly packumentCache full:https://registry.npmjs.org/es-object-atoms dispose
1133 http cache https://registry.npmjs.org/call-bound 31ms (cache hit)
1134 silly packumentCache full:https://registry.npmjs.org/call-bound set size:15317 disposed:false
1135 silly packumentCache full:https://registry.npmjs.org/call-bound dispose
1136 http fetch GET 200 https://registry.npmjs.org/es-abstract 65ms (cache miss)
1137 silly packumentCache full:https://registry.npmjs.org/es-abstract set size:undefined disposed:false
1138 silly packumentCache full:https://registry.npmjs.org/es-abstract dispose
1139 http fetch GET 200 https://registry.npmjs.org/es-abstract 74ms (cache miss)
1140 silly packumentCache full:https://registry.npmjs.org/es-abstract set size:undefined disposed:true
1141 http fetch GET 200 https://registry.npmjs.org/minimist 41ms (cache miss)
1142 silly packumentCache full:https://registry.npmjs.org/minimist set size:undefined disposed:false
1143 http fetch GET 200 https://registry.npmjs.org/es-abstract 70ms (cache miss)
1144 silly packumentCache full:https://registry.npmjs.org/es-abstract set size:undefined disposed:false
1145 http fetch GET 200 https://registry.npmjs.org/json5 47ms (cache miss)
1146 silly packumentCache full:https://registry.npmjs.org/json5 set size:undefined disposed:false
1147 http fetch GET 200 https://registry.npmjs.org/@types%2fjson5 43ms (cache miss)
1148 silly packumentCache full:https://registry.npmjs.org/@types%2fjson5 set size:undefined disposed:false
1149 http fetch GET 200 https://registry.npmjs.org/strip-bom 47ms (cache miss)
1150 silly packumentCache full:https://registry.npmjs.org/strip-bom set size:undefined disposed:false
1151 silly placeDep ROOT call-bind@1.0.8 OK for: array-includes@3.1.9 want: ^1.0.8
1152 silly placeDep ROOT call-bound@1.0.4 OK for: array-includes@3.1.9 want: ^1.0.4
1153 silly placeDep ROOT define-properties@1.2.1 OK for: array-includes@3.1.9 want: ^1.2.1
1154 silly placeDep ROOT es-abstract@1.24.1 OK for: array-includes@3.1.9 want: ^1.24.0
1155 silly placeDep ROOT es-object-atoms@1.1.1 OK for: array-includes@3.1.9 want: ^1.1.1
1156 silly placeDep ROOT get-intrinsic@1.3.0 OK for: array-includes@3.1.9 want: ^1.3.0
1157 silly placeDep ROOT is-string@1.1.1 OK for: array-includes@3.1.9 want: ^1.1.1
1158 silly placeDep ROOT math-intrinsics@1.1.0 OK for: array-includes@3.1.9 want: ^1.1.0
1159 silly fetch manifest call-bind-apply-helpers@^1.0.0
1160 silly packumentCache full:https://registry.npmjs.org/call-bind-apply-helpers cache-miss
1161 silly fetch manifest es-define-property@^1.0.0
1162 silly packumentCache full:https://registry.npmjs.org/es-define-property cache-miss
1163 silly fetch manifest get-intrinsic@^1.2.4
1164 silly packumentCache full:https://registry.npmjs.org/get-intrinsic cache-miss
1165 silly fetch manifest set-function-length@^1.2.2
1166 silly packumentCache full:https://registry.npmjs.org/set-function-length cache-miss
1167 silly fetch manifest call-bind-apply-helpers@^1.0.2
1168 silly packumentCache full:https://registry.npmjs.org/call-bind-apply-helpers cache-miss
1169 silly fetch manifest define-data-property@^1.0.1
1170 silly packumentCache full:https://registry.npmjs.org/define-data-property cache-miss
1171 silly fetch manifest has-property-descriptors@^1.0.0
1172 silly packumentCache full:https://registry.npmjs.org/has-property-descriptors cache-miss
1173 silly fetch manifest object-keys@^1.1.1
1174 silly packumentCache full:https://registry.npmjs.org/object-keys cache-miss
1175 silly fetch manifest array-buffer-byte-length@^1.0.2
1176 silly packumentCache full:https://registry.npmjs.org/array-buffer-byte-length cache-miss
1177 silly fetch manifest arraybuffer.prototype.slice@^1.0.4
1178 silly packumentCache full:https://registry.npmjs.org/arraybuffer.prototype.slice cache-miss
1179 silly fetch manifest available-typed-arrays@^1.0.7
1180 silly packumentCache full:https://registry.npmjs.org/available-typed-arrays cache-miss
1181 silly fetch manifest data-view-buffer@^1.0.2
1182 silly packumentCache full:https://registry.npmjs.org/data-view-buffer cache-miss
1183 silly fetch manifest data-view-byte-length@^1.0.2
1184 silly packumentCache full:https://registry.npmjs.org/data-view-byte-length cache-miss
1185 silly fetch manifest data-view-byte-offset@^1.0.1
1186 silly packumentCache full:https://registry.npmjs.org/data-view-byte-offset cache-miss
1187 silly fetch manifest es-define-property@^1.0.1
1188 silly packumentCache full:https://registry.npmjs.org/es-define-property cache-miss
1189 http cache https://registry.npmjs.org/get-intrinsic 18ms (cache hit)
1190 silly packumentCache full:https://registry.npmjs.org/get-intrinsic set size:60985 disposed:false
1191 silly fetch manifest es-set-tostringtag@^2.1.0
1192 silly packumentCache full:https://registry.npmjs.org/es-set-tostringtag cache-miss
1193 http fetch GET 200 https://registry.npmjs.org/define-data-property 49ms (cache miss)
1194 silly packumentCache full:https://registry.npmjs.org/define-data-property set size:undefined disposed:false
1195 silly fetch manifest es-to-primitive@^1.3.0
1196 silly packumentCache full:https://registry.npmjs.org/es-to-primitive cache-miss
1197 http fetch GET 200 https://registry.npmjs.org/arraybuffer.prototype.slice 50ms (cache miss)
1198 silly packumentCache full:https://registry.npmjs.org/arraybuffer.prototype.slice set size:undefined disposed:false
1199 silly fetch manifest function.prototype.name@^1.1.8
1200 silly packumentCache full:https://registry.npmjs.org/function.prototype.name cache-miss
1201 http fetch GET 200 https://registry.npmjs.org/es-define-property 56ms (cache miss)
1202 silly packumentCache full:https://registry.npmjs.org/es-define-property set size:undefined disposed:false
1203 silly fetch manifest get-proto@^1.0.1
1204 silly packumentCache full:https://registry.npmjs.org/get-proto cache-miss
1205 http fetch GET 200 https://registry.npmjs.org/array-buffer-byte-length 55ms (cache miss)
1206 silly packumentCache full:https://registry.npmjs.org/array-buffer-byte-length set size:undefined disposed:false
1207 silly fetch manifest get-symbol-description@^1.1.0
1208 silly packumentCache full:https://registry.npmjs.org/get-symbol-description cache-miss
1209 http fetch GET 200 https://registry.npmjs.org/es-define-property 53ms (cache miss)
1210 silly packumentCache full:https://registry.npmjs.org/es-define-property set size:undefined disposed:false
1211 silly fetch manifest globalthis@^1.0.4
1212 silly packumentCache full:https://registry.npmjs.org/globalthis cache-miss
1213 http fetch GET 200 https://registry.npmjs.org/data-view-byte-length 56ms (cache miss)
1214 silly packumentCache full:https://registry.npmjs.org/data-view-byte-length set size:undefined disposed:false
1215 silly fetch manifest gopd@^1.2.0
1216 silly packumentCache full:https://registry.npmjs.org/gopd cache-miss
1217 http fetch GET 200 https://registry.npmjs.org/data-view-byte-offset 58ms (cache miss)
1218 silly packumentCache full:https://registry.npmjs.org/data-view-byte-offset set size:undefined disposed:false
1219 silly fetch manifest has-property-descriptors@^1.0.2
1220 silly packumentCache full:https://registry.npmjs.org/has-property-descriptors cache-miss
1221 http fetch GET 200 https://registry.npmjs.org/set-function-length 64ms (cache miss)
1222 silly packumentCache full:https://registry.npmjs.org/set-function-length set size:undefined disposed:false
1223 silly fetch manifest has-proto@^1.2.0
1224 silly packumentCache full:https://registry.npmjs.org/has-proto cache-miss
1225 http fetch GET 200 https://registry.npmjs.org/es-set-tostringtag 48ms (cache miss)
1226 silly packumentCache full:https://registry.npmjs.org/es-set-tostringtag set size:undefined disposed:false
1227 silly fetch manifest has-symbols@^1.1.0
1228 silly packumentCache full:https://registry.npmjs.org/has-symbols cache-miss
1229 http fetch GET 200 https://registry.npmjs.org/data-view-buffer 65ms (cache miss)
1230 silly packumentCache full:https://registry.npmjs.org/data-view-buffer set size:undefined disposed:false
1231 silly fetch manifest internal-slot@^1.1.0
1232 silly packumentCache full:https://registry.npmjs.org/internal-slot cache-miss
1233 http fetch GET 200 https://registry.npmjs.org/call-bind-apply-helpers 73ms (cache miss)
1234 silly packumentCache full:https://registry.npmjs.org/call-bind-apply-helpers set size:undefined disposed:false
1235 silly fetch manifest is-array-buffer@^3.0.5
1236 silly packumentCache full:https://registry.npmjs.org/is-array-buffer cache-miss
1237 http fetch GET 200 https://registry.npmjs.org/call-bind-apply-helpers 71ms (cache miss)
1238 silly packumentCache full:https://registry.npmjs.org/call-bind-apply-helpers set size:undefined disposed:false
1239 silly fetch manifest is-callable@^1.2.7
1240 silly packumentCache full:https://registry.npmjs.org/is-callable cache-miss
1241 http fetch GET 200 https://registry.npmjs.org/available-typed-arrays 72ms (cache miss)
1242 silly packumentCache full:https://registry.npmjs.org/available-typed-arrays set size:undefined disposed:false
1243 silly fetch manifest is-data-view@^1.0.2
1244 silly packumentCache full:https://registry.npmjs.org/is-data-view cache-miss
1245 http fetch GET 200 https://registry.npmjs.org/object-keys 74ms (cache miss)
1246 silly packumentCache full:https://registry.npmjs.org/object-keys set size:undefined disposed:false
1247 silly fetch manifest is-negative-zero@^2.0.3
1248 silly packumentCache full:https://registry.npmjs.org/is-negative-zero cache-miss
1249 http fetch GET 200 https://registry.npmjs.org/function.prototype.name 30ms (cache miss)
1250 silly packumentCache full:https://registry.npmjs.org/function.prototype.name set size:undefined disposed:false
1251 silly fetch manifest is-regex@^1.2.1
1252 silly packumentCache full:https://registry.npmjs.org/is-regex cache-miss
1253 http fetch GET 200 https://registry.npmjs.org/get-proto 33ms (cache miss)
1254 silly packumentCache full:https://registry.npmjs.org/get-proto set size:undefined disposed:false
1255 silly fetch manifest is-set@^2.0.3
1256 silly packumentCache full:https://registry.npmjs.org/is-set cache-miss
1257 http fetch GET 200 https://registry.npmjs.org/globalthis 33ms (cache miss)
1258 silly packumentCache full:https://registry.npmjs.org/globalthis set size:undefined disposed:false
1259 silly fetch manifest is-shared-array-buffer@^1.0.4
1260 silly packumentCache full:https://registry.npmjs.org/is-shared-array-buffer cache-miss
1261 http fetch GET 200 https://registry.npmjs.org/has-proto 31ms (cache miss)
1262 silly packumentCache full:https://registry.npmjs.org/has-proto set size:undefined disposed:false
1263 silly fetch manifest is-typed-array@^1.1.15
1264 silly packumentCache full:https://registry.npmjs.org/is-typed-array cache-miss
1265 http fetch GET 200 https://registry.npmjs.org/get-symbol-description 39ms (cache miss)
1266 silly packumentCache full:https://registry.npmjs.org/get-symbol-description set size:undefined disposed:false
1267 silly fetch manifest is-weakref@^1.1.1
1268 silly packumentCache full:https://registry.npmjs.org/is-weakref cache-miss
1269 http fetch GET 200 https://registry.npmjs.org/gopd 43ms (cache miss)
1270 silly packumentCache full:https://registry.npmjs.org/gopd set size:undefined disposed:false
1271 silly fetch manifest object-inspect@^1.13.4
1272 silly packumentCache full:https://registry.npmjs.org/object-inspect cache-miss
1273 http fetch GET 200 https://registry.npmjs.org/has-symbols 38ms (cache miss)
1274 silly packumentCache full:https://registry.npmjs.org/has-symbols set size:undefined disposed:false
1275 silly fetch manifest object.assign@^4.1.7
1276 silly packumentCache full:https://registry.npmjs.org/object.assign cache-miss
1277 http fetch GET 200 https://registry.npmjs.org/internal-slot 39ms (cache miss)
1278 silly packumentCache full:https://registry.npmjs.org/internal-slot set size:undefined disposed:false
1279 silly fetch manifest own-keys@^1.0.1
1280 silly packumentCache full:https://registry.npmjs.org/own-keys cache-miss
1281 http fetch GET 200 https://registry.npmjs.org/is-data-view 38ms (cache miss)
1282 silly packumentCache full:https://registry.npmjs.org/is-data-view set size:undefined disposed:false
1283 silly fetch manifest regexp.prototype.flags@^1.5.4
1284 silly packumentCache full:https://registry.npmjs.org/regexp.prototype.flags cache-miss
1285 http fetch GET 200 https://registry.npmjs.org/is-array-buffer 45ms (cache miss)
1286 silly packumentCache full:https://registry.npmjs.org/is-array-buffer set size:undefined disposed:false
1287 silly fetch manifest safe-array-concat@^1.1.3
1288 silly packumentCache full:https://registry.npmjs.org/safe-array-concat cache-miss
1289 http fetch GET 200 https://registry.npmjs.org/is-negative-zero 43ms (cache miss)
1290 silly packumentCache full:https://registry.npmjs.org/is-negative-zero set size:undefined disposed:false
1291 silly fetch manifest safe-push-apply@^1.0.0
1292 silly packumentCache full:https://registry.npmjs.org/safe-push-apply cache-miss
1293 http fetch GET 200 https://registry.npmjs.org/is-regex 43ms (cache miss)
1294 silly packumentCache full:https://registry.npmjs.org/is-regex set size:undefined disposed:false
1295 silly fetch manifest safe-regex-test@^1.1.0
1296 silly packumentCache full:https://registry.npmjs.org/safe-regex-test cache-miss
1297 http fetch GET 200 https://registry.npmjs.org/is-callable 58ms (cache miss)
1298 silly packumentCache full:https://registry.npmjs.org/is-callable set size:undefined disposed:false
1299 silly fetch manifest set-proto@^1.0.0
1300 silly packumentCache full:https://registry.npmjs.org/set-proto cache-miss
1301 http fetch GET 200 https://registry.npmjs.org/is-set 44ms (cache miss)
1302 silly packumentCache full:https://registry.npmjs.org/is-set set size:undefined disposed:false
1303 silly fetch manifest stop-iteration-iterator@^1.1.0
1304 silly packumentCache full:https://registry.npmjs.org/stop-iteration-iterator cache-miss
1305 http fetch GET 200 https://registry.npmjs.org/is-typed-array 37ms (cache miss)
1306 silly packumentCache full:https://registry.npmjs.org/is-typed-array set size:undefined disposed:false
1307 silly fetch manifest string.prototype.trim@^1.2.10
1308 silly packumentCache full:https://registry.npmjs.org/string.prototype.trim cache-miss
1309 http fetch GET 200 https://registry.npmjs.org/is-weakref 37ms (cache miss)
1310 silly packumentCache full:https://registry.npmjs.org/is-weakref set size:undefined disposed:false
1311 silly fetch manifest string.prototype.trimstart@^1.0.8
1312 silly packumentCache full:https://registry.npmjs.org/string.prototype.trimstart cache-miss
1313 http fetch GET 200 https://registry.npmjs.org/object-inspect 34ms (cache miss)
1314 silly packumentCache full:https://registry.npmjs.org/object-inspect set size:undefined disposed:false
1315 silly fetch manifest typed-array-buffer@^1.0.3
1316 silly packumentCache full:https://registry.npmjs.org/typed-array-buffer cache-miss
1317 http cache https://registry.npmjs.org/safe-regex-test 11ms (cache hit)
1318 silly packumentCache full:https://registry.npmjs.org/safe-regex-test set size:17412 disposed:false
1319 silly fetch manifest typed-array-byte-length@^1.0.3
1320 silly packumentCache full:https://registry.npmjs.org/typed-array-byte-length cache-miss
1321 http fetch GET 200 https://registry.npmjs.org/object.assign 38ms (cache miss)
1322 silly packumentCache full:https://registry.npmjs.org/object.assign set size:undefined disposed:false
1323 silly fetch manifest typed-array-byte-offset@^1.0.4
1324 silly packumentCache full:https://registry.npmjs.org/typed-array-byte-offset cache-miss
1325 http fetch GET 200 https://registry.npmjs.org/safe-array-concat 30ms (cache miss)
1326 silly packumentCache full:https://registry.npmjs.org/safe-array-concat set size:undefined disposed:false
1327 silly fetch manifest typed-array-length@^1.0.7
1328 silly packumentCache full:https://registry.npmjs.org/typed-array-length cache-miss
1329 http fetch GET 200 https://registry.npmjs.org/own-keys 48ms (cache miss)
1330 silly packumentCache full:https://registry.npmjs.org/own-keys set size:undefined disposed:false
1331 silly fetch manifest unbox-primitive@^1.1.0
1332 silly packumentCache full:https://registry.npmjs.org/unbox-primitive cache-miss
1333 http fetch GET 200 https://registry.npmjs.org/regexp.prototype.flags 46ms (cache miss)
1334 silly packumentCache full:https://registry.npmjs.org/regexp.prototype.flags set size:undefined disposed:false
1335 silly fetch manifest which-typed-array@^1.1.19
1336 silly packumentCache full:https://registry.npmjs.org/which-typed-array cache-miss
1337 http fetch GET 200 https://registry.npmjs.org/safe-push-apply 42ms (cache miss)
1338 silly packumentCache full:https://registry.npmjs.org/safe-push-apply set size:undefined disposed:false
1339 silly fetch manifest has-tostringtag@^1.0.2
1340 silly packumentCache full:https://registry.npmjs.org/has-tostringtag cache-miss
1341 http fetch GET 200 https://registry.npmjs.org/set-proto 33ms (cache miss)
1342 silly packumentCache full:https://registry.npmjs.org/set-proto set size:undefined disposed:false
1343 http fetch GET 200 https://registry.npmjs.org/string.prototype.trimstart 34ms (cache miss)
1344 silly packumentCache full:https://registry.npmjs.org/string.prototype.trimstart set size:undefined disposed:false
1345 http fetch GET 200 https://registry.npmjs.org/stop-iteration-iterator 40ms (cache miss)
1346 silly packumentCache full:https://registry.npmjs.org/stop-iteration-iterator set size:undefined disposed:false
1347 http fetch GET 200 https://registry.npmjs.org/string.prototype.trim 40ms (cache miss)
1348 silly packumentCache full:https://registry.npmjs.org/string.prototype.trim set size:undefined disposed:false
1349 http fetch GET 200 https://registry.npmjs.org/typed-array-buffer 36ms (cache miss)
1350 silly packumentCache full:https://registry.npmjs.org/typed-array-buffer set size:undefined disposed:false
1351 http fetch GET 200 https://registry.npmjs.org/typed-array-byte-offset 31ms (cache miss)
1352 silly packumentCache full:https://registry.npmjs.org/typed-array-byte-offset set size:undefined disposed:false
1353 http fetch GET 200 https://registry.npmjs.org/typed-array-length 31ms (cache miss)
1354 silly packumentCache full:https://registry.npmjs.org/typed-array-length set size:undefined disposed:false
1355 http fetch GET 200 https://registry.npmjs.org/has-tostringtag 28ms (cache miss)
1356 silly packumentCache full:https://registry.npmjs.org/has-tostringtag set size:undefined disposed:false
1357 http fetch GET 200 https://registry.npmjs.org/unbox-primitive 43ms (cache miss)
1358 silly packumentCache full:https://registry.npmjs.org/unbox-primitive set size:undefined disposed:false
1359 http fetch GET 200 https://registry.npmjs.org/which-typed-array 42ms (cache miss)
1360 silly packumentCache full:https://registry.npmjs.org/which-typed-array set size:undefined disposed:false
1361 http fetch GET 200 https://registry.npmjs.org/has-property-descriptors 157ms (cache miss)
1362 silly packumentCache full:https://registry.npmjs.org/has-property-descriptors set size:undefined disposed:false
1363 http fetch GET 200 https://registry.npmjs.org/has-property-descriptors 221ms (cache miss)
1364 silly packumentCache full:https://registry.npmjs.org/has-property-descriptors set size:undefined disposed:false
1365 http fetch GET 200 https://registry.npmjs.org/es-to-primitive 186ms (cache miss)
1366 silly packumentCache full:https://registry.npmjs.org/es-to-primitive set size:undefined disposed:false
1367 http fetch GET 200 https://registry.npmjs.org/is-shared-array-buffer 184ms (cache miss)
1368 silly packumentCache full:https://registry.npmjs.org/is-shared-array-buffer set size:undefined disposed:false
1369 http fetch GET 200 https://registry.npmjs.org/typed-array-byte-length 190ms (cache miss)
1370 silly packumentCache full:https://registry.npmjs.org/typed-array-byte-length set size:undefined disposed:false
1371 silly placeDep ROOT es-errors@1.3.0 OK for: array.prototype.findlastindex@1.2.6 want: ^1.3.0
1372 silly placeDep ROOT es-shim-unscopables@1.1.0 OK for: array.prototype.findlastindex@1.2.6 want: ^1.1.0
1373 silly placeDep ROOT call-bind-apply-helpers@1.0.2 OK for: call-bind@1.0.8 want: ^1.0.0
1374 silly placeDep ROOT es-define-property@1.0.1 OK for: call-bind@1.0.8 want: ^1.0.0
1375 silly placeDep ROOT set-function-length@1.2.2 OK for: call-bind@1.0.8 want: ^1.2.2
1376 silly fetch manifest define-data-property@^1.1.4
1377 silly packumentCache full:https://registry.npmjs.org/define-data-property cache-miss
1378 silly fetch manifest gopd@^1.0.1
1379 silly packumentCache full:https://registry.npmjs.org/gopd cache-miss
1380 http cache https://registry.npmjs.org/gopd 6ms (cache hit)
1381 silly packumentCache full:https://registry.npmjs.org/gopd set size:11458 disposed:false
1382 http cache https://registry.npmjs.org/define-data-property 9ms (cache hit)
1383 silly packumentCache full:https://registry.npmjs.org/define-data-property set size:28048 disposed:false
1384 silly placeDep ROOT function-bind@1.1.2 OK for: call-bind-apply-helpers@1.0.2 want: ^1.1.2
1385 silly placeDep ROOT define-data-property@1.1.4 OK for: define-properties@1.2.1 want: ^1.0.1
1386 silly placeDep ROOT has-property-descriptors@1.0.2 OK for: define-properties@1.2.1 want: ^1.0.0
1387 silly placeDep ROOT object-keys@1.1.1 OK for: define-properties@1.2.1 want: ^1.1.1
1388 silly placeDep ROOT gopd@1.2.0 OK for: define-data-property@1.1.4 want: ^1.0.1
1389 silly placeDep ROOT array-buffer-byte-length@1.0.2 OK for: es-abstract@1.24.1 want: ^1.0.2
1390 silly placeDep ROOT arraybuffer.prototype.slice@1.0.4 OK for: es-abstract@1.24.1 want: ^1.0.4
1391 silly placeDep ROOT available-typed-arrays@1.0.7 OK for: es-abstract@1.24.1 want: ^1.0.7
1392 silly placeDep ROOT data-view-buffer@1.0.2 OK for: es-abstract@1.24.1 want: ^1.0.2
1393 silly placeDep ROOT data-view-byte-length@1.0.2 OK for: es-abstract@1.24.1 want: ^1.0.2
1394 silly placeDep ROOT data-view-byte-offset@1.0.1 OK for: es-abstract@1.24.1 want: ^1.0.1
1395 silly placeDep ROOT es-set-tostringtag@2.1.0 OK for: es-abstract@1.24.1 want: ^2.1.0
1396 silly placeDep ROOT es-to-primitive@1.3.0 OK for: es-abstract@1.24.1 want: ^1.3.0
1397 silly placeDep ROOT function.prototype.name@1.1.8 OK for: es-abstract@1.24.1 want: ^1.1.8
1398 silly placeDep ROOT get-proto@1.0.1 OK for: es-abstract@1.24.1 want: ^1.0.1
1399 silly placeDep ROOT get-symbol-description@1.1.0 OK for: es-abstract@1.24.1 want: ^1.1.0
1400 silly placeDep ROOT globalthis@1.0.4 OK for: es-abstract@1.24.1 want: ^1.0.4
1401 silly placeDep ROOT has-proto@1.2.0 OK for: es-abstract@1.24.1 want: ^1.2.0
1402 silly placeDep ROOT has-symbols@1.1.0 OK for: es-abstract@1.24.1 want: ^1.1.0
1403 silly placeDep ROOT internal-slot@1.1.0 OK for: es-abstract@1.24.1 want: ^1.1.0
1404 silly placeDep ROOT is-array-buffer@3.0.5 OK for: es-abstract@1.24.1 want: ^3.0.5
1405 silly placeDep ROOT is-callable@1.2.7 OK for: es-abstract@1.24.1 want: ^1.2.7
1406 silly placeDep ROOT is-data-view@1.0.2 OK for: es-abstract@1.24.1 want: ^1.0.2
1407 silly placeDep ROOT is-negative-zero@2.0.3 OK for: es-abstract@1.24.1 want: ^2.0.3
1408 silly placeDep ROOT is-regex@1.2.1 OK for: es-abstract@1.24.1 want: ^1.2.1
1409 silly placeDep ROOT is-set@2.0.3 OK for: es-abstract@1.24.1 want: ^2.0.3
1410 silly placeDep ROOT is-shared-array-buffer@1.0.4 OK for: es-abstract@1.24.1 want: ^1.0.4
1411 silly placeDep ROOT is-typed-array@1.1.15 OK for: es-abstract@1.24.1 want: ^1.1.15
1412 silly placeDep ROOT is-weakref@1.1.1 OK for: es-abstract@1.24.1 want: ^1.1.1
1413 silly placeDep ROOT object-inspect@1.13.4 OK for: es-abstract@1.24.1 want: ^1.13.4
1414 silly placeDep ROOT object.assign@4.1.7 OK for: es-abstract@1.24.1 want: ^4.1.7
1415 silly placeDep ROOT own-keys@1.0.1 OK for: es-abstract@1.24.1 want: ^1.0.1
1416 silly placeDep ROOT regexp.prototype.flags@1.5.4 OK for: es-abstract@1.24.1 want: ^1.5.4
1417 silly placeDep ROOT safe-array-concat@1.1.3 OK for: es-abstract@1.24.1 want: ^1.1.3
1418 silly placeDep ROOT safe-push-apply@1.0.0 OK for: es-abstract@1.24.1 want: ^1.0.0
1419 silly placeDep ROOT safe-regex-test@1.1.0 OK for: es-abstract@1.24.1 want: ^1.1.0
1420 silly placeDep ROOT set-proto@1.0.0 OK for: es-abstract@1.24.1 want: ^1.0.0
1421 silly placeDep ROOT stop-iteration-iterator@1.1.0 OK for: es-abstract@1.24.1 want: ^1.1.0
1422 silly placeDep ROOT string.prototype.trim@1.2.10 OK for: es-abstract@1.24.1 want: ^1.2.10
1423 silly placeDep ROOT string.prototype.trimstart@1.0.8 OK for: es-abstract@1.24.1 want: ^1.0.8
1424 silly placeDep ROOT typed-array-buffer@1.0.3 OK for: es-abstract@1.24.1 want: ^1.0.3
1425 silly placeDep ROOT typed-array-byte-length@1.0.3 OK for: es-abstract@1.24.1 want: ^1.0.3
1426 silly placeDep ROOT typed-array-byte-offset@1.0.4 OK for: es-abstract@1.24.1 want: ^1.0.4
1427 silly placeDep ROOT typed-array-length@1.0.7 OK for: es-abstract@1.24.1 want: ^1.0.7
1428 silly placeDep ROOT unbox-primitive@1.1.0 OK for: es-abstract@1.24.1 want: ^1.1.0
1429 silly placeDep ROOT which-typed-array@1.1.20 OK for: es-abstract@1.24.1 want: ^1.1.19
1430 silly fetch manifest is-array-buffer@^3.0.4
1431 silly packumentCache full:https://registry.npmjs.org/is-array-buffer cache-miss
1432 silly fetch manifest possible-typed-array-names@^1.0.0
1433 silly packumentCache full:https://registry.npmjs.org/possible-typed-array-names cache-miss
1434 silly fetch manifest is-data-view@^1.0.1
1435 silly packumentCache full:https://registry.npmjs.org/is-data-view cache-miss
1436 silly fetch manifest is-date-object@^1.0.5
1437 silly packumentCache full:https://registry.npmjs.org/is-date-object cache-miss
1438 silly fetch manifest is-symbol@^1.0.4
1439 silly packumentCache full:https://registry.npmjs.org/is-symbol cache-miss
1440 silly fetch manifest functions-have-names@^1.2.3
1441 silly packumentCache full:https://registry.npmjs.org/functions-have-names cache-miss
1442 silly fetch manifest dunder-proto@^1.0.1
1443 silly packumentCache full:https://registry.npmjs.org/dunder-proto cache-miss
1444 silly fetch manifest dunder-proto@^1.0.0
1445 silly packumentCache full:https://registry.npmjs.org/dunder-proto cache-miss
1446 silly fetch manifest side-channel@^1.1.0
1447 silly packumentCache full:https://registry.npmjs.org/side-channel cache-miss
1448 silly fetch manifest is-typed-array@^1.1.13
1449 silly packumentCache full:https://registry.npmjs.org/is-typed-array cache-miss
1450 silly fetch manifest which-typed-array@^1.1.16
1451 silly packumentCache full:https://registry.npmjs.org/which-typed-array cache-miss
1452 silly fetch manifest set-function-name@^2.0.2
1453 silly packumentCache full:https://registry.npmjs.org/set-function-name cache-miss
1454 silly fetch manifest isarray@^2.0.5
1455 silly packumentCache full:https://registry.npmjs.org/isarray cache-miss
1456 silly fetch manifest isarray@^2.0.5
1457 silly packumentCache full:https://registry.npmjs.org/isarray cache-miss
1458 silly fetch manifest dunder-proto@^1.0.1
1459 silly packumentCache full:https://registry.npmjs.org/dunder-proto cache-miss
1460 http cache https://registry.npmjs.org/is-array-buffer 18ms (cache hit)
1461 silly packumentCache full:https://registry.npmjs.org/is-array-buffer set size:33562 disposed:false
1462 silly fetch manifest for-each@^0.3.3
1463 silly packumentCache full:https://registry.npmjs.org/for-each cache-miss
1464 http cache https://registry.npmjs.org/is-data-view 18ms (cache hit)
1465 silly packumentCache full:https://registry.npmjs.org/is-data-view set size:13756 disposed:false
1466 silly fetch manifest for-each@^0.3.3
1467 silly packumentCache full:https://registry.npmjs.org/for-each cache-miss
1468 http cache https://registry.npmjs.org/is-typed-array 17ms (cache hit)
1469 silly packumentCache full:https://registry.npmjs.org/is-typed-array set size:79965 disposed:false
1470 silly fetch manifest reflect.getprototypeof@^1.0.9
1471 silly packumentCache full:https://registry.npmjs.org/reflect.getprototypeof cache-miss
1472 http cache https://registry.npmjs.org/which-typed-array 18ms (cache hit)
1473 silly packumentCache full:https://registry.npmjs.org/which-typed-array set size:93605 disposed:false
1474 silly fetch manifest for-each@^0.3.3
1475 silly packumentCache full:https://registry.npmjs.org/for-each cache-miss
1476 http fetch GET 200 https://registry.npmjs.org/dunder-proto 32ms (cache miss)
1477 silly packumentCache full:https://registry.npmjs.org/dunder-proto set size:undefined disposed:false
1478 silly fetch manifest possible-typed-array-names@^1.0.0
1479 silly packumentCache full:https://registry.npmjs.org/possible-typed-array-names cache-miss
1480 http fetch GET 200 https://registry.npmjs.org/possible-typed-array-names 34ms (cache miss)
1481 silly packumentCache full:https://registry.npmjs.org/possible-typed-array-names set size:undefined disposed:false
1482 silly fetch manifest reflect.getprototypeof@^1.0.6
1483 silly packumentCache full:https://registry.npmjs.org/reflect.getprototypeof cache-miss
1484 http fetch GET 200 https://registry.npmjs.org/is-date-object 36ms (cache miss)
1485 silly packumentCache full:https://registry.npmjs.org/is-date-object set size:undefined disposed:false
1486 silly fetch manifest has-bigints@^1.0.2
1487 silly packumentCache full:https://registry.npmjs.org/has-bigints cache-miss
1488 http fetch GET 200 https://registry.npmjs.org/isarray 41ms (cache miss)
1489 silly packumentCache full:https://registry.npmjs.org/isarray set size:undefined disposed:false
1490 silly fetch manifest which-boxed-primitive@^1.1.1
1491 silly packumentCache full:https://registry.npmjs.org/which-boxed-primitive cache-miss
1492 http fetch GET 200 https://registry.npmjs.org/dunder-proto 45ms (cache miss)
1493 silly packumentCache full:https://registry.npmjs.org/dunder-proto set size:undefined disposed:false
1494 silly fetch manifest for-each@^0.3.5
1495 silly packumentCache full:https://registry.npmjs.org/for-each cache-miss
1496 http fetch GET 200 https://registry.npmjs.org/is-symbol 52ms (cache miss)
1497 silly packumentCache full:https://registry.npmjs.org/is-symbol set size:undefined disposed:false
1498 http fetch GET 200 https://registry.npmjs.org/isarray 53ms (cache miss)
1499 silly packumentCache full:https://registry.npmjs.org/isarray set size:undefined disposed:false
1500 http fetch GET 200 https://registry.npmjs.org/dunder-proto 54ms (cache miss)
1501 silly packumentCache full:https://registry.npmjs.org/dunder-proto set size:undefined disposed:false
1502 http cache https://registry.npmjs.org/possible-typed-array-names 26ms (cache hit)
1503 silly packumentCache full:https://registry.npmjs.org/possible-typed-array-names set size:9167 disposed:false
1504 http fetch GET 200 https://registry.npmjs.org/for-each 40ms (cache miss)
1505 silly packumentCache full:https://registry.npmjs.org/for-each set size:undefined disposed:false
1506 http fetch GET 200 https://registry.npmjs.org/set-function-name 59ms (cache miss)
1507 silly packumentCache full:https://registry.npmjs.org/set-function-name set size:undefined disposed:false
1508 http fetch GET 200 https://registry.npmjs.org/for-each 45ms (cache miss)
1509 silly packumentCache full:https://registry.npmjs.org/for-each set size:undefined disposed:false
1510 http fetch GET 200 https://registry.npmjs.org/functions-have-names 62ms (cache miss)
1511 silly packumentCache full:https://registry.npmjs.org/functions-have-names set size:undefined disposed:false
1512 http fetch GET 200 https://registry.npmjs.org/for-each 45ms (cache miss)
1513 silly packumentCache full:https://registry.npmjs.org/for-each set size:undefined disposed:false
1514 http fetch GET 200 https://registry.npmjs.org/side-channel 63ms (cache miss)
1515 silly packumentCache full:https://registry.npmjs.org/side-channel set size:undefined disposed:false
1516 http fetch GET 200 https://registry.npmjs.org/reflect.getprototypeof 49ms (cache miss)
1517 silly packumentCache full:https://registry.npmjs.org/reflect.getprototypeof set size:undefined disposed:false
1518 http fetch GET 200 https://registry.npmjs.org/reflect.getprototypeof 36ms (cache miss)
1519 silly packumentCache full:https://registry.npmjs.org/reflect.getprototypeof set size:undefined disposed:false
1520 http fetch GET 200 https://registry.npmjs.org/has-bigints 35ms (cache miss)
1521 silly packumentCache full:https://registry.npmjs.org/has-bigints set size:undefined disposed:false
1522 http fetch GET 200 https://registry.npmjs.org/for-each 28ms (cache miss)
1523 silly packumentCache full:https://registry.npmjs.org/for-each set size:undefined disposed:false
1524 http fetch GET 200 https://registry.npmjs.org/which-boxed-primitive 33ms (cache miss)
1525 silly packumentCache full:https://registry.npmjs.org/which-boxed-primitive set size:undefined disposed:false
1526 silly placeDep ROOT possible-typed-array-names@1.1.0 OK for: available-typed-arrays@1.0.7 want: ^1.0.0
1527 silly placeDep ROOT has-tostringtag@1.0.2 OK for: es-set-tostringtag@2.1.0 want: ^1.0.2
1528 silly placeDep ROOT is-date-object@1.1.0 OK for: es-to-primitive@1.3.0 want: ^1.0.5
1529 silly placeDep ROOT is-symbol@1.1.1 OK for: es-to-primitive@1.3.0 want: ^1.0.4
1530 silly placeDep node_modules/eslint-module-utils debug@3.2.7 OK for: eslint-module-utils@2.12.1 want: ^3.2.7
1531 silly placeDep ROOT aria-query@5.3.2 OK for: eslint-plugin-jsx-a11y@6.10.2 want: ^5.3.2
1532 silly placeDep ROOT ast-types-flow@0.0.8 OK for: eslint-plugin-jsx-a11y@6.10.2 want: ^0.0.8
1533 silly placeDep ROOT axe-core@4.11.1 OK for: eslint-plugin-jsx-a11y@6.10.2 want: ^4.10.0
1534 silly placeDep ROOT axobject-query@4.1.0 OK for: eslint-plugin-jsx-a11y@6.10.2 want: ^4.1.0
1535 silly placeDep ROOT damerau-levenshtein@1.0.8 OK for: eslint-plugin-jsx-a11y@6.10.2 want: ^1.0.8
1536 silly placeDep ROOT emoji-regex@9.2.2 OK for: eslint-plugin-jsx-a11y@6.10.2 want: ^9.2.2
1537 silly placeDep ROOT jsx-ast-utils@3.3.5 OK for: eslint-plugin-jsx-a11y@6.10.2 want: ^3.3.5
1538 silly placeDep ROOT language-tags@1.0.9 OK for: eslint-plugin-jsx-a11y@6.10.2 want: ^1.0.9
1539 silly placeDep ROOT string.prototype.includes@2.0.1 OK for: eslint-plugin-jsx-a11y@6.10.2 want: ^2.0.1
1540 silly fetch manifest language-subtag-registry@^0.3.20
1541 silly packumentCache full:https://registry.npmjs.org/language-subtag-registry cache-miss
1542 http fetch GET 200 https://registry.npmjs.org/language-subtag-registry 43ms (cache miss)
1543 silly packumentCache full:https://registry.npmjs.org/language-subtag-registry set size:undefined disposed:false
1544 silly placeDep ROOT array.prototype.findlast@1.2.5 OK for: eslint-plugin-react@7.37.5 want: ^1.2.5
1545 silly placeDep ROOT array.prototype.tosorted@1.1.4 OK for: eslint-plugin-react@7.37.5 want: ^1.1.4
1546 silly placeDep ROOT es-iterator-helpers@1.2.2 OK for: eslint-plugin-react@7.37.5 want: ^1.2.1
1547 silly placeDep ROOT estraverse@5.3.0 OK for: eslint-plugin-react@7.37.5 want: ^5.3.0
1548 silly placeDep ROOT object.entries@1.1.9 OK for: eslint-plugin-react@7.37.5 want: ^1.1.9
1549 silly placeDep ROOT prop-types@15.8.1 OK for: eslint-plugin-react@7.37.5 want: ^15.8.1
1550 silly placeDep node_modules/eslint-plugin-react resolve@2.0.0-next.6 OK for: eslint-plugin-react@7.37.5 want: ^2.0.0-next.5
1551 silly placeDep ROOT string.prototype.matchall@4.0.12 OK for: eslint-plugin-react@7.37.5 want: ^4.0.12
1552 silly placeDep ROOT string.prototype.repeat@1.0.0 OK for: eslint-plugin-react@7.37.5 want: ^1.0.0
1553 silly fetch manifest iterator.prototype@^1.1.5
1554 silly packumentCache full:https://registry.npmjs.org/iterator.prototype cache-miss
1555 silly fetch manifest loose-envify@^1.4.0
1556 silly packumentCache full:https://registry.npmjs.org/loose-envify cache-miss
1557 silly fetch manifest object-assign@^4.1.1
1558 silly packumentCache full:https://registry.npmjs.org/object-assign cache-miss
1559 silly fetch manifest react-is@^16.13.1
1560 silly packumentCache full:https://registry.npmjs.org/react-is cache-miss
1561 silly fetch manifest node-exports-info@^1.6.0
1562 silly packumentCache full:https://registry.npmjs.org/node-exports-info cache-miss
1563 http fetch GET 200 https://registry.npmjs.org/object-assign 26ms (cache miss)
1564 silly packumentCache full:https://registry.npmjs.org/object-assign set size:undefined disposed:false
1565 http fetch GET 200 https://registry.npmjs.org/iterator.prototype 36ms (cache miss)
1566 silly packumentCache full:https://registry.npmjs.org/iterator.prototype set size:undefined disposed:false
1567 http fetch GET 200 https://registry.npmjs.org/loose-envify 38ms (cache miss)
1568 silly packumentCache full:https://registry.npmjs.org/loose-envify set size:undefined disposed:false
1569 http fetch GET 200 https://registry.npmjs.org/react-is 119ms (cache miss)
1570 silly packumentCache full:https://registry.npmjs.org/react-is set size:undefined disposed:false
1571 http fetch GET 200 https://registry.npmjs.org/node-exports-info 188ms (cache miss)
1572 silly packumentCache full:https://registry.npmjs.org/node-exports-info set size:undefined disposed:false
1573 silly placeDep ROOT iterator.prototype@1.1.5 OK for: es-iterator-helpers@1.2.2 want: ^1.1.5
1574 silly placeDep ROOT @babel/core@7.29.0 OK for: eslint-plugin-react-hooks@7.0.1 want: ^7.24.4
1575 silly placeDep ROOT @babel/parser@7.29.0 OK for: eslint-plugin-react-hooks@7.0.1 want: ^7.24.4
1576 silly placeDep ROOT hermes-parser@0.25.1 OK for: eslint-plugin-react-hooks@7.0.1 want: ^0.25.1
1577 silly placeDep ROOT zod@4.3.6 OK for: eslint-plugin-react-hooks@7.0.1 want: ^3.25.0 || ^4.0.0
1578 silly placeDep ROOT zod-validation-error@4.0.2 OK for: eslint-plugin-react-hooks@7.0.1 want: ^3.5.0 || ^4.0.0
1579 silly fetch manifest json5@^2.2.3
1580 silly packumentCache full:https://registry.npmjs.org/json5 cache-miss
1581 silly fetch manifest gensync@^1.0.0-beta.2
1582 silly packumentCache full:https://registry.npmjs.org/gensync cache-miss
1583 silly fetch manifest @babel/types@^7.29.0
1584 silly packumentCache full:https://registry.npmjs.org/@babel%2ftypes cache-miss
1585 silly fetch manifest @babel/parser@^7.29.0
1586 silly packumentCache full:https://registry.npmjs.org/@babel%2fparser cache-miss
1587 silly fetch manifest @babel/helpers@^7.28.6
1588 silly packumentCache full:https://registry.npmjs.org/@babel%2fhelpers cache-miss
1589 silly fetch manifest @babel/template@^7.28.6
1590 silly packumentCache full:https://registry.npmjs.org/@babel%2ftemplate cache-miss
1591 silly fetch manifest @babel/traverse@^7.29.0
1592 silly packumentCache full:https://registry.npmjs.org/@babel%2ftraverse cache-miss
1593 silly fetch manifest @babel/generator@^7.29.0
1594 silly packumentCache full:https://registry.npmjs.org/@babel%2fgenerator cache-miss
1595 silly fetch manifest @babel/code-frame@^7.29.0
1596 silly packumentCache full:https://registry.npmjs.org/@babel%2fcode-frame cache-miss
1597 silly fetch manifest convert-source-map@^2.0.0
1598 silly packumentCache full:https://registry.npmjs.org/convert-source-map cache-miss
1599 silly fetch manifest @jridgewell/remapping@^2.3.5
1600 silly packumentCache full:https://registry.npmjs.org/@jridgewell%2fremapping cache-miss
1601 silly fetch manifest @babel/helper-module-transforms@^7.28.6
1602 silly packumentCache full:https://registry.npmjs.org/@babel%2fhelper-module-transforms cache-miss
1603 silly fetch manifest @babel/helper-compilation-targets@^7.28.6
1604 silly packumentCache full:https://registry.npmjs.org/@babel%2fhelper-compilation-targets cache-miss
1605 silly fetch manifest @babel/types@^7.29.0
1606 silly packumentCache full:https://registry.npmjs.org/@babel%2ftypes cache-miss
1607 silly fetch manifest hermes-estree@0.25.1
1608 silly packumentCache full:https://registry.npmjs.org/hermes-estree cache-miss
1609 http cache https://registry.npmjs.org/json5 27ms (cache hit)
1610 silly packumentCache full:https://registry.npmjs.org/json5 set size:86136 disposed:false
1611 http cache https://registry.npmjs.org/@babel%2fparser 29ms (cache hit)
1612 silly packumentCache full:https://registry.npmjs.org/@babel%2fparser set size:714217 disposed:false
1613 http fetch GET 200 https://registry.npmjs.org/gensync 41ms (cache miss)
1614 silly packumentCache full:https://registry.npmjs.org/gensync set size:undefined disposed:false
1615 http fetch GET 200 https://registry.npmjs.org/convert-source-map 44ms (cache miss)
1616 silly packumentCache full:https://registry.npmjs.org/convert-source-map set size:undefined disposed:false
1617 http fetch GET 200 https://registry.npmjs.org/@babel%2fhelpers 58ms (cache miss)
1618 silly packumentCache full:https://registry.npmjs.org/@babel%2fhelpers set size:undefined disposed:false
1619 http fetch GET 200 https://registry.npmjs.org/@babel%2fcode-frame 66ms (cache miss)
1620 silly packumentCache full:https://registry.npmjs.org/@babel%2fcode-frame set size:undefined disposed:false
1621 http fetch GET 200 https://registry.npmjs.org/@babel%2fgenerator 87ms (cache miss)
1622 silly packumentCache full:https://registry.npmjs.org/@babel%2fgenerator set size:undefined disposed:false
1623 http fetch GET 200 https://registry.npmjs.org/hermes-estree 90ms (cache miss)
1624 silly packumentCache full:https://registry.npmjs.org/hermes-estree set size:undefined disposed:false
1625 http fetch GET 200 https://registry.npmjs.org/@babel%2ftraverse 94ms (cache miss)
1626 silly packumentCache full:https://registry.npmjs.org/@babel%2ftraverse set size:undefined disposed:false
1627 http fetch GET 200 https://registry.npmjs.org/@jridgewell%2fremapping 98ms (cache miss)
1628 silly packumentCache full:https://registry.npmjs.org/@jridgewell%2fremapping set size:undefined disposed:false
1629 http fetch GET 200 https://registry.npmjs.org/@babel%2ftemplate 103ms (cache miss)
1630 silly packumentCache full:https://registry.npmjs.org/@babel%2ftemplate set size:undefined disposed:false
1631 http fetch GET 200 https://registry.npmjs.org/@babel%2ftypes 106ms (cache miss)
1632 silly packumentCache full:https://registry.npmjs.org/@babel%2ftypes set size:undefined disposed:false
1633 http fetch GET 200 https://registry.npmjs.org/@babel%2fhelper-compilation-targets 106ms (cache miss)
1634 silly packumentCache full:https://registry.npmjs.org/@babel%2fhelper-compilation-targets set size:undefined disposed:false
1635 http fetch GET 200 https://registry.npmjs.org/@babel%2fhelper-module-transforms 112ms (cache miss)
1636 silly packumentCache full:https://registry.npmjs.org/@babel%2fhelper-module-transforms set size:undefined disposed:false
1637 http fetch GET 200 https://registry.npmjs.org/@babel%2ftypes 115ms (cache miss)
1638 silly packumentCache full:https://registry.npmjs.org/@babel%2ftypes set size:undefined disposed:false
1639 silly fetch manifest @babel/core@^7.0.0
1640 silly packumentCache full:https://registry.npmjs.org/@babel%2fcore cache-miss
1641 http cache https://registry.npmjs.org/@babel%2fcore 7ms (cache hit)
1642 silly packumentCache full:https://registry.npmjs.org/@babel%2fcore set size:756140 disposed:false
1643 silly placeDep ROOT @babel/code-frame@7.29.0 OK for: @babel/core@7.29.0 want: ^7.29.0
1644 silly placeDep ROOT @babel/generator@7.29.1 OK for: @babel/core@7.29.0 want: ^7.29.0
1645 silly placeDep ROOT @babel/helper-compilation-targets@7.28.6 OK for: @babel/core@7.29.0 want: ^7.28.6
1646 silly placeDep ROOT @babel/helper-module-transforms@7.28.6 OK for: @babel/core@7.29.0 want: ^7.28.6
1647 silly placeDep ROOT @babel/helpers@7.28.6 OK for: @babel/core@7.29.0 want: ^7.28.6
1648 silly placeDep ROOT @babel/template@7.28.6 OK for: @babel/core@7.29.0 want: ^7.28.6
1649 silly placeDep ROOT @babel/traverse@7.29.0 OK for: @babel/core@7.29.0 want: ^7.29.0
1650 silly placeDep ROOT @babel/types@7.29.0 OK for: @babel/core@7.29.0 want: ^7.29.0
1651 silly placeDep ROOT @jridgewell/remapping@2.3.5 OK for: @babel/core@7.29.0 want: ^2.3.5
1652 silly placeDep ROOT convert-source-map@2.0.0 OK for: @babel/core@7.29.0 want: ^2.0.0
1653 silly placeDep ROOT gensync@1.0.0-beta.2 OK for: @babel/core@7.29.0 want: ^1.0.0-beta.2
1654 silly placeDep ROOT json5@2.2.3 OK for: @babel/core@7.29.0 want: ^2.2.3
1655 silly fetch manifest js-tokens@^4.0.0
1656 silly packumentCache full:https://registry.npmjs.org/js-tokens cache-miss
1657 silly fetch manifest picocolors@^1.1.1
1658 silly packumentCache full:https://registry.npmjs.org/picocolors cache-miss
1659 silly fetch manifest @babel/helper-validator-identifier@^7.28.5
1660 silly packumentCache full:https://registry.npmjs.org/@babel%2fhelper-validator-identifier cache-miss
1661 silly fetch manifest jsesc@^3.0.2
1662 silly packumentCache full:https://registry.npmjs.org/jsesc cache-miss
1663 silly fetch manifest @jridgewell/gen-mapping@^0.3.12
1664 silly packumentCache full:https://registry.npmjs.org/@jridgewell%2fgen-mapping cache-miss
1665 silly fetch manifest @jridgewell/trace-mapping@^0.3.28
1666 silly packumentCache full:https://registry.npmjs.org/@jridgewell%2ftrace-mapping cache-miss
1667 silly fetch manifest lru-cache@^5.1.1
1668 silly packumentCache full:https://registry.npmjs.org/lru-cache cache-miss
1669 silly fetch manifest browserslist@^4.24.0
1670 silly packumentCache full:https://registry.npmjs.org/browserslist cache-miss
1671 silly fetch manifest @babel/compat-data@^7.28.6
1672 silly packumentCache full:https://registry.npmjs.org/@babel%2fcompat-data cache-miss
1673 silly fetch manifest @babel/helper-validator-option@^7.27.1
1674 silly packumentCache full:https://registry.npmjs.org/@babel%2fhelper-validator-option cache-miss
1675 silly fetch manifest @babel/traverse@^7.28.6
1676 silly packumentCache full:https://registry.npmjs.org/@babel%2ftraverse cache-miss
1677 silly fetch manifest @babel/helper-module-imports@^7.28.6
1678 silly packumentCache full:https://registry.npmjs.org/@babel%2fhelper-module-imports cache-miss
1679 silly fetch manifest @babel/helper-validator-identifier@^7.28.5
1680 silly packumentCache full:https://registry.npmjs.org/@babel%2fhelper-validator-identifier cache-miss
1681 silly fetch manifest @babel/types@^7.28.6
1682 silly packumentCache full:https://registry.npmjs.org/@babel%2ftypes cache-miss
1683 silly fetch manifest @babel/types@^7.28.6
1684 silly packumentCache full:https://registry.npmjs.org/@babel%2ftypes cache-miss
1685 http cache https://registry.npmjs.org/@babel%2ftraverse 11ms (cache hit)
1686 silly packumentCache full:https://registry.npmjs.org/@babel%2ftraverse set size:546499 disposed:false
1687 silly fetch manifest @babel/helper-globals@^7.28.0
1688 silly packumentCache full:https://registry.npmjs.org/@babel%2fhelper-globals cache-miss
1689 http cache https://registry.npmjs.org/@babel%2ftypes 15ms (cache hit)
1690 silly packumentCache full:https://registry.npmjs.org/@babel%2ftypes set size:485839 disposed:false
1691 silly fetch manifest @babel/helper-string-parser@^7.27.1
1692 silly packumentCache full:https://registry.npmjs.org/@babel%2fhelper-string-parser cache-miss
1693 http cache https://registry.npmjs.org/@babel%2ftypes 19ms (cache hit)
1694 silly packumentCache full:https://registry.npmjs.org/@babel%2ftypes set size:485839 disposed:false
1695 silly packumentCache full:https://registry.npmjs.org/@babel%2ftypes dispose
1696 silly fetch manifest @babel/helper-validator-identifier@^7.28.5
1697 silly packumentCache full:https://registry.npmjs.org/@babel%2fhelper-validator-identifier cache-miss
1698 http fetch GET 200 https://registry.npmjs.org/picocolors 28ms (cache miss)
1699 silly packumentCache full:https://registry.npmjs.org/picocolors set size:undefined disposed:false
1700 silly fetch manifest @jridgewell/gen-mapping@^0.3.5
1701 silly packumentCache full:https://registry.npmjs.org/@jridgewell%2fgen-mapping cache-miss
1702 http fetch GET 200 https://registry.npmjs.org/jsesc 41ms (cache miss)
1703 silly packumentCache full:https://registry.npmjs.org/jsesc set size:undefined disposed:false
1704 silly fetch manifest @jridgewell/trace-mapping@^0.3.24
1705 silly packumentCache full:https://registry.npmjs.org/@jridgewell%2ftrace-mapping cache-miss
1706 http fetch GET 200 https://registry.npmjs.org/browserslist 63ms (cache miss)
1707 silly packumentCache full:https://registry.npmjs.org/browserslist set size:undefined disposed:false
1708 http fetch GET 200 https://registry.npmjs.org/js-tokens 71ms (cache miss)
1709 silly packumentCache full:https://registry.npmjs.org/js-tokens set size:undefined disposed:false
1710 http fetch GET 200 https://registry.npmjs.org/@babel%2fhelper-validator-option 74ms (cache miss)
1711 silly packumentCache full:https://registry.npmjs.org/@babel%2fhelper-validator-option set size:undefined disposed:false
1712 http fetch GET 200 https://registry.npmjs.org/@jridgewell%2ftrace-mapping 78ms (cache miss)
1713 silly packumentCache full:https://registry.npmjs.org/@jridgewell%2ftrace-mapping set size:undefined disposed:false
1714 http fetch GET 200 https://registry.npmjs.org/@babel%2fhelper-globals 66ms (cache miss)
1715 silly packumentCache full:https://registry.npmjs.org/@babel%2fhelper-globals set size:undefined disposed:false
1716 http fetch GET 200 https://registry.npmjs.org/@babel%2fhelper-string-parser 63ms (cache miss)
1717 silly packumentCache full:https://registry.npmjs.org/@babel%2fhelper-string-parser set size:undefined disposed:false
1718 http fetch GET 200 https://registry.npmjs.org/lru-cache 82ms (cache miss)
1719 silly packumentCache full:https://registry.npmjs.org/lru-cache set size:undefined disposed:false
1720 http fetch GET 200 https://registry.npmjs.org/@babel%2fhelper-validator-identifier 86ms (cache miss)
1721 silly packumentCache full:https://registry.npmjs.org/@babel%2fhelper-validator-identifier set size:undefined disposed:false
1722 http fetch GET 200 https://registry.npmjs.org/@jridgewell%2fgen-mapping 90ms (cache miss)
1723 silly packumentCache full:https://registry.npmjs.org/@jridgewell%2fgen-mapping set size:undefined disposed:false
1724 http fetch GET 200 https://registry.npmjs.org/@babel%2fhelper-validator-identifier 92ms (cache miss)
1725 silly packumentCache full:https://registry.npmjs.org/@babel%2fhelper-validator-identifier set size:undefined disposed:false
1726 http fetch GET 200 https://registry.npmjs.org/@babel%2fhelper-module-imports 93ms (cache miss)
1727 silly packumentCache full:https://registry.npmjs.org/@babel%2fhelper-module-imports set size:undefined disposed:false
1728 http fetch GET 200 https://registry.npmjs.org/@babel%2fhelper-validator-identifier 74ms (cache miss)
1729 silly packumentCache full:https://registry.npmjs.org/@babel%2fhelper-validator-identifier set size:undefined disposed:false
1730 http fetch GET 200 https://registry.npmjs.org/@babel%2fcompat-data 98ms (cache miss)
1731 silly packumentCache full:https://registry.npmjs.org/@babel%2fcompat-data set size:undefined disposed:false
1732 http fetch GET 200 https://registry.npmjs.org/@jridgewell%2fgen-mapping 74ms (cache miss)
1733 silly packumentCache full:https://registry.npmjs.org/@jridgewell%2fgen-mapping set size:undefined disposed:false
1734 http fetch GET 200 https://registry.npmjs.org/@jridgewell%2ftrace-mapping 63ms (cache miss)
1735 silly packumentCache full:https://registry.npmjs.org/@jridgewell%2ftrace-mapping set size:undefined disposed:false
1736 silly placeDep ROOT @babel/helper-validator-identifier@7.28.5 OK for: @babel/code-frame@7.29.0 want: ^7.28.5
1737 silly placeDep ROOT js-tokens@4.0.0 OK for: @babel/code-frame@7.29.0 want: ^4.0.0
1738 silly placeDep ROOT picocolors@1.1.1 OK for: @babel/code-frame@7.29.0 want: ^1.1.1
1739 silly placeDep ROOT @jridgewell/gen-mapping@0.3.13 OK for: @babel/generator@7.29.1 want: ^0.3.12
1740 silly placeDep ROOT @jridgewell/trace-mapping@0.3.31 OK for: @babel/generator@7.29.1 want: ^0.3.28
1741 silly placeDep ROOT jsesc@3.1.0 OK for: @babel/generator@7.29.1 want: ^3.0.2
1742 silly fetch manifest @jridgewell/sourcemap-codec@^1.5.0
1743 silly packumentCache full:https://registry.npmjs.org/@jridgewell%2fsourcemap-codec cache-miss
1744 silly fetch manifest @jridgewell/resolve-uri@^3.1.0
1745 silly packumentCache full:https://registry.npmjs.org/@jridgewell%2fresolve-uri cache-miss
1746 silly fetch manifest @jridgewell/sourcemap-codec@^1.4.14
1747 silly packumentCache full:https://registry.npmjs.org/@jridgewell%2fsourcemap-codec cache-miss
1748 http fetch GET 200 https://registry.npmjs.org/@jridgewell%2fsourcemap-codec 41ms (cache miss)
1749 silly packumentCache full:https://registry.npmjs.org/@jridgewell%2fsourcemap-codec set size:undefined disposed:false
1750 http fetch GET 200 https://registry.npmjs.org/@jridgewell%2fsourcemap-codec 50ms (cache miss)
1751 silly packumentCache full:https://registry.npmjs.org/@jridgewell%2fsourcemap-codec set size:undefined disposed:false
1752 http fetch GET 200 https://registry.npmjs.org/@jridgewell%2fresolve-uri 73ms (cache miss)
1753 silly packumentCache full:https://registry.npmjs.org/@jridgewell%2fresolve-uri set size:undefined disposed:false
1754 silly placeDep ROOT @babel/compat-data@7.29.0 OK for: @babel/helper-compilation-targets@7.28.6 want: ^7.28.6
1755 silly placeDep ROOT @babel/helper-validator-option@7.27.1 OK for: @babel/helper-compilation-targets@7.28.6 want: ^7.27.1
1756 silly placeDep ROOT browserslist@4.28.1 OK for: @babel/helper-compilation-targets@7.28.6 want: ^4.24.0
1757 silly placeDep ROOT lru-cache@5.1.1 OK for: @babel/helper-compilation-targets@7.28.6 want: ^5.1.1
1758 silly fetch manifest baseline-browser-mapping@^2.9.0
1759 silly packumentCache full:https://registry.npmjs.org/baseline-browser-mapping cache-miss
1760 silly fetch manifest caniuse-lite@^1.0.30001759
1761 silly packumentCache full:https://registry.npmjs.org/caniuse-lite cache-miss
1762 silly fetch manifest electron-to-chromium@^1.5.263
1763 silly packumentCache full:https://registry.npmjs.org/electron-to-chromium cache-miss
1764 silly fetch manifest node-releases@^2.0.27
1765 silly packumentCache full:https://registry.npmjs.org/node-releases cache-miss
1766 silly fetch manifest update-browserslist-db@^1.2.0
1767 silly packumentCache full:https://registry.npmjs.org/update-browserslist-db cache-miss
1768 silly fetch manifest yallist@^3.0.2
1769 silly packumentCache full:https://registry.npmjs.org/yallist cache-miss
1770 http cache https://registry.npmjs.org/baseline-browser-mapping 12ms (cache hit)
1771 silly packumentCache full:https://registry.npmjs.org/baseline-browser-mapping set size:393828 disposed:false
1772 http cache https://registry.npmjs.org/caniuse-lite 19ms (cache hit)
1773 silly packumentCache full:https://registry.npmjs.org/caniuse-lite set size:2258713 disposed:false
1774 http fetch GET 200 https://registry.npmjs.org/yallist 49ms (cache miss)
1775 silly packumentCache full:https://registry.npmjs.org/yallist set size:undefined disposed:false
1776 http fetch GET 200 https://registry.npmjs.org/update-browserslist-db 51ms (cache miss)
1777 silly packumentCache full:https://registry.npmjs.org/update-browserslist-db set size:undefined disposed:false
1778 http fetch GET 200 https://registry.npmjs.org/node-releases 55ms (cache miss)
1779 silly packumentCache full:https://registry.npmjs.org/node-releases set size:undefined disposed:false
1780 http fetch GET 200 https://registry.npmjs.org/electron-to-chromium 231ms (cache miss)
1781 silly packumentCache full:https://registry.npmjs.org/electron-to-chromium set size:undefined disposed:false
1782 silly placeDep ROOT @babel/helper-module-imports@7.28.6 OK for: @babel/helper-module-transforms@7.28.6 want: ^7.28.6
1783 silly placeDep ROOT @babel/helper-globals@7.28.0 OK for: @babel/traverse@7.29.0 want: ^7.28.0
1784 silly placeDep ROOT @babel/helper-string-parser@7.27.1 OK for: @babel/types@7.29.0 want: ^7.27.1
1785 silly placeDep ROOT @jridgewell/sourcemap-codec@1.5.5 OK for: @jridgewell/gen-mapping@0.3.13 want: ^1.5.0
1786 silly placeDep ROOT @jridgewell/resolve-uri@3.1.2 OK for: @jridgewell/trace-mapping@0.3.31 want: ^3.1.0
1787 silly fetch manifest browserslist@>= 4.21.0
1788 silly packumentCache full:https://registry.npmjs.org/browserslist cache-miss
1789 http cache https://registry.npmjs.org/browserslist 11ms (cache hit)
1790 silly packumentCache full:https://registry.npmjs.org/browserslist set size:502989 disposed:false
1791 silly placeDep ROOT baseline-browser-mapping@2.10.0 OK for: browserslist@4.28.1 want: ^2.9.0
1792 silly placeDep ROOT caniuse-lite@1.0.30001774 OK for: browserslist@4.28.1 want: ^1.0.30001759
1793 silly placeDep ROOT electron-to-chromium@1.5.302 OK for: browserslist@4.28.1 want: ^1.5.263
1794 silly placeDep ROOT node-releases@2.0.27 OK for: browserslist@4.28.1 want: ^2.0.27
1795 silly placeDep ROOT update-browserslist-db@1.2.3 OK for: browserslist@4.28.1 want: ^1.2.0
1796 silly fetch manifest escalade@^3.2.0
1797 silly packumentCache full:https://registry.npmjs.org/escalade cache-miss
1798 http fetch GET 200 https://registry.npmjs.org/escalade 37ms (cache miss)
1799 silly packumentCache full:https://registry.npmjs.org/escalade set size:undefined disposed:false
1800 silly placeDep ROOT esrecurse@4.3.0 OK for: eslint-scope@8.4.0 want: ^4.3.0
1801 silly placeDep ROOT acorn@8.16.0 OK for: espree@10.4.0 want: ^8.15.0
1802 silly placeDep ROOT acorn-jsx@5.3.2 OK for: espree@10.4.0 want: ^5.3.2
1803 silly placeDep ROOT @nodelib/fs.stat@2.0.5 OK for: fast-glob@3.3.1 want: ^2.0.2
1804 silly placeDep ROOT @nodelib/fs.walk@1.2.8 OK for: fast-glob@3.3.1 want: ^1.2.3
1805 silly placeDep node_modules/fast-glob glob-parent@5.1.2 OK for: fast-glob@3.3.1 want: ^5.1.2
1806 silly placeDep ROOT merge2@1.4.1 OK for: fast-glob@3.3.1 want: ^1.3.0
1807 silly placeDep ROOT micromatch@4.0.8 OK for: fast-glob@3.3.1 want: ^4.0.4
1808 silly fetch manifest fastq@^1.6.0
1809 silly packumentCache full:https://registry.npmjs.org/fastq cache-miss
1810 silly fetch manifest @nodelib/fs.scandir@2.1.5
1811 silly packumentCache full:https://registry.npmjs.org/@nodelib%2ffs.scandir cache-miss
1812 silly fetch manifest braces@^3.0.3
1813 silly packumentCache full:https://registry.npmjs.org/braces cache-miss
1814 silly fetch manifest picomatch@^2.3.1
1815 silly packumentCache full:https://registry.npmjs.org/picomatch cache-miss
1816 http cache https://registry.npmjs.org/picomatch 14ms (cache hit)
1817 silly packumentCache full:https://registry.npmjs.org/picomatch set size:118818 disposed:false
1818 http fetch GET 200 https://registry.npmjs.org/braces 36ms (cache miss)
1819 silly packumentCache full:https://registry.npmjs.org/braces set size:undefined disposed:false
1820 http fetch GET 200 https://registry.npmjs.org/fastq 41ms (cache miss)
1821 silly packumentCache full:https://registry.npmjs.org/fastq set size:undefined disposed:false
1822 http fetch GET 200 https://registry.npmjs.org/@nodelib%2ffs.scandir 49ms (cache miss)
1823 silly packumentCache full:https://registry.npmjs.org/@nodelib%2ffs.scandir set size:undefined disposed:false
1824 silly placeDep ROOT @nodelib/fs.scandir@2.1.5 OK for: @nodelib/fs.walk@1.2.8 want: 2.1.5
1825 silly placeDep ROOT fastq@1.20.1 OK for: @nodelib/fs.walk@1.2.8 want: ^1.6.0
1826 silly fetch manifest run-parallel@^1.1.9
1827 silly packumentCache full:https://registry.npmjs.org/run-parallel cache-miss
1828 silly fetch manifest reusify@^1.0.4
1829 silly packumentCache full:https://registry.npmjs.org/reusify cache-miss
1830 http fetch GET 200 https://registry.npmjs.org/reusify 33ms (cache miss)
1831 silly packumentCache full:https://registry.npmjs.org/reusify set size:undefined disposed:false
1832 http fetch GET 200 https://registry.npmjs.org/run-parallel 37ms (cache miss)
1833 silly packumentCache full:https://registry.npmjs.org/run-parallel set size:undefined disposed:false
1834 silly placeDep ROOT run-parallel@1.2.0 OK for: @nodelib/fs.scandir@2.1.5 want: ^1.1.9
1835 silly fetch manifest queue-microtask@^1.2.2
1836 silly packumentCache full:https://registry.npmjs.org/queue-microtask cache-miss
1837 http fetch GET 200 https://registry.npmjs.org/queue-microtask 36ms (cache miss)
1838 silly packumentCache full:https://registry.npmjs.org/queue-microtask set size:undefined disposed:false
1839 silly placeDep ROOT reusify@1.1.0 OK for: fastq@1.20.1 want: ^1.0.4
1840 silly placeDep ROOT flat-cache@4.0.1 OK for: file-entry-cache@8.0.0 want: ^4.0.0
1841 silly fetch manifest keyv@^4.5.4
1842 silly packumentCache full:https://registry.npmjs.org/keyv cache-miss
1843 silly fetch manifest flatted@^3.2.9
1844 silly packumentCache full:https://registry.npmjs.org/flatted cache-miss
1845 http fetch GET 200 https://registry.npmjs.org/keyv 39ms (cache miss)
1846 silly packumentCache full:https://registry.npmjs.org/keyv set size:undefined disposed:false
1847 http fetch GET 200 https://registry.npmjs.org/flatted 58ms (cache miss)
1848 silly packumentCache full:https://registry.npmjs.org/flatted set size:undefined disposed:false
1849 silly placeDep ROOT locate-path@6.0.0 OK for: find-up@5.0.0 want: ^6.0.0
1850 silly placeDep ROOT path-exists@4.0.0 OK for: find-up@5.0.0 want: ^4.0.0
1851 silly fetch manifest p-locate@^5.0.0
1852 silly packumentCache full:https://registry.npmjs.org/p-locate cache-miss
1853 http fetch GET 200 https://registry.npmjs.org/p-locate 32ms (cache miss)
1854 silly packumentCache full:https://registry.npmjs.org/p-locate set size:undefined disposed:false
1855 silly placeDep ROOT flatted@3.3.3 OK for: flat-cache@4.0.1 want: ^3.2.9
1856 silly placeDep ROOT keyv@4.5.4 OK for: flat-cache@4.0.1 want: ^4.5.4
1857 silly fetch manifest json-buffer@3.0.1
1858 silly packumentCache full:https://registry.npmjs.org/json-buffer cache-miss
1859 http fetch GET 200 https://registry.npmjs.org/json-buffer 30ms (cache miss)
1860 silly packumentCache full:https://registry.npmjs.org/json-buffer set size:undefined disposed:false
1861 silly placeDep ROOT functions-have-names@1.2.3 OK for: function.prototype.name@1.1.8 want: ^1.2.3
1862 silly placeDep ROOT dunder-proto@1.0.1 OK for: get-proto@1.0.1 want: ^1.0.1
1863 silly placeDep ROOT resolve-pkg-maps@1.0.0 OK for: get-tsconfig@4.13.6 want: ^1.0.0
1864 silly placeDep ROOT hermes-estree@0.25.1 OK for: hermes-parser@0.25.1 want: 0.25.1
1865 silly placeDep ROOT parent-module@1.0.1 OK for: import-fresh@3.3.1 want: ^1.0.0
1866 silly placeDep ROOT resolve-from@4.0.0 OK for: import-fresh@3.3.1 want: ^4.0.0
1867 silly fetch manifest callsites@^3.0.0
1868 silly packumentCache full:https://registry.npmjs.org/callsites cache-miss
1869 http fetch GET 200 https://registry.npmjs.org/callsites 25ms (cache miss)
1870 silly packumentCache full:https://registry.npmjs.org/callsites set size:undefined disposed:false
1871 silly placeDep ROOT side-channel@1.1.0 OK for: internal-slot@1.1.0 want: ^1.1.0
1872 silly fetch manifest side-channel-list@^1.0.0
1873 silly packumentCache full:https://registry.npmjs.org/side-channel-list cache-miss
1874 silly fetch manifest side-channel-map@^1.0.1
1875 silly packumentCache full:https://registry.npmjs.org/side-channel-map cache-miss
1876 silly fetch manifest side-channel-weakmap@^1.0.2
1877 silly packumentCache full:https://registry.npmjs.org/side-channel-weakmap cache-miss
1878 http fetch GET 200 https://registry.npmjs.org/side-channel-weakmap 31ms (cache miss)
1879 silly packumentCache full:https://registry.npmjs.org/side-channel-weakmap set size:undefined disposed:false
1880 http fetch GET 200 https://registry.npmjs.org/side-channel-list 34ms (cache miss)
1881 silly packumentCache full:https://registry.npmjs.org/side-channel-list set size:undefined disposed:false
1882 http fetch GET 200 https://registry.npmjs.org/side-channel-map 52ms (cache miss)
1883 silly packumentCache full:https://registry.npmjs.org/side-channel-map set size:undefined disposed:false
1884 silly placeDep node_modules/is-bun-module semver@7.7.4 OK for: is-bun-module@2.0.0 want: ^7.7.1
1885 silly placeDep ROOT is-extglob@2.1.1 OK for: is-glob@4.0.3 want: ^2.1.1
1886 silly placeDep ROOT set-function-name@2.0.2 OK for: iterator.prototype@1.1.5 want: ^2.0.2
1887 silly placeDep ROOT argparse@2.0.1 OK for: js-yaml@4.1.1 want: ^2.0.1
1888 silly placeDep ROOT json-buffer@3.0.1 OK for: keyv@4.5.4 want: 3.0.1
1889 silly placeDep ROOT language-subtag-registry@0.3.23 OK for: language-tags@1.0.9 want: ^0.3.20
1890 silly placeDep ROOT prelude-ls@1.2.1 OK for: levn@0.4.1 want: ^1.2.1
1891 silly placeDep ROOT type-check@0.4.0 OK for: levn@0.4.1 want: ~0.4.0
1892 silly placeDep ROOT p-locate@5.0.0 OK for: locate-path@6.0.0 want: ^5.0.0
1893 silly fetch manifest p-limit@^3.0.2
1894 silly packumentCache full:https://registry.npmjs.org/p-limit cache-miss
1895 http fetch GET 200 https://registry.npmjs.org/p-limit 32ms (cache miss)
1896 silly packumentCache full:https://registry.npmjs.org/p-limit set size:undefined disposed:false
1897 silly placeDep ROOT yallist@3.1.1 OK for: lru-cache@5.1.1 want: ^3.0.2
1898 silly placeDep ROOT braces@3.0.3 OK for: micromatch@4.0.8 want: ^3.0.3
1899 silly placeDep ROOT picomatch@2.3.1 OK for: micromatch@4.0.8 want: ^2.3.1
1900 silly fetch manifest fill-range@^7.1.1
1901 silly packumentCache full:https://registry.npmjs.org/fill-range cache-miss
1902 http fetch GET 200 https://registry.npmjs.org/fill-range 30ms (cache miss)
1903 silly packumentCache full:https://registry.npmjs.org/fill-range set size:undefined disposed:false
1904 silly placeDep ROOT fill-range@7.1.1 OK for: braces@3.0.3 want: ^7.1.1
1905 silly fetch manifest to-regex-range@^5.0.1
1906 silly packumentCache full:https://registry.npmjs.org/to-regex-range cache-miss
1907 http fetch GET 200 https://registry.npmjs.org/to-regex-range 27ms (cache miss)
1908 silly packumentCache full:https://registry.npmjs.org/to-regex-range set size:undefined disposed:false
1909 silly placeDep ROOT to-regex-range@5.0.1 OK for: fill-range@7.1.1 want: ^5.0.1
1910 silly fetch manifest is-number@^7.0.0
1911 silly packumentCache full:https://registry.npmjs.org/is-number cache-miss
1912 http fetch GET 200 https://registry.npmjs.org/is-number 32ms (cache miss)
1913 silly packumentCache full:https://registry.npmjs.org/is-number set size:undefined disposed:false
1914 silly placeDep ROOT brace-expansion@1.1.12 OK for: minimatch@3.1.5 want: ^1.1.7
1915 silly fetch manifest concat-map@0.0.1
1916 silly packumentCache full:https://registry.npmjs.org/concat-map cache-miss
1917 silly fetch manifest balanced-match@^1.0.0
1918 silly packumentCache full:https://registry.npmjs.org/balanced-match cache-miss
1919 http fetch GET 200 https://registry.npmjs.org/balanced-match 30ms (cache miss)
1920 silly packumentCache full:https://registry.npmjs.org/balanced-match set size:undefined disposed:false
1921 http fetch GET 200 https://registry.npmjs.org/concat-map 37ms (cache miss)
1922 silly packumentCache full:https://registry.npmjs.org/concat-map set size:undefined disposed:false
1923 silly placeDep ROOT balanced-match@1.0.2 OK for: brace-expansion@1.1.12 want: ^1.0.0
1924 silly placeDep ROOT concat-map@0.0.1 OK for: brace-expansion@1.1.12 want: 0.0.1
1925 silly fetch manifest react@^18.2.0 || 19.0.0-rc-de68d2f4-20241204 || ^19.0.0
1926 silly packumentCache full:https://registry.npmjs.org/react cache-miss
1927 http cache https://registry.npmjs.org/react 24ms (cache hit)
1928 silly packumentCache full:https://registry.npmjs.org/react set size:6515921 disposed:false
1929 silly placeDep ROOT @next/env@16.1.6 OK for: next@16.1.6 want: 16.1.6
1930 silly placeDep ROOT @next/swc-darwin-arm64@16.1.6 OK for: next@16.1.6 want: 16.1.6
1931 silly placeDep ROOT @next/swc-darwin-x64@16.1.6 OK for: next@16.1.6 want: 16.1.6
1932 silly placeDep ROOT @next/swc-linux-arm64-gnu@16.1.6 OK for: next@16.1.6 want: 16.1.6
1933 silly placeDep ROOT @next/swc-linux-arm64-musl@16.1.6 OK for: next@16.1.6 want: 16.1.6
1934 silly placeDep ROOT @next/swc-linux-x64-gnu@16.1.6 OK for: next@16.1.6 want: 16.1.6
1935 silly placeDep ROOT @next/swc-linux-x64-musl@16.1.6 OK for: next@16.1.6 want: 16.1.6
1936 silly placeDep ROOT @next/swc-win32-arm64-msvc@16.1.6 OK for: next@16.1.6 want: 16.1.6
1937 silly placeDep ROOT @next/swc-win32-x64-msvc@16.1.6 OK for: next@16.1.6 want: 16.1.6
1938 silly placeDep ROOT @swc/helpers@0.5.15 OK for: next@16.1.6 want: 0.5.15
1939 silly placeDep ROOT postcss@8.4.31 OK for: next@16.1.6 want: 8.4.31
1940 silly placeDep ROOT sharp@0.34.5 OK for: next@16.1.6 want: ^0.34.4
1941 silly placeDep ROOT styled-jsx@5.1.6 OK for: next@16.1.6 want: 5.1.6
1942 silly fetch manifest tslib@^2.8.0
1943 silly packumentCache full:https://registry.npmjs.org/tslib cache-miss
1944 silly fetch manifest nanoid@^3.3.6
1945 silly packumentCache full:https://registry.npmjs.org/nanoid cache-miss
1946 silly fetch manifest source-map-js@^1.0.2
1947 silly packumentCache full:https://registry.npmjs.org/source-map-js cache-miss
1948 silly fetch manifest semver@^7.7.3
1949 silly packumentCache full:https://registry.npmjs.org/semver cache-hit
1950 silly fetch manifest @img/colour@^1.0.0
1951 silly packumentCache full:https://registry.npmjs.org/@img%2fcolour cache-miss
1952 silly fetch manifest detect-libc@^2.1.2
1953 silly packumentCache full:https://registry.npmjs.org/detect-libc cache-miss
1954 silly fetch manifest @img/sharp-wasm32@0.34.5
1955 silly packumentCache full:https://registry.npmjs.org/@img%2fsharp-wasm32 cache-miss
1956 silly fetch manifest @img/sharp-linux-arm@0.34.5
1957 silly packumentCache full:https://registry.npmjs.org/@img%2fsharp-linux-arm cache-miss
1958 silly fetch manifest @img/sharp-linux-x64@0.34.5
1959 silly packumentCache full:https://registry.npmjs.org/@img%2fsharp-linux-x64 cache-miss
1960 silly fetch manifest @img/sharp-win32-x64@0.34.5
1961 silly packumentCache full:https://registry.npmjs.org/@img%2fsharp-win32-x64 cache-miss
1962 silly fetch manifest @img/sharp-darwin-x64@0.34.5
1963 silly packumentCache full:https://registry.npmjs.org/@img%2fsharp-darwin-x64 cache-miss
1964 silly fetch manifest @img/sharp-win32-ia32@0.34.5
1965 silly packumentCache full:https://registry.npmjs.org/@img%2fsharp-win32-ia32 cache-miss
1966 silly fetch manifest @img/sharp-linux-arm64@0.34.5
1967 silly packumentCache full:https://registry.npmjs.org/@img%2fsharp-linux-arm64 cache-miss
1968 silly fetch manifest @img/sharp-linux-ppc64@0.34.5
1969 silly packumentCache full:https://registry.npmjs.org/@img%2fsharp-linux-ppc64 cache-miss
1970 silly fetch manifest @img/sharp-linux-s390x@0.34.5
1971 silly packumentCache full:https://registry.npmjs.org/@img%2fsharp-linux-s390x cache-miss
1972 silly fetch manifest @img/sharp-win32-arm64@0.34.5
1973 silly packumentCache full:https://registry.npmjs.org/@img%2fsharp-win32-arm64 cache-miss
1974 http fetch GET 200 https://registry.npmjs.org/source-map-js 30ms (cache miss)
1975 silly packumentCache full:https://registry.npmjs.org/source-map-js set size:undefined disposed:false
1976 silly fetch manifest @img/sharp-darwin-arm64@0.34.5
1977 silly packumentCache full:https://registry.npmjs.org/@img%2fsharp-darwin-arm64 cache-miss
1978 http fetch GET 200 https://registry.npmjs.org/nanoid 42ms (cache miss)
1979 silly packumentCache full:https://registry.npmjs.org/nanoid set size:undefined disposed:false
1980 silly fetch manifest @img/sharp-linux-riscv64@0.34.5
1981 silly packumentCache full:https://registry.npmjs.org/@img%2fsharp-linux-riscv64 cache-miss
1982 http fetch GET 200 https://registry.npmjs.org/detect-libc 46ms (cache miss)
1983 silly packumentCache full:https://registry.npmjs.org/detect-libc set size:undefined disposed:false
1984 silly fetch manifest @img/sharp-linuxmusl-x64@0.34.5
1985 silly packumentCache full:https://registry.npmjs.org/@img%2fsharp-linuxmusl-x64 cache-miss
1986 http fetch GET 200 https://registry.npmjs.org/@img%2fsharp-wasm32 48ms (cache miss)
1987 silly packumentCache full:https://registry.npmjs.org/@img%2fsharp-wasm32 set size:undefined disposed:false
1988 silly fetch manifest @img/sharp-linuxmusl-arm64@0.34.5
1989 silly packumentCache full:https://registry.npmjs.org/@img%2fsharp-linuxmusl-arm64 cache-miss
1990 http fetch GET 200 https://registry.npmjs.org/tslib 55ms (cache miss)
1991 silly packumentCache full:https://registry.npmjs.org/tslib set size:undefined disposed:false
1992 silly fetch manifest @img/sharp-libvips-linux-arm@1.2.4
1993 silly packumentCache full:https://registry.npmjs.org/@img%2fsharp-libvips-linux-arm cache-miss
1994 http fetch GET 200 https://registry.npmjs.org/@img%2fsharp-win32-ia32 56ms (cache miss)
1995 silly packumentCache full:https://registry.npmjs.org/@img%2fsharp-win32-ia32 set size:undefined disposed:false
1996 silly fetch manifest @img/sharp-libvips-linux-x64@1.2.4
1997 silly packumentCache full:https://registry.npmjs.org/@img%2fsharp-libvips-linux-x64 cache-miss
1998 http fetch GET 200 https://registry.npmjs.org/@img%2fsharp-linux-arm64 59ms (cache miss)
1999 silly packumentCache full:https://registry.npmjs.org/@img%2fsharp-linux-arm64 set size:undefined disposed:false
2000 silly fetch manifest @img/sharp-libvips-darwin-x64@1.2.4
2001 silly packumentCache full:https://registry.npmjs.org/@img%2fsharp-libvips-darwin-x64 cache-miss
2002 http fetch GET 200 https://registry.npmjs.org/@img%2fsharp-linux-ppc64 61ms (cache miss)
2003 silly packumentCache full:https://registry.npmjs.org/@img%2fsharp-linux-ppc64 set size:undefined disposed:false
2004 silly fetch manifest @img/sharp-libvips-linux-arm64@1.2.4
2005 silly packumentCache full:https://registry.npmjs.org/@img%2fsharp-libvips-linux-arm64 cache-miss
2006 http fetch GET 200 https://registry.npmjs.org/@img%2fsharp-win32-arm64 59ms (cache miss)
2007 silly packumentCache full:https://registry.npmjs.org/@img%2fsharp-win32-arm64 set size:undefined disposed:false
2008 silly fetch manifest @img/sharp-libvips-linux-ppc64@1.2.4
2009 silly packumentCache full:https://registry.npmjs.org/@img%2fsharp-libvips-linux-ppc64 cache-miss
2010 http fetch GET 200 https://registry.npmjs.org/@img%2fsharp-darwin-x64 64ms (cache miss)
2011 silly packumentCache full:https://registry.npmjs.org/@img%2fsharp-darwin-x64 set size:undefined disposed:false
2012 silly fetch manifest @img/sharp-libvips-linux-s390x@1.2.4
2013 silly packumentCache full:https://registry.npmjs.org/@img%2fsharp-libvips-linux-s390x cache-miss
2014 http fetch GET 200 https://registry.npmjs.org/@img%2fcolour 70ms (cache miss)
2015 silly packumentCache full:https://registry.npmjs.org/@img%2fcolour set size:undefined disposed:false
2016 silly fetch manifest @img/sharp-libvips-darwin-arm64@1.2.4
2017 silly packumentCache full:https://registry.npmjs.org/@img%2fsharp-libvips-darwin-arm64 cache-miss
2018 http fetch GET 200 https://registry.npmjs.org/@img%2fsharp-linux-x64 75ms (cache miss)
2019 silly packumentCache full:https://registry.npmjs.org/@img%2fsharp-linux-x64 set size:undefined disposed:false
2020 silly fetch manifest @img/sharp-libvips-linux-riscv64@1.2.4
2021 silly packumentCache full:https://registry.npmjs.org/@img%2fsharp-libvips-linux-riscv64 cache-miss
2022 http fetch GET 200 https://registry.npmjs.org/@img%2fsharp-linux-arm 78ms (cache miss)
2023 silly packumentCache full:https://registry.npmjs.org/@img%2fsharp-linux-arm set size:undefined disposed:false
2024 silly fetch manifest @img/sharp-libvips-linuxmusl-x64@1.2.4
2025 silly packumentCache full:https://registry.npmjs.org/@img%2fsharp-libvips-linuxmusl-x64 cache-miss
2026 http fetch GET 200 https://registry.npmjs.org/@img%2fsharp-win32-x64 80ms (cache miss)
2027 silly packumentCache full:https://registry.npmjs.org/@img%2fsharp-win32-x64 set size:undefined disposed:false
2028 silly fetch manifest @img/sharp-libvips-linuxmusl-arm64@1.2.4
2029 silly packumentCache full:https://registry.npmjs.org/@img%2fsharp-libvips-linuxmusl-arm64 cache-miss
2030 http fetch GET 200 https://registry.npmjs.org/@img%2fsharp-linuxmusl-x64 42ms (cache miss)
2031 silly packumentCache full:https://registry.npmjs.org/@img%2fsharp-linuxmusl-x64 set size:undefined disposed:false
2032 silly fetch manifest client-only@0.0.1
2033 silly packumentCache full:https://registry.npmjs.org/client-only cache-miss
2034 http fetch GET 200 https://registry.npmjs.org/@img%2fsharp-linuxmusl-arm64 43ms (cache miss)
2035 silly packumentCache full:https://registry.npmjs.org/@img%2fsharp-linuxmusl-arm64 set size:undefined disposed:false
2036 http fetch GET 200 https://registry.npmjs.org/@img%2fsharp-libvips-linux-x64 57ms (cache miss)
2037 silly packumentCache full:https://registry.npmjs.org/@img%2fsharp-libvips-linux-x64 set size:undefined disposed:false
2038 http fetch GET 200 https://registry.npmjs.org/@img%2fsharp-libvips-linux-arm64 54ms (cache miss)
2039 silly packumentCache full:https://registry.npmjs.org/@img%2fsharp-libvips-linux-arm64 set size:undefined disposed:false
2040 http fetch GET 200 https://registry.npmjs.org/@img%2fsharp-libvips-darwin-x64 57ms (cache miss)
2041 silly packumentCache full:https://registry.npmjs.org/@img%2fsharp-libvips-darwin-x64 set size:undefined disposed:false
2042 http fetch GET 200 https://registry.npmjs.org/@img%2fsharp-libvips-linux-arm 65ms (cache miss)
2043 silly packumentCache full:https://registry.npmjs.org/@img%2fsharp-libvips-linux-arm set size:undefined disposed:false
2044 http fetch GET 200 https://registry.npmjs.org/@img%2fsharp-libvips-darwin-arm64 52ms (cache miss)
2045 silly packumentCache full:https://registry.npmjs.org/@img%2fsharp-libvips-darwin-arm64 set size:undefined disposed:false
2046 http fetch GET 200 https://registry.npmjs.org/client-only 34ms (cache miss)
2047 silly packumentCache full:https://registry.npmjs.org/client-only set size:undefined disposed:false
2048 http fetch GET 200 https://registry.npmjs.org/@img%2fsharp-libvips-linuxmusl-arm64 43ms (cache miss)
2049 silly packumentCache full:https://registry.npmjs.org/@img%2fsharp-libvips-linuxmusl-arm64 set size:undefined disposed:false
2050 http fetch GET 200 https://registry.npmjs.org/@img%2fsharp-libvips-linuxmusl-x64 58ms (cache miss)
2051 silly packumentCache full:https://registry.npmjs.org/@img%2fsharp-libvips-linuxmusl-x64 set size:undefined disposed:false
2052 http fetch GET 200 https://registry.npmjs.org/@img%2fsharp-darwin-arm64 203ms (cache miss)
2053 silly packumentCache full:https://registry.npmjs.org/@img%2fsharp-darwin-arm64 set size:undefined disposed:false
2054 http fetch GET 200 https://registry.npmjs.org/@img%2fsharp-libvips-linux-ppc64 228ms (cache miss)
2055 silly packumentCache full:https://registry.npmjs.org/@img%2fsharp-libvips-linux-ppc64 set size:undefined disposed:false
2056 http fetch GET 200 https://registry.npmjs.org/@img%2fsharp-libvips-linux-s390x 230ms (cache miss)
2057 silly packumentCache full:https://registry.npmjs.org/@img%2fsharp-libvips-linux-s390x set size:undefined disposed:false
2058 http fetch GET 200 https://registry.npmjs.org/@img%2fsharp-linux-s390x 336ms (cache miss)
2059 silly packumentCache full:https://registry.npmjs.org/@img%2fsharp-linux-s390x set size:undefined disposed:false
2060 http fetch GET 200 https://registry.npmjs.org/@img%2fsharp-linux-riscv64 349ms (cache miss)
2061 silly packumentCache full:https://registry.npmjs.org/@img%2fsharp-linux-riscv64 set size:undefined disposed:false
2062 http fetch GET 200 https://registry.npmjs.org/@img%2fsharp-libvips-linux-riscv64 332ms (cache miss)
2063 silly packumentCache full:https://registry.npmjs.org/@img%2fsharp-libvips-linux-riscv64 set size:undefined disposed:false
2064 silly placeDep ROOT tslib@2.8.1 OK for: @swc/helpers@0.5.15 want: ^2.8.0
2065 silly placeDep ROOT deep-is@0.1.4 OK for: optionator@0.9.4 want: ^0.1.3
2066 silly placeDep ROOT fast-levenshtein@2.0.6 OK for: optionator@0.9.4 want: ^2.0.6
2067 silly placeDep ROOT word-wrap@1.2.5 OK for: optionator@0.9.4 want: ^1.2.5
2068 silly placeDep ROOT p-limit@3.1.0 OK for: p-locate@5.0.0 want: ^3.0.2
2069 silly fetch manifest yocto-queue@^0.1.0
2070 silly packumentCache full:https://registry.npmjs.org/yocto-queue cache-miss
2071 http fetch GET 200 https://registry.npmjs.org/yocto-queue 26ms (cache miss)
2072 silly packumentCache full:https://registry.npmjs.org/yocto-queue set size:undefined disposed:false
2073 silly placeDep ROOT yocto-queue@0.1.0 OK for: p-limit@3.1.0 want: ^0.1.0
2074 silly placeDep ROOT callsites@3.1.0 OK for: parent-module@1.0.1 want: ^3.0.0
2075 silly placeDep ROOT nanoid@3.3.11 OK for: postcss@8.4.31 want: ^3.3.6
2076 silly placeDep ROOT source-map-js@1.2.1 OK for: postcss@8.4.31 want: ^1.0.2
2077 silly placeDep ROOT loose-envify@1.4.0 OK for: prop-types@15.8.1 want: ^1.4.0
2078 silly placeDep ROOT object-assign@4.1.1 OK for: prop-types@15.8.1 want: ^4.1.1
2079 silly placeDep ROOT react-is@16.13.1 OK for: prop-types@15.8.1 want: ^16.13.1
2080 silly placeDep ROOT scheduler@0.27.0 OK for: react-dom@19.2.3 want: ^0.27.0
2081 silly placeDep ROOT path-parse@1.0.7 OK for: resolve@1.22.11 want: ^1.0.7
2082 silly placeDep ROOT supports-preserve-symlinks-flag@1.0.0 OK for: resolve@1.22.11 want: ^1.0.0
2083 silly placeDep ROOT queue-microtask@1.2.3 OK for: run-parallel@1.2.0 want: ^1.2.2
2084 silly placeDep ROOT isarray@2.0.5 OK for: safe-array-concat@1.1.3 want: ^2.0.5
2085 silly placeDep ROOT @img/colour@1.0.0 OK for: sharp@0.34.5 want: ^1.0.0
2086 silly placeDep ROOT @img/sharp-darwin-arm64@0.34.5 OK for: sharp@0.34.5 want: 0.34.5
2087 silly placeDep ROOT @img/sharp-darwin-x64@0.34.5 OK for: sharp@0.34.5 want: 0.34.5
2088 silly placeDep ROOT @img/sharp-libvips-darwin-arm64@1.2.4 OK for: sharp@0.34.5 want: 1.2.4
2089 silly placeDep ROOT @img/sharp-libvips-darwin-x64@1.2.4 OK for: sharp@0.34.5 want: 1.2.4
2090 silly placeDep ROOT @img/sharp-libvips-linux-arm@1.2.4 OK for: sharp@0.34.5 want: 1.2.4
2091 silly placeDep ROOT @img/sharp-libvips-linux-arm64@1.2.4 OK for: sharp@0.34.5 want: 1.2.4
2092 silly placeDep ROOT @img/sharp-libvips-linux-ppc64@1.2.4 OK for: sharp@0.34.5 want: 1.2.4
2093 silly placeDep ROOT @img/sharp-libvips-linux-riscv64@1.2.4 OK for: sharp@0.34.5 want: 1.2.4
2094 silly placeDep ROOT @img/sharp-libvips-linux-s390x@1.2.4 OK for: sharp@0.34.5 want: 1.2.4
2095 silly placeDep ROOT @img/sharp-libvips-linux-x64@1.2.4 OK for: sharp@0.34.5 want: 1.2.4
2096 silly placeDep ROOT @img/sharp-libvips-linuxmusl-arm64@1.2.4 OK for: sharp@0.34.5 want: 1.2.4
2097 silly placeDep ROOT @img/sharp-libvips-linuxmusl-x64@1.2.4 OK for: sharp@0.34.5 want: 1.2.4
2098 silly placeDep ROOT @img/sharp-linux-arm@0.34.5 OK for: sharp@0.34.5 want: 0.34.5
2099 silly placeDep ROOT @img/sharp-linux-arm64@0.34.5 OK for: sharp@0.34.5 want: 0.34.5
2100 silly placeDep ROOT @img/sharp-linux-ppc64@0.34.5 OK for: sharp@0.34.5 want: 0.34.5
2101 silly placeDep ROOT @img/sharp-linux-riscv64@0.34.5 OK for: sharp@0.34.5 want: 0.34.5
2102 silly placeDep ROOT @img/sharp-linux-s390x@0.34.5 OK for: sharp@0.34.5 want: 0.34.5
2103 silly placeDep ROOT @img/sharp-linux-x64@0.34.5 OK for: sharp@0.34.5 want: 0.34.5
2104 silly placeDep ROOT @img/sharp-linuxmusl-arm64@0.34.5 OK for: sharp@0.34.5 want: 0.34.5
2105 silly placeDep ROOT @img/sharp-linuxmusl-x64@0.34.5 OK for: sharp@0.34.5 want: 0.34.5
2106 silly placeDep ROOT @img/sharp-wasm32@0.34.5 OK for: sharp@0.34.5 want: 0.34.5
2107 silly placeDep ROOT @img/sharp-win32-arm64@0.34.5 OK for: sharp@0.34.5 want: 0.34.5
2108 silly placeDep ROOT @img/sharp-win32-ia32@0.34.5 OK for: sharp@0.34.5 want: 0.34.5
2109 silly placeDep ROOT @img/sharp-win32-x64@0.34.5 OK for: sharp@0.34.5 want: 0.34.5
2110 silly placeDep ROOT detect-libc@2.1.2 OK for: sharp@0.34.5 want: ^2.1.2
2111 silly placeDep node_modules/sharp semver@7.7.4 OK for: sharp@0.34.5 want: ^7.7.3
2112 silly fetch manifest @emnapi/runtime@^1.7.0
2113 silly packumentCache full:https://registry.npmjs.org/@emnapi%2fruntime cache-miss
2114 http fetch GET 200 https://registry.npmjs.org/@emnapi%2fruntime 48ms (cache miss)
2115 silly packumentCache full:https://registry.npmjs.org/@emnapi%2fruntime set size:undefined disposed:false
2116 silly placeDep ROOT @emnapi/runtime@1.8.1 OK for: @img/sharp-wasm32@0.34.5 want: ^1.7.0
2117 silly placeDep ROOT shebang-regex@3.0.0 OK for: shebang-command@2.0.0 want: ^3.0.0
2118 silly placeDep ROOT side-channel-list@1.0.0 OK for: side-channel@1.1.0 want: ^1.0.0
2119 silly placeDep ROOT side-channel-map@1.0.1 OK for: side-channel@1.1.0 want: ^1.0.1
2120 silly placeDep ROOT side-channel-weakmap@1.0.2 OK for: side-channel@1.1.0 want: ^1.0.2
2121 silly placeDep ROOT client-only@0.0.1 OK for: styled-jsx@5.1.6 want: 0.0.1
2122 silly placeDep ROOT has-flag@4.0.0 OK for: supports-color@7.2.0 want: ^4.0.0
2123 silly placeDep node_modules/tinyglobby fdir@6.5.0 OK for: tinyglobby@0.2.15 want: ^6.5.0
2124 silly placeDep node_modules/tinyglobby picomatch@4.0.3 OK for: fdir@6.5.0 want: ^3 || ^4
2125 silly placeDep ROOT is-number@7.0.0 OK for: to-regex-range@5.0.1 want: ^7.0.0
2126 silly placeDep ROOT @types/json5@0.0.29 OK for: tsconfig-paths@3.15.0 want: ^0.0.29
2127 silly placeDep node_modules/tsconfig-paths json5@1.0.2 OK for: tsconfig-paths@3.15.0 want: ^1.0.2
2128 silly placeDep ROOT minimist@1.2.8 OK for: tsconfig-paths@3.15.0 want: ^1.2.6
2129 silly placeDep ROOT strip-bom@3.0.0 OK for: tsconfig-paths@3.15.0 want: ^3.0.0
2130 silly fetch manifest minimist@^1.2.0
2131 silly packumentCache full:https://registry.npmjs.org/minimist cache-miss
2132 http cache https://registry.npmjs.org/minimist 5ms (cache hit)
2133 silly packumentCache full:https://registry.npmjs.org/minimist set size:77082 disposed:false
2134 silly placeDep ROOT for-each@0.3.5 OK for: typed-array-byte-length@1.0.3 want: ^0.3.3
2135 silly placeDep ROOT reflect.getprototypeof@1.0.10 OK for: typed-array-byte-offset@1.0.4 want: ^1.0.9
2136 silly fetch manifest which-builtin-type@^1.2.1
2137 silly packumentCache full:https://registry.npmjs.org/which-builtin-type cache-miss
2138 http fetch GET 200 https://registry.npmjs.org/which-builtin-type 32ms (cache miss)
2139 silly packumentCache full:https://registry.npmjs.org/which-builtin-type set size:undefined disposed:false
2140 silly placeDep ROOT which-builtin-type@1.2.1 OK for: reflect.getprototypeof@1.0.10 want: ^1.2.1
2141 silly fetch manifest is-async-function@^2.0.0
2142 silly packumentCache full:https://registry.npmjs.org/is-async-function cache-miss
2143 silly fetch manifest is-finalizationregistry@^1.1.0
2144 silly packumentCache full:https://registry.npmjs.org/is-finalizationregistry cache-miss
2145 silly fetch manifest is-generator-function@^1.0.10
2146 silly packumentCache full:https://registry.npmjs.org/is-generator-function cache-miss
2147 silly fetch manifest which-boxed-primitive@^1.1.0
2148 silly packumentCache full:https://registry.npmjs.org/which-boxed-primitive cache-miss
2149 silly fetch manifest which-collection@^1.0.2
2150 silly packumentCache full:https://registry.npmjs.org/which-collection cache-miss
2151 http cache https://registry.npmjs.org/which-boxed-primitive 8ms (cache hit)
2152 silly packumentCache full:https://registry.npmjs.org/which-boxed-primitive set size:19407 disposed:false
2153 http fetch GET 200 https://registry.npmjs.org/is-async-function 26ms (cache miss)
2154 silly packumentCache full:https://registry.npmjs.org/is-async-function set size:undefined disposed:false
2155 http fetch GET 200 https://registry.npmjs.org/is-finalizationregistry 35ms (cache miss)
2156 silly packumentCache full:https://registry.npmjs.org/is-finalizationregistry set size:undefined disposed:false
2157 http fetch GET 200 https://registry.npmjs.org/which-collection 36ms (cache miss)
2158 silly packumentCache full:https://registry.npmjs.org/which-collection set size:undefined disposed:false
2159 http fetch GET 200 https://registry.npmjs.org/is-generator-function 36ms (cache miss)
2160 silly packumentCache full:https://registry.npmjs.org/is-generator-function set size:undefined disposed:false
2161 silly fetch manifest eslint@^8.57.0 || ^9.0.0 || ^10.0.0
2162 silly packumentCache full:https://registry.npmjs.org/eslint cache-miss
2163 http cache https://registry.npmjs.org/eslint 10ms (cache hit)
2164 silly packumentCache full:https://registry.npmjs.org/eslint set size:1949507 disposed:false
2165 silly fetch manifest typescript@>=4.8.4 <6.0.0
2166 silly packumentCache full:https://registry.npmjs.org/typescript cache-miss
2167 http cache https://registry.npmjs.org/typescript 36ms (cache hit)
2168 silly packumentCache full:https://registry.npmjs.org/typescript set size:15287678 disposed:false
2169 silly placeDep ROOT @typescript-eslint/eslint-plugin@8.56.1 OK for: typescript-eslint@8.56.1 want: 8.56.1
2170 silly placeDep ROOT @typescript-eslint/parser@8.56.1 OK for: @typescript-eslint/eslint-plugin@8.56.1 want: ^8.56.1
2171 silly placeDep ROOT @typescript-eslint/typescript-estree@8.56.1 OK for: typescript-eslint@8.56.1 want: 8.56.1
2172 silly placeDep ROOT @typescript-eslint/utils@8.56.1 OK for: typescript-eslint@8.56.1 want: 8.56.1
2173 silly fetch manifest ignore@^7.0.5
2174 silly packumentCache full:https://registry.npmjs.org/ignore cache-miss
2175 silly fetch manifest ts-api-utils@^2.4.0
2176 silly packumentCache full:https://registry.npmjs.org/ts-api-utils cache-miss
2177 silly fetch manifest @typescript-eslint/type-utils@8.56.1
2178 silly packumentCache full:https://registry.npmjs.org/@typescript-eslint%2ftype-utils cache-miss
2179 silly fetch manifest @typescript-eslint/visitor-keys@8.56.1
2180 silly packumentCache full:https://registry.npmjs.org/@typescript-eslint%2fvisitor-keys cache-miss
2181 silly fetch manifest @typescript-eslint/scope-manager@8.56.1
2182 silly packumentCache full:https://registry.npmjs.org/@typescript-eslint%2fscope-manager cache-miss
2183 silly fetch manifest @typescript-eslint/types@8.56.1
2184 silly packumentCache full:https://registry.npmjs.org/@typescript-eslint%2ftypes cache-miss
2185 silly fetch manifest @typescript-eslint/visitor-keys@8.56.1
2186 silly packumentCache full:https://registry.npmjs.org/@typescript-eslint%2fvisitor-keys cache-miss
2187 silly fetch manifest @typescript-eslint/scope-manager@8.56.1
2188 silly packumentCache full:https://registry.npmjs.org/@typescript-eslint%2fscope-manager cache-miss
2189 silly fetch manifest minimatch@^10.2.2
2190 silly packumentCache full:https://registry.npmjs.org/minimatch cache-hit
2191 silly fetch manifest ts-api-utils@^2.4.0
2192 silly packumentCache full:https://registry.npmjs.org/ts-api-utils cache-miss
2193 silly fetch manifest @typescript-eslint/types@8.56.1
2194 silly packumentCache full:https://registry.npmjs.org/@typescript-eslint%2ftypes cache-miss
2195 silly fetch manifest @typescript-eslint/visitor-keys@8.56.1
2196 silly packumentCache full:https://registry.npmjs.org/@typescript-eslint%2fvisitor-keys cache-miss
2197 silly fetch manifest @typescript-eslint/tsconfig-utils@8.56.1
2198 silly packumentCache full:https://registry.npmjs.org/@typescript-eslint%2ftsconfig-utils cache-miss
2199 silly fetch manifest @typescript-eslint/project-service@8.56.1
2200 silly packumentCache full:https://registry.npmjs.org/@typescript-eslint%2fproject-service cache-miss
2201 silly fetch manifest @typescript-eslint/types@8.56.1
2202 silly packumentCache full:https://registry.npmjs.org/@typescript-eslint%2ftypes cache-miss
2203 silly fetch manifest @typescript-eslint/scope-manager@8.56.1
2204 silly packumentCache full:https://registry.npmjs.org/@typescript-eslint%2fscope-manager cache-miss
2205 http cache https://registry.npmjs.org/ignore 13ms (cache hit)
2206 silly packumentCache full:https://registry.npmjs.org/ignore set size:237380 disposed:false
2207 http fetch GET 200 https://registry.npmjs.org/ts-api-utils 31ms (cache miss)
2208 silly packumentCache full:https://registry.npmjs.org/ts-api-utils set size:undefined disposed:false
2209 http fetch GET 200 https://registry.npmjs.org/ts-api-utils 35ms (cache miss)
2210 silly packumentCache full:https://registry.npmjs.org/ts-api-utils set size:undefined disposed:false
2211 http fetch GET 200 https://registry.npmjs.org/@typescript-eslint%2fproject-service 188ms (cache miss)
2212 silly packumentCache full:https://registry.npmjs.org/@typescript-eslint%2fproject-service set size:undefined disposed:false
2213 http fetch GET 200 https://registry.npmjs.org/@typescript-eslint%2ftsconfig-utils 197ms (cache miss)
2214 silly packumentCache full:https://registry.npmjs.org/@typescript-eslint%2ftsconfig-utils set size:undefined disposed:false
2215 http fetch GET 200 https://registry.npmjs.org/@typescript-eslint%2fscope-manager 707ms (cache miss)
2216 silly packumentCache full:https://registry.npmjs.org/@typescript-eslint%2fscope-manager set size:undefined disposed:false
2217 http fetch GET 200 https://registry.npmjs.org/@typescript-eslint%2fscope-manager 867ms (cache miss)
2218 silly packumentCache full:https://registry.npmjs.org/@typescript-eslint%2fscope-manager set size:undefined disposed:false
2219 http fetch GET 200 https://registry.npmjs.org/@typescript-eslint%2fvisitor-keys 1290ms (cache miss)
2220 silly packumentCache full:https://registry.npmjs.org/@typescript-eslint%2fvisitor-keys set size:undefined disposed:false
2221 http fetch GET 200 https://registry.npmjs.org/@typescript-eslint%2ftype-utils 1352ms (cache miss)
2222 silly packumentCache full:https://registry.npmjs.org/@typescript-eslint%2ftype-utils set size:undefined disposed:false
2223 http fetch GET 200 https://registry.npmjs.org/@typescript-eslint%2fvisitor-keys 1760ms (cache miss)
2224 silly packumentCache full:https://registry.npmjs.org/@typescript-eslint%2fvisitor-keys set size:undefined disposed:false
2225 http fetch GET 200 https://registry.npmjs.org/@typescript-eslint%2ftypes 1931ms (cache miss)
2226 silly packumentCache full:https://registry.npmjs.org/@typescript-eslint%2ftypes set size:undefined disposed:false
2227 http fetch GET 200 https://registry.npmjs.org/@typescript-eslint%2ftypes 2292ms (cache miss)
2228 silly packumentCache full:https://registry.npmjs.org/@typescript-eslint%2ftypes set size:undefined disposed:false
2229 http fetch GET 200 https://registry.npmjs.org/@typescript-eslint%2fscope-manager 2379ms (cache miss)
2230 silly packumentCache full:https://registry.npmjs.org/@typescript-eslint%2fscope-manager set size:undefined disposed:false
2231 http fetch GET 200 https://registry.npmjs.org/@typescript-eslint%2ftypes 2936ms (cache miss)
2232 silly packumentCache full:https://registry.npmjs.org/@typescript-eslint%2ftypes set size:undefined disposed:false
2233 http fetch GET 200 https://registry.npmjs.org/@typescript-eslint%2fvisitor-keys 3565ms (cache miss)
2234 silly packumentCache full:https://registry.npmjs.org/@typescript-eslint%2fvisitor-keys set size:undefined disposed:false
2235 silly placeDep ROOT @typescript-eslint/scope-manager@8.56.1 OK for: @typescript-eslint/eslint-plugin@8.56.1 want: 8.56.1
2236 silly placeDep ROOT @typescript-eslint/type-utils@8.56.1 OK for: @typescript-eslint/eslint-plugin@8.56.1 want: 8.56.1
2237 silly placeDep ROOT @typescript-eslint/visitor-keys@8.56.1 OK for: @typescript-eslint/eslint-plugin@8.56.1 want: 8.56.1
2238 silly placeDep node_modules/@typescript-eslint/eslint-plugin ignore@7.0.5 OK for: @typescript-eslint/eslint-plugin@8.56.1 want: ^7.0.5
2239 silly placeDep ROOT ts-api-utils@2.4.0 OK for: @typescript-eslint/eslint-plugin@8.56.1 want: ^2.4.0
2240 silly fetch manifest eslint-visitor-keys@^5.0.0
2241 silly packumentCache full:https://registry.npmjs.org/eslint-visitor-keys cache-hit
2242 silly placeDep ROOT @typescript-eslint/types@8.56.1 OK for: @typescript-eslint/parser@8.56.1 want: 8.56.1
2243 silly placeDep ROOT @typescript-eslint/project-service@8.56.1 OK for: @typescript-eslint/typescript-estree@8.56.1 want: 8.56.1
2244 silly placeDep ROOT @typescript-eslint/tsconfig-utils@8.56.1 OK for: @typescript-eslint/typescript-estree@8.56.1 want: 8.56.1
2245 silly placeDep node_modules/@typescript-eslint/typescript-estree minimatch@10.2.4 OK for: @typescript-eslint/typescript-estree@8.56.1 want: ^10.2.2
2246 silly placeDep node_modules/@typescript-eslint/typescript-estree semver@7.7.4 OK for: @typescript-eslint/typescript-estree@8.56.1 want: ^7.7.3
2247 silly fetch manifest @typescript-eslint/tsconfig-utils@^8.56.1
2248 silly packumentCache full:https://registry.npmjs.org/@typescript-eslint%2ftsconfig-utils cache-miss
2249 silly fetch manifest brace-expansion@^5.0.2
2250 silly packumentCache full:https://registry.npmjs.org/brace-expansion cache-miss
2251 http cache https://registry.npmjs.org/brace-expansion 6ms (cache hit)
2252 silly packumentCache full:https://registry.npmjs.org/brace-expansion set size:53397 disposed:false
2253 http cache https://registry.npmjs.org/@typescript-eslint%2ftsconfig-utils 9ms (cache hit)
2254 silly packumentCache full:https://registry.npmjs.org/@typescript-eslint%2ftsconfig-utils set size:914816 disposed:false
2255 silly placeDep node_modules/@typescript-eslint/visitor-keys eslint-visitor-keys@5.0.1 OK for: @typescript-eslint/visitor-keys@8.56.1 want: ^5.0.0
2256 silly placeDep ROOT has-bigints@1.1.0 OK for: unbox-primitive@1.1.0 want: ^1.0.2
2257 silly placeDep ROOT which-boxed-primitive@1.1.1 OK for: unbox-primitive@1.1.0 want: ^1.1.1
2258 silly fetch manifest is-bigint@^1.1.0
2259 silly packumentCache full:https://registry.npmjs.org/is-bigint cache-miss
2260 silly fetch manifest is-boolean-object@^1.2.1
2261 silly packumentCache full:https://registry.npmjs.org/is-boolean-object cache-miss
2262 silly fetch manifest is-number-object@^1.1.1
2263 silly packumentCache full:https://registry.npmjs.org/is-number-object cache-miss
2264 http fetch GET 200 https://registry.npmjs.org/is-bigint 76ms (cache miss)
2265 silly packumentCache full:https://registry.npmjs.org/is-bigint set size:undefined disposed:false
2266 http fetch GET 200 https://registry.npmjs.org/is-number-object 77ms (cache miss)
2267 silly packumentCache full:https://registry.npmjs.org/is-number-object set size:undefined disposed:false
2268 http fetch GET 200 https://registry.npmjs.org/is-boolean-object 80ms (cache miss)
2269 silly packumentCache full:https://registry.npmjs.org/is-boolean-object set size:undefined disposed:false
2270 silly placeDep ROOT @unrs/resolver-binding-android-arm-eabi@1.11.1 OK for: unrs-resolver@1.11.1 want: 1.11.1
2271 silly placeDep ROOT @unrs/resolver-binding-android-arm64@1.11.1 OK for: unrs-resolver@1.11.1 want: 1.11.1
2272 silly placeDep ROOT @unrs/resolver-binding-darwin-arm64@1.11.1 OK for: unrs-resolver@1.11.1 want: 1.11.1
2273 silly placeDep ROOT @unrs/resolver-binding-darwin-x64@1.11.1 OK for: unrs-resolver@1.11.1 want: 1.11.1
2274 silly placeDep ROOT @unrs/resolver-binding-freebsd-x64@1.11.1 OK for: unrs-resolver@1.11.1 want: 1.11.1
2275 silly placeDep ROOT @unrs/resolver-binding-linux-arm-gnueabihf@1.11.1 OK for: unrs-resolver@1.11.1 want: 1.11.1
2276 silly placeDep ROOT @unrs/resolver-binding-linux-arm-musleabihf@1.11.1 OK for: unrs-resolver@1.11.1 want: 1.11.1
2277 silly placeDep ROOT @unrs/resolver-binding-linux-arm64-gnu@1.11.1 OK for: unrs-resolver@1.11.1 want: 1.11.1
2278 silly placeDep ROOT @unrs/resolver-binding-linux-arm64-musl@1.11.1 OK for: unrs-resolver@1.11.1 want: 1.11.1
2279 silly placeDep ROOT @unrs/resolver-binding-linux-ppc64-gnu@1.11.1 OK for: unrs-resolver@1.11.1 want: 1.11.1
2280 silly placeDep ROOT @unrs/resolver-binding-linux-riscv64-gnu@1.11.1 OK for: unrs-resolver@1.11.1 want: 1.11.1
2281 silly placeDep ROOT @unrs/resolver-binding-linux-riscv64-musl@1.11.1 OK for: unrs-resolver@1.11.1 want: 1.11.1
2282 silly placeDep ROOT @unrs/resolver-binding-linux-s390x-gnu@1.11.1 OK for: unrs-resolver@1.11.1 want: 1.11.1
2283 silly placeDep ROOT @unrs/resolver-binding-linux-x64-gnu@1.11.1 OK for: unrs-resolver@1.11.1 want: 1.11.1
2284 silly placeDep ROOT @unrs/resolver-binding-linux-x64-musl@1.11.1 OK for: unrs-resolver@1.11.1 want: 1.11.1
2285 silly placeDep ROOT @unrs/resolver-binding-wasm32-wasi@1.11.1 OK for: unrs-resolver@1.11.1 want: 1.11.1
2286 silly placeDep ROOT @unrs/resolver-binding-win32-arm64-msvc@1.11.1 OK for: unrs-resolver@1.11.1 want: 1.11.1
2287 silly placeDep ROOT @unrs/resolver-binding-win32-ia32-msvc@1.11.1 OK for: unrs-resolver@1.11.1 want: 1.11.1
2288 silly placeDep ROOT @unrs/resolver-binding-win32-x64-msvc@1.11.1 OK for: unrs-resolver@1.11.1 want: 1.11.1
2289 silly placeDep ROOT napi-postinstall@0.3.4 OK for: unrs-resolver@1.11.1 want: ^0.3.0
2290 silly fetch manifest @napi-rs/wasm-runtime@^0.2.11
2291 silly packumentCache full:https://registry.npmjs.org/@napi-rs%2fwasm-runtime cache-miss
2292 http fetch GET 200 https://registry.npmjs.org/@napi-rs%2fwasm-runtime 50ms (cache miss)
2293 silly packumentCache full:https://registry.npmjs.org/@napi-rs%2fwasm-runtime set size:undefined disposed:false
2294 silly placeDep ROOT @napi-rs/wasm-runtime@0.2.12 OK for: @unrs/resolver-binding-wasm32-wasi@1.11.1 want: ^0.2.11
2295 silly fetch manifest @emnapi/core@^1.4.3
2296 silly packumentCache full:https://registry.npmjs.org/@emnapi%2fcore cache-miss
2297 silly fetch manifest @tybys/wasm-util@^0.10.0
2298 silly packumentCache full:https://registry.npmjs.org/@tybys%2fwasm-util cache-miss
2299 http fetch GET 200 https://registry.npmjs.org/@emnapi%2fcore 97ms (cache miss)
2300 silly packumentCache full:https://registry.npmjs.org/@emnapi%2fcore set size:undefined disposed:false
2301 http fetch GET 200 https://registry.npmjs.org/@tybys%2fwasm-util 100ms (cache miss)
2302 silly packumentCache full:https://registry.npmjs.org/@tybys%2fwasm-util set size:undefined disposed:false
2303 silly placeDep ROOT @emnapi/core@1.8.1 OK for: @napi-rs/wasm-runtime@0.2.12 want: ^1.4.3
2304 silly placeDep ROOT @tybys/wasm-util@0.10.1 OK for: @napi-rs/wasm-runtime@0.2.12 want: ^0.10.0
2305 silly fetch manifest @emnapi/wasi-threads@1.1.0
2306 silly packumentCache full:https://registry.npmjs.org/@emnapi%2fwasi-threads cache-miss
2307 http fetch GET 200 https://registry.npmjs.org/@emnapi%2fwasi-threads 53ms (cache miss)
2308 silly packumentCache full:https://registry.npmjs.org/@emnapi%2fwasi-threads set size:undefined disposed:false
2309 silly placeDep ROOT @emnapi/wasi-threads@1.1.0 OK for: @emnapi/core@1.8.1 want: 1.1.0
2310 silly placeDep ROOT escalade@3.2.0 OK for: update-browserslist-db@1.2.3 want: ^3.2.0
2311 silly placeDep ROOT punycode@2.3.1 OK for: uri-js@4.4.1 want: ^2.1.0
2312 silly placeDep ROOT isexe@2.0.0 OK for: which@2.0.2 want: ^2.0.0
2313 silly placeDep ROOT is-bigint@1.1.0 OK for: which-boxed-primitive@1.1.1 want: ^1.1.0
2314 silly placeDep ROOT is-boolean-object@1.2.2 OK for: which-boxed-primitive@1.1.1 want: ^1.2.1
2315 silly placeDep ROOT is-number-object@1.1.1 OK for: which-boxed-primitive@1.1.1 want: ^1.1.1
2316 silly placeDep ROOT is-async-function@2.1.1 OK for: which-builtin-type@1.2.1 want: ^2.0.0
2317 silly placeDep ROOT is-finalizationregistry@1.1.1 OK for: which-builtin-type@1.2.1 want: ^1.1.0
2318 silly placeDep ROOT is-generator-function@1.1.2 OK for: which-builtin-type@1.2.1 want: ^1.0.10
2319 silly placeDep ROOT which-collection@1.0.2 OK for: which-builtin-type@1.2.1 want: ^1.0.2
2320 silly fetch manifest async-function@^1.0.0
2321 silly packumentCache full:https://registry.npmjs.org/async-function cache-miss
2322 silly fetch manifest generator-function@^2.0.0
2323 silly packumentCache full:https://registry.npmjs.org/generator-function cache-miss
2324 silly fetch manifest is-map@^2.0.3
2325 silly packumentCache full:https://registry.npmjs.org/is-map cache-miss
2326 silly fetch manifest is-weakmap@^2.0.2
2327 silly packumentCache full:https://registry.npmjs.org/is-weakmap cache-miss
2328 silly fetch manifest is-weakset@^2.0.3
2329 silly packumentCache full:https://registry.npmjs.org/is-weakset cache-miss
2330 http fetch GET 200 https://registry.npmjs.org/async-function 122ms (cache miss)
2331 silly packumentCache full:https://registry.npmjs.org/async-function set size:undefined disposed:false
2332 http fetch GET 200 https://registry.npmjs.org/is-weakset 125ms (cache miss)
2333 silly packumentCache full:https://registry.npmjs.org/is-weakset set size:undefined disposed:false
2334 http fetch GET 200 https://registry.npmjs.org/generator-function 127ms (cache miss)
2335 silly packumentCache full:https://registry.npmjs.org/generator-function set size:undefined disposed:false
2336 http fetch GET 200 https://registry.npmjs.org/is-weakmap 127ms (cache miss)
2337 silly packumentCache full:https://registry.npmjs.org/is-weakmap set size:undefined disposed:false
2338 http fetch GET 200 https://registry.npmjs.org/is-map 128ms (cache miss)
2339 silly packumentCache full:https://registry.npmjs.org/is-map set size:undefined disposed:false
2340 silly placeDep ROOT async-function@1.0.0 OK for: is-async-function@2.1.1 want: ^1.0.0
2341 silly placeDep ROOT generator-function@2.0.1 OK for: is-generator-function@1.1.2 want: ^2.0.0
2342 silly placeDep ROOT is-map@2.0.3 OK for: which-collection@1.0.2 want: ^2.0.3
2343 silly placeDep ROOT is-weakmap@2.0.2 OK for: which-collection@1.0.2 want: ^2.0.2
2344 silly placeDep ROOT is-weakset@2.0.4 OK for: which-collection@1.0.2 want: ^2.0.3
2345 silly placeDep node_modules/@typescript-eslint/typescript-estree brace-expansion@5.0.3 OK for: minimatch@10.2.4 want: ^5.0.2
2346 silly fetch manifest balanced-match@^4.0.2
2347 silly packumentCache full:https://registry.npmjs.org/balanced-match cache-miss
2348 http cache https://registry.npmjs.org/balanced-match 5ms (cache hit)
2349 silly packumentCache full:https://registry.npmjs.org/balanced-match set size:39082 disposed:false
2350 silly placeDep node_modules/@typescript-eslint/typescript-estree balanced-match@4.0.4 OK for: brace-expansion@5.0.3 want: ^4.0.2
2351 silly placeDep ROOT node-exports-info@1.6.0 OK for: resolve@2.0.0-next.6 want: ^1.6.0
2352 silly reify moves {}
2353 silly audit bulk request {
2353 silly audit   '@types/node': [ '20.19.34' ],
2353 silly audit   '@types/react': [ '19.2.14' ],
2353 silly audit   '@types/react-dom': [ '19.2.3' ],
2353 silly audit   eslint: [ '9.39.3' ],
2353 silly audit   'eslint-config-next': [ '16.1.6' ],
2353 silly audit   next: [ '16.1.6' ],
2353 silly audit   react: [ '19.2.3' ],
2353 silly audit   'react-dom': [ '19.2.3' ],
2353 silly audit   typescript: [ '5.9.3' ],
2353 silly audit   'undici-types': [ '6.21.0' ],
2353 silly audit   csstype: [ '3.2.3' ],
2353 silly audit   '@eslint-community/eslint-utils': [ '4.9.1' ],
2353 silly audit   '@eslint-community/regexpp': [ '4.12.2' ],
2353 silly audit   '@eslint/config-array': [ '0.21.1' ],
2353 silly audit   '@eslint/config-helpers': [ '0.4.2' ],
2353 silly audit   '@eslint/core': [ '0.17.0' ],
2353 silly audit   '@eslint/eslintrc': [ '3.3.4' ],
2353 silly audit   '@eslint/js': [ '9.39.3' ],
2353 silly audit   '@eslint/plugin-kit': [ '0.4.1' ],
2353 silly audit   '@humanfs/node': [ '0.16.7' ],
2353 silly audit   '@humanwhocodes/module-importer': [ '1.0.1' ],
2353 silly audit   '@humanwhocodes/retry': [ '0.4.3' ],
2353 silly audit   '@types/estree': [ '1.0.8' ],
2353 silly audit   ajv: [ '6.14.0' ],
2353 silly audit   chalk: [ '4.1.2' ],
2353 silly audit   'cross-spawn': [ '7.0.6' ],
2353 silly audit   debug: [ '4.4.3', '3.2.7' ],
2353 silly audit   'escape-string-regexp': [ '4.0.0' ],
2353 silly audit   'eslint-scope': [ '8.4.0' ],
2353 silly audit   'eslint-visitor-keys': [ '4.2.1', '3.4.3', '5.0.1' ],
2353 silly audit   espree: [ '10.4.0' ],
2353 silly audit   esquery: [ '1.7.0' ],
2353 silly audit   esutils: [ '2.0.3' ],
2353 silly audit   'fast-deep-equal': [ '3.1.3' ],
2353 silly audit   'file-entry-cache': [ '8.0.0' ],
2353 silly audit   'find-up': [ '5.0.0' ],
2353 silly audit   'glob-parent': [ '6.0.2', '5.1.2' ],
2353 silly audit   ignore: [ '5.3.2', '7.0.5' ],
2353 silly audit   imurmurhash: [ '0.1.4' ],
2353 silly audit   'is-glob': [ '4.0.3' ],
2353 silly audit   'json-stable-stringify-without-jsonify': [ '1.0.1' ],
2353 silly audit   'lodash.merge': [ '4.6.2' ],
2353 silly audit   minimatch: [ '3.1.5', '10.2.4' ],
2353 silly audit   'natural-compare': [ '1.4.0' ],
2353 silly audit   optionator: [ '0.9.4' ],
2353 silly audit   '@eslint/object-schema': [ '2.1.7' ],
2353 silly audit   '@types/json-schema': [ '7.0.15' ],
2353 silly audit   globals: [ '14.0.0', '16.4.0' ],
2353 silly audit   'import-fresh': [ '3.3.1' ],
2353 silly audit   'js-yaml': [ '4.1.1' ],
2353 silly audit   'strip-json-comments': [ '3.1.1' ],
2353 silly audit   levn: [ '0.4.1' ],
2353 silly audit   '@humanfs/core': [ '0.19.1' ],
2353 silly audit   'fast-json-stable-stringify': [ '2.1.0' ],
2353 silly audit   'json-schema-traverse': [ '0.4.1' ],
2353 silly audit   'uri-js': [ '4.4.1' ],
2353 silly audit   'ansi-styles': [ '4.3.0' ],
2353 silly audit   'supports-color': [ '7.2.0' ],
2353 silly audit   'color-convert': [ '2.0.1' ],
2353 silly audit   'color-name': [ '1.1.4' ],
2353 silly audit   'path-key': [ '3.1.1' ],
2353 silly audit   'shebang-command': [ '2.0.0' ],
2353 silly audit   which: [ '2.0.2' ],
2353 silly audit   ms: [ '2.1.3' ],
2353 silly audit   '@next/eslint-plugin-next': [ '16.1.6' ],
2353 silly audit   'eslint-import-resolver-node': [ '0.3.9' ],
2353 silly audit   'eslint-import-resolver-typescript': [ '3.10.1' ],
2353 silly audit   'eslint-plugin-import': [ '2.32.0' ],
2353 silly audit   'eslint-plugin-jsx-a11y': [ '6.10.2' ],
2353 silly audit   'eslint-plugin-react': [ '7.37.5' ],
2353 silly audit   'eslint-plugin-react-hooks': [ '7.0.1' ],
2353 silly audit   'typescript-eslint': [ '8.56.1' ],
2353 silly audit   'fast-glob': [ '3.3.1' ],
2353 silly audit   'is-core-module': [ '2.16.1' ],
2353 silly audit   resolve: [ '1.22.11', '2.0.0-next.6' ],
2353 silly audit   '@nolyfill/is-core-module': [ '1.0.39' ],
2353 silly audit   'get-tsconfig': [ '4.13.6' ],
2353 silly audit   'is-bun-module': [ '2.0.0' ],
2353 silly audit   'stable-hash': [ '0.0.5' ],
2353 silly audit   tinyglobby: [ '0.2.15' ],
2353 silly audit   'unrs-resolver': [ '1.11.1' ],
2353 silly audit   '@rtsao/scc': [ '1.1.0' ],
2353 silly audit   'array-includes': [ '3.1.9' ],
2353 silly audit   'array.prototype.findlastindex': [ '1.2.6' ],
2353 silly audit   'array.prototype.flat': [ '1.3.3' ],
2353 silly audit   'array.prototype.flatmap': [ '1.3.3' ],
2353 silly audit   doctrine: [ '2.1.0' ],
2353 silly audit   'eslint-module-utils': [ '2.12.1' ],
2353 silly audit   hasown: [ '2.0.2' ],
2353 silly audit   'object.fromentries': [ '2.0.8' ],
2353 silly audit   'object.groupby': [ '1.0.3' ],
2353 silly audit   'object.values': [ '1.2.1' ],
2353 silly audit   semver: [ '6.3.1', '7.7.4' ],
2353 silly audit   'string.prototype.trimend': [ '1.0.9' ],
2353 silly audit   'tsconfig-paths': [ '3.15.0' ],
2353 silly audit   'call-bind': [ '1.0.8' ],
2353 silly audit   'call-bound': [ '1.0.4' ],
2353 silly audit   'define-properties': [ '1.2.1' ],
2353 silly audit   'es-abstract': [ '1.24.1' ],
2353 silly audit   'es-object-atoms': [ '1.1.1' ],
2353 silly audit   'get-intrinsic': [ '1.3.0' ],
2353 silly audit   'is-string': [ '1.1.1' ],
2353 silly audit   'math-intrinsics': [ '1.1.0' ],
2353 silly audit   'es-errors': [ '1.3.0' ],
2353 silly audit   'es-shim-unscopables': [ '1.1.0' ],
2353 silly audit   'call-bind-apply-helpers': [ '1.0.2' ],
2353 silly audit   'es-define-property': [ '1.0.1' ],
2353 silly audit   'set-function-length': [ '1.2.2' ],
2353 silly audit   'function-bind': [ '1.1.2' ],
2353 silly audit   'define-data-property': [ '1.1.4' ],
2353 silly audit   'has-property-descriptors': [ '1.0.2' ],
2353 silly audit   'object-keys': [ '1.1.1' ],
2353 silly audit   gopd: [ '1.2.0' ],
2353 silly audit   'array-buffer-byte-length': [ '1.0.2' ],
2353 silly audit   'arraybuffer.prototype.slice': [ '1.0.4' ],
2353 silly audit   'available-typed-arrays': [ '1.0.7' ],
2353 silly audit   'data-view-buffer': [ '1.0.2' ],
2353 silly audit   'data-view-byte-length': [ '1.0.2' ],
2353 silly audit   'data-view-byte-offset': [ '1.0.1' ],
2353 silly audit   'es-set-tostringtag': [ '2.1.0' ],
2353 silly audit   'es-to-primitive': [ '1.3.0' ],
2353 silly audit   'function.prototype.name': [ '1.1.8' ],
2353 silly audit   'get-proto': [ '1.0.1' ],
2353 silly audit   'get-symbol-description': [ '1.1.0' ],
2353 silly audit   globalthis: [ '1.0.4' ],
2353 silly audit   'has-proto': [ '1.2.0' ],
2353 silly audit   'has-symbols': [ '1.1.0' ],
2353 silly audit   'internal-slot': [ '1.1.0' ],
2353 silly audit   'is-array-buffer': [ '3.0.5' ],
2353 silly audit   'is-callable': [ '1.2.7' ],
2353 silly audit   'is-data-view': [ '1.0.2' ],
2353 silly audit   'is-negative-zero': [ '2.0.3' ],
2353 silly audit   'is-regex': [ '1.2.1' ],
2353 silly audit   'is-set': [ '2.0.3' ],
2353 silly audit   'is-shared-array-buffer': [ '1.0.4' ],
2353 silly audit   'is-typed-array': [ '1.1.15' ],
2353 silly audit   'is-weakref': [ '1.1.1' ],
2353 silly audit   'object-inspect': [ '1.13.4' ],
2353 silly audit   'object.assign': [ '4.1.7' ],
2353 silly audit   'own-keys': [ '1.0.1' ],
2353 silly audit   'regexp.prototype.flags': [ '1.5.4' ],
2353 silly audit   'safe-array-concat': [ '1.1.3' ],
2353 silly audit   'safe-push-apply': [ '1.0.0' ],
2353 silly audit   'safe-regex-test': [ '1.1.0' ],
2353 silly audit   'set-proto': [ '1.0.0' ],
2353 silly audit   'stop-iteration-iterator': [ '1.1.0' ],
2353 silly audit   'string.prototype.trim': [ '1.2.10' ],
2353 silly audit   'string.prototype.trimstart': [ '1.0.8' ],
2353 silly audit   'typed-array-buffer': [ '1.0.3' ],
2353 silly audit   'typed-array-byte-length': [ '1.0.3' ],
2353 silly audit   'typed-array-byte-offset': [ '1.0.4' ],
2353 silly audit   'typed-array-length': [ '1.0.7' ],
2353 silly audit   'unbox-primitive': [ '1.1.0' ],
2353 silly audit   'which-typed-array': [ '1.1.20' ],
2353 silly audit   'possible-typed-array-names': [ '1.1.0' ],
2353 silly audit   'has-tostringtag': [ '1.0.2' ],
2353 silly audit   'is-date-object': [ '1.1.0' ],
2353 silly audit   'is-symbol': [ '1.1.1' ],
2353 silly audit   'aria-query': [ '5.3.2' ],
2353 silly audit   'ast-types-flow': [ '0.0.8' ],
2353 silly audit   'axe-core': [ '4.11.1' ],
2353 silly audit   'axobject-query': [ '4.1.0' ],
2353 silly audit   'damerau-levenshtein': [ '1.0.8' ],
2353 silly audit   'emoji-regex': [ '9.2.2' ],
2353 silly audit   'jsx-ast-utils': [ '3.3.5' ],
2353 silly audit   'language-tags': [ '1.0.9' ],
2353 silly audit   'string.prototype.includes': [ '2.0.1' ],
2353 silly audit   'array.prototype.findlast': [ '1.2.5' ],
2353 silly audit   'array.prototype.tosorted': [ '1.1.4' ],
2353 silly audit   'es-iterator-helpers': [ '1.2.2' ],
2353 silly audit   estraverse: [ '5.3.0' ],
2353 silly audit   'object.entries': [ '1.1.9' ],
2353 silly audit   'prop-types': [ '15.8.1' ],
2353 silly audit   'string.prototype.matchall': [ '4.0.12' ],
2353 silly audit   'string.prototype.repeat': [ '1.0.0' ],
2353 silly audit   'iterator.prototype': [ '1.1.5' ],
2353 silly audit   '@babel/core': [ '7.29.0' ],
2353 silly audit   '@babel/parser': [ '7.29.0' ],
2353 silly audit   'hermes-parser': [ '0.25.1' ],
2353 silly audit   zod: [ '4.3.6' ],
2353 silly audit   'zod-validation-error': [ '4.0.2' ],
2353 silly audit   '@babel/code-frame': [ '7.29.0' ],
2353 silly audit   '@babel/generator': [ '7.29.1' ],
2353 silly audit   '@babel/helper-compilation-targets': [ '7.28.6' ],
2353 silly audit   '@babel/helper-module-transforms': [ '7.28.6' ],
2353 silly audit   '@babel/helpers': [ '7.28.6' ],
2353 silly audit   '@babel/template': [ '7.28.6' ],
2353 silly audit   '@babel/traverse': [ '7.29.0' ],
2353 silly audit   '@babel/types': [ '7.29.0' ],
2353 silly audit   '@jridgewell/remapping': [ '2.3.5' ],
2353 silly audit   'convert-source-map': [ '2.0.0' ],
2353 silly audit   gensync: [ '1.0.0-beta.2' ],
2353 silly audit   json5: [ '2.2.3', '1.0.2' ],
2353 silly audit   '@babel/helper-validator-identifier': [ '7.28.5' ],
2353 silly audit   'js-tokens': [ '4.0.0' ],
2353 silly audit   picocolors: [ '1.1.1' ],
2353 silly audit   '@jridgewell/gen-mapping': [ '0.3.13' ],
2353 silly audit   '@jridgewell/trace-mapping': [ '0.3.31' ],
2353 silly audit   jsesc: [ '3.1.0' ],
2353 silly audit   '@babel/compat-data': [ '7.29.0' ],
2353 silly audit   '@babel/helper-validator-option': [ '7.27.1' ],
2353 silly audit   browserslist: [ '4.28.1' ],
2353 silly audit   'lru-cache': [ '5.1.1' ],
2353 silly audit   '@babel/helper-module-imports': [ '7.28.6' ],
2353 silly audit   '@babel/helper-globals': [ '7.28.0' ],
2353 silly audit   '@babel/helper-string-parser': [ '7.27.1' ],
2353 silly audit   '@jridgewell/sourcemap-codec': [ '1.5.5' ],
2353 silly audit   '@jridgewell/resolve-uri': [ '3.1.2' ],
2353 silly audit   'baseline-browser-mapping': [ '2.10.0' ],
2353 silly audit   'caniuse-lite': [ '1.0.30001774' ],
2353 silly audit   'electron-to-chromium': [ '1.5.302' ],
2353 silly audit   'node-releases': [ '2.0.27' ],
2353 silly audit   'update-browserslist-db': [ '1.2.3' ],
2353 silly audit   esrecurse: [ '4.3.0' ],
2353 silly audit   acorn: [ '8.16.0' ],
2353 silly audit   'acorn-jsx': [ '5.3.2' ],
2353 silly audit   '@nodelib/fs.stat': [ '2.0.5' ],
2353 silly audit   '@nodelib/fs.walk': [ '1.2.8' ],
2353 silly audit   merge2: [ '1.4.1' ],
2353 silly audit   micromatch: [ '4.0.8' ],
2353 silly audit   '@nodelib/fs.scandir': [ '2.1.5' ],
2353 silly audit   fastq: [ '1.20.1' ],
2353 silly audit   'run-parallel': [ '1.2.0' ],
2353 silly audit   reusify: [ '1.1.0' ],
2353 silly audit   'flat-cache': [ '4.0.1' ],
2353 silly audit   'locate-path': [ '6.0.0' ],
2353 silly audit   'path-exists': [ '4.0.0' ],
2353 silly audit   flatted: [ '3.3.3' ],
2353 silly audit   keyv: [ '4.5.4' ],
2353 silly audit   'functions-have-names': [ '1.2.3' ],
2353 silly audit   'dunder-proto': [ '1.0.1' ],
2353 silly audit   'resolve-pkg-maps': [ '1.0.0' ],
2353 silly audit   'hermes-estree': [ '0.25.1' ],
2353 silly audit   'parent-module': [ '1.0.1' ],
2353 silly audit   'resolve-from': [ '4.0.0' ],
2353 silly audit   'side-channel': [ '1.1.0' ],
2353 silly audit   'is-extglob': [ '2.1.1' ],
2353 silly audit   'set-function-name': [ '2.0.2' ],
2353 silly audit   argparse: [ '2.0.1' ],
2353 silly audit   'json-buffer': [ '3.0.1' ],
2353 silly audit   'language-subtag-registry': [ '0.3.23' ],
2353 silly audit   'prelude-ls': [ '1.2.1' ],
2353 silly audit   'type-check': [ '0.4.0' ],
2353 silly audit   'p-locate': [ '5.0.0' ],
2353 silly audit   yallist: [ '3.1.1' ],
2353 silly audit   braces: [ '3.0.3' ],
2353 silly audit   picomatch: [ '2.3.1', '4.0.3' ],
2353 silly audit   'fill-range': [ '7.1.1' ],
2353 silly audit   'to-regex-range': [ '5.0.1' ],
2353 silly audit   'brace-expansion': [ '1.1.12', '5.0.3' ],
2353 silly audit   'balanced-match': [ '1.0.2', '4.0.4' ],
2353 silly audit   'concat-map': [ '0.0.1' ],
2353 silly audit   '@next/env': [ '16.1.6' ],
2353 silly audit   '@next/swc-darwin-arm64': [ '16.1.6' ],
2353 silly audit   '@next/swc-darwin-x64': [ '16.1.6' ],
2353 silly audit   '@next/swc-linux-arm64-gnu': [ '16.1.6' ],
2353 silly audit   '@next/swc-linux-arm64-musl': [ '16.1.6' ],
2353 silly audit   '@next/swc-linux-x64-gnu': [ '16.1.6' ],
2353 silly audit   '@next/swc-linux-x64-musl': [ '16.1.6' ],
2353 silly audit   '@next/swc-win32-arm64-msvc': [ '16.1.6' ],
2353 silly audit   '@next/swc-win32-x64-msvc': [ '16.1.6' ],
2353 silly audit   '@swc/helpers': [ '0.5.15' ],
2353 silly audit   postcss: [ '8.4.31' ],
2353 silly audit   sharp: [ '0.34.5' ],
2353 silly audit   'styled-jsx': [ '5.1.6' ],
2353 silly audit   tslib: [ '2.8.1' ],
2353 silly audit   'deep-is': [ '0.1.4' ],
2353 silly audit   'fast-levenshtein': [ '2.0.6' ],
2353 silly audit   'word-wrap': [ '1.2.5' ],
2353 silly audit   'p-limit': [ '3.1.0' ],
2353 silly audit   'yocto-queue': [ '0.1.0' ],
2353 silly audit   callsites: [ '3.1.0' ],
2353 silly audit   nanoid: [ '3.3.11' ],
2353 silly audit   'source-map-js': [ '1.2.1' ],
2353 silly audit   'loose-envify': [ '1.4.0' ],
2353 silly audit   'object-assign': [ '4.1.1' ],
2353 silly audit   'react-is': [ '16.13.1' ],
2353 silly audit   scheduler: [ '0.27.0' ],
2353 silly audit   'path-parse': [ '1.0.7' ],
2353 silly audit   'supports-preserve-symlinks-flag': [ '1.0.0' ],
2353 silly audit   'queue-microtask': [ '1.2.3' ],
2353 silly audit   isarray: [ '2.0.5' ],
2353 silly audit   '@img/colour': [ '1.0.0' ],
2353 silly audit   '@img/sharp-darwin-arm64': [ '0.34.5' ],
2353 silly audit   '@img/sharp-darwin-x64': [ '0.34.5' ],
2353 silly audit   '@img/sharp-libvips-darwin-arm64': [ '1.2.4' ],
2353 silly audit   '@img/sharp-libvips-darwin-x64': [ '1.2.4' ],
2353 silly audit   '@img/sharp-libvips-linux-arm': [ '1.2.4' ],
2353 silly audit   '@img/sharp-libvips-linux-arm64': [ '1.2.4' ],
2353 silly audit   '@img/sharp-libvips-linux-ppc64': [ '1.2.4' ],
2353 silly audit   '@img/sharp-libvips-linux-riscv64': [ '1.2.4' ],
2353 silly audit   '@img/sharp-libvips-linux-s390x': [ '1.2.4' ],
2353 silly audit   '@img/sharp-libvips-linux-x64': [ '1.2.4' ],
2353 silly audit   '@img/sharp-libvips-linuxmusl-arm64': [ '1.2.4' ],
2353 silly audit   '@img/sharp-libvips-linuxmusl-x64': [ '1.2.4' ],
2353 silly audit   '@img/sharp-linux-arm': [ '0.34.5' ],
2353 silly audit   '@img/sharp-linux-arm64': [ '0.34.5' ],
2353 silly audit   '@img/sharp-linux-ppc64': [ '0.34.5' ],
2353 silly audit   '@img/sharp-linux-riscv64': [ '0.34.5' ],
2353 silly audit   '@img/sharp-linux-s390x': [ '0.34.5' ],
2353 silly audit   '@img/sharp-linux-x64': [ '0.34.5' ],
2353 silly audit   '@img/sharp-linuxmusl-arm64': [ '0.34.5' ],
2353 silly audit   '@img/sharp-linuxmusl-x64': [ '0.34.5' ],
2353 silly audit   '@img/sharp-wasm32': [ '0.34.5' ],
2353 silly audit   '@img/sharp-win32-arm64': [ '0.34.5' ],
2353 silly audit   '@img/sharp-win32-ia32': [ '0.34.5' ],
2353 silly audit   '@img/sharp-win32-x64': [ '0.34.5' ],
2353 silly audit   'detect-libc': [ '2.1.2' ],
2353 silly audit   '@emnapi/runtime': [ '1.8.1' ],
2353 silly audit   'shebang-regex': [ '3.0.0' ],
2353 silly audit   'side-channel-list': [ '1.0.0' ],
2353 silly audit   'side-channel-map': [ '1.0.1' ],
2353 silly audit   'side-channel-weakmap': [ '1.0.2' ],
2353 silly audit   'client-only': [ '0.0.1' ],
2353 silly audit   'has-flag': [ '4.0.0' ],
2353 silly audit   fdir: [ '6.5.0' ],
2353 silly audit   'is-number': [ '7.0.0' ],
2353 silly audit   '@types/json5': [ '0.0.29' ],
2353 silly audit   minimist: [ '1.2.8' ],
2353 silly audit   'strip-bom': [ '3.0.0' ],
2353 silly audit   'for-each': [ '0.3.5' ],
2353 silly audit   'reflect.getprototypeof': [ '1.0.10' ],
2353 silly audit   'which-builtin-type': [ '1.2.1' ],
2353 silly audit   '@typescript-eslint/eslint-plugin': [ '8.56.1' ],
2353 silly audit   '@typescript-eslint/parser': [ '8.56.1' ],
2353 silly audit   '@typescript-eslint/typescript-estree': [ '8.56.1' ],
2353 silly audit   '@typescript-eslint/utils': [ '8.56.1' ],
2353 silly audit   '@typescript-eslint/scope-manager': [ '8.56.1' ],
2353 silly audit   '@typescript-eslint/type-utils': [ '8.56.1' ],
2353 silly audit   '@typescript-eslint/visitor-keys': [ '8.56.1' ],
2353 silly audit   'ts-api-utils': [ '2.4.0' ],
2353 silly audit   '@typescript-eslint/types': [ '8.56.1' ],
2353 silly audit   '@typescript-eslint/project-service': [ '8.56.1' ],
2353 silly audit   '@typescript-eslint/tsconfig-utils': [ '8.56.1' ],
2353 silly audit   'has-bigints': [ '1.1.0' ],
2353 silly audit   'which-boxed-primitive': [ '1.1.1' ],
2353 silly audit   '@unrs/resolver-binding-android-arm-eabi': [ '1.11.1' ],
2353 silly audit   '@unrs/resolver-binding-android-arm64': [ '1.11.1' ],
2353 silly audit   '@unrs/resolver-binding-darwin-arm64': [ '1.11.1' ],
2353 silly audit   '@unrs/resolver-binding-darwin-x64': [ '1.11.1' ],
2353 silly audit   '@unrs/resolver-binding-freebsd-x64': [ '1.11.1' ],
2353 silly audit   '@unrs/resolver-binding-linux-arm-gnueabihf': [ '1.11.1' ],
2353 silly audit   '@unrs/resolver-binding-linux-arm-musleabihf': [ '1.11.1' ],
2353 silly audit   '@unrs/resolver-binding-linux-arm64-gnu': [ '1.11.1' ],
2353 silly audit   '@unrs/resolver-binding-linux-arm64-musl': [ '1.11.1' ],
2353 silly audit   '@unrs/resolver-binding-linux-ppc64-gnu': [ '1.11.1' ],
2353 silly audit   '@unrs/resolver-binding-linux-riscv64-gnu': [ '1.11.1' ],
2353 silly audit   '@unrs/resolver-binding-linux-riscv64-musl': [ '1.11.1' ],
2353 silly audit   '@unrs/resolver-binding-linux-s390x-gnu': [ '1.11.1' ],
2353 silly audit   '@unrs/resolver-binding-linux-x64-gnu': [ '1.11.1' ],
2353 silly audit   '@unrs/resolver-binding-linux-x64-musl': [ '1.11.1' ],
2353 silly audit   '@unrs/resolver-binding-wasm32-wasi': [ '1.11.1' ],
2353 silly audit   '@unrs/resolver-binding-win32-arm64-msvc': [ '1.11.1' ],
2353 silly audit   '@unrs/resolver-binding-win32-ia32-msvc': [ '1.11.1' ],
2353 silly audit   '@unrs/resolver-binding-win32-x64-msvc': [ '1.11.1' ],
2353 silly audit   'napi-postinstall': [ '0.3.4' ],
2353 silly audit   '@napi-rs/wasm-runtime': [ '0.2.12' ],
2353 silly audit   '@emnapi/core': [ '1.8.1' ],
2353 silly audit   '@tybys/wasm-util': [ '0.10.1' ],
2353 silly audit   '@emnapi/wasi-threads': [ '1.1.0' ],
2353 silly audit   escalade: [ '3.2.0' ],
2353 silly audit   punycode: [ '2.3.1' ],
2353 silly audit   isexe: [ '2.0.0' ],
2353 silly audit   'is-bigint': [ '1.1.0' ],
2353 silly audit   'is-boolean-object': [ '1.2.2' ],
2353 silly audit   'is-number-object': [ '1.1.1' ],
2353 silly audit   'is-async-function': [ '2.1.1' ],
2353 silly audit   'is-finalizationregistry': [ '1.1.1' ],
2353 silly audit   'is-generator-function': [ '1.1.2' ],
2353 silly audit   'which-collection': [ '1.0.2' ],
2353 silly audit   'async-function': [ '1.0.0' ],
2353 silly audit   'generator-function': [ '2.0.1' ],
2353 silly audit   'is-map': [ '2.0.3' ],
2353 silly audit   'is-weakmap': [ '2.0.2' ],
2353 silly audit   'is-weakset': [ '2.0.4' ],
2353 silly audit   'node-exports-info': [ '1.6.0' ]
2353 silly audit }
2354 http cache node-exports-info@https://registry.npmjs.org/node-exports-info/-/node-exports-info-1.6.0.tgz 0ms (cache hit)
2355 http cache is-weakmap@https://registry.npmjs.org/is-weakmap/-/is-weakmap-2.0.2.tgz 0ms (cache hit)
2356 http cache is-map@https://registry.npmjs.org/is-map/-/is-map-2.0.3.tgz 0ms (cache hit)
2357 http cache is-weakset@https://registry.npmjs.org/is-weakset/-/is-weakset-2.0.4.tgz 0ms (cache hit)
2358 http cache generator-function@https://registry.npmjs.org/generator-function/-/generator-function-2.0.1.tgz 0ms (cache hit)
2359 http cache is-generator-function@https://registry.npmjs.org/is-generator-function/-/is-generator-function-1.1.2.tgz 0ms (cache hit)
2360 http cache which-collection@https://registry.npmjs.org/which-collection/-/which-collection-1.0.2.tgz 0ms (cache hit)
2361 http cache is-async-function@https://registry.npmjs.org/is-async-function/-/is-async-function-2.1.1.tgz 0ms (cache hit)
2362 http cache is-number-object@https://registry.npmjs.org/is-number-object/-/is-number-object-1.1.1.tgz 0ms (cache hit)
2363 http cache is-bigint@https://registry.npmjs.org/is-bigint/-/is-bigint-1.1.0.tgz 0ms (cache hit)
2364 http cache is-finalizationregistry@https://registry.npmjs.org/is-finalizationregistry/-/is-finalizationregistry-1.1.1.tgz 0ms (cache hit)
2365 http cache async-function@https://registry.npmjs.org/async-function/-/async-function-1.0.0.tgz 0ms (cache hit)
2366 http cache isexe@https://registry.npmjs.org/isexe/-/isexe-2.0.0.tgz 0ms (cache hit)
2367 http cache is-boolean-object@https://registry.npmjs.org/is-boolean-object/-/is-boolean-object-1.2.2.tgz 0ms (cache hit)
2368 http cache escalade@https://registry.npmjs.org/escalade/-/escalade-3.2.0.tgz 0ms (cache hit)
2369 http cache @typescript-eslint/types@https://registry.npmjs.org/@typescript-eslint/types/-/types-8.56.1.tgz 0ms (cache hit)
2370 http cache @unrs/resolver-binding-win32-x64-msvc@https://registry.npmjs.org/@unrs/resolver-binding-win32-x64-msvc/-/resolver-binding-win32-x64-msvc-1.11.1.tgz 0ms (cache hit)
2371 http cache napi-postinstall@https://registry.npmjs.org/napi-postinstall/-/napi-postinstall-0.3.4.tgz 0ms (cache hit)
2372 http cache has-bigints@https://registry.npmjs.org/has-bigints/-/has-bigints-1.1.0.tgz 0ms (cache hit)
2373 http cache punycode@https://registry.npmjs.org/punycode/-/punycode-2.3.1.tgz 0ms (cache hit)
2374 http cache ts-api-utils@https://registry.npmjs.org/ts-api-utils/-/ts-api-utils-2.4.0.tgz 0ms (cache hit)
2375 http cache which-boxed-primitive@https://registry.npmjs.org/which-boxed-primitive/-/which-boxed-primitive-1.1.1.tgz 0ms (cache hit)
2376 http cache @typescript-eslint/tsconfig-utils@https://registry.npmjs.org/@typescript-eslint/tsconfig-utils/-/tsconfig-utils-8.56.1.tgz 0ms (cache hit)
2377 http cache @typescript-eslint/project-service@https://registry.npmjs.org/@typescript-eslint/project-service/-/project-service-8.56.1.tgz 0ms (cache hit)
2378 http cache @typescript-eslint/visitor-keys@https://registry.npmjs.org/@typescript-eslint/visitor-keys/-/visitor-keys-8.56.1.tgz 0ms (cache hit)
2379 http cache @typescript-eslint/scope-manager@https://registry.npmjs.org/@typescript-eslint/scope-manager/-/scope-manager-8.56.1.tgz 0ms (cache hit)
2380 http cache which-builtin-type@https://registry.npmjs.org/which-builtin-type/-/which-builtin-type-1.2.1.tgz 0ms (cache hit)
2381 http cache @typescript-eslint/typescript-estree@https://registry.npmjs.org/@typescript-eslint/typescript-estree/-/typescript-estree-8.56.1.tgz 0ms (cache hit)
2382 http cache @typescript-eslint/type-utils@https://registry.npmjs.org/@typescript-eslint/type-utils/-/type-utils-8.56.1.tgz 0ms (cache hit)
2383 http cache reflect.getprototypeof@https://registry.npmjs.org/reflect.getprototypeof/-/reflect.getprototypeof-1.0.10.tgz 0ms (cache hit)
2384 http cache @typescript-eslint/utils@https://registry.npmjs.org/@typescript-eslint/utils/-/utils-8.56.1.tgz 0ms (cache hit)
2385 http cache @typescript-eslint/parser@https://registry.npmjs.org/@typescript-eslint/parser/-/parser-8.56.1.tgz 0ms (cache hit)
2386 http cache @types/json5@https://registry.npmjs.org/@types/json5/-/json5-0.0.29.tgz 0ms (cache hit)
2387 http cache strip-bom@https://registry.npmjs.org/strip-bom/-/strip-bom-3.0.0.tgz 0ms (cache hit)
2388 http cache for-each@https://registry.npmjs.org/for-each/-/for-each-0.3.5.tgz 0ms (cache hit)
2389 http cache minimist@https://registry.npmjs.org/minimist/-/minimist-1.2.8.tgz 0ms (cache hit)
2390 http cache client-only@https://registry.npmjs.org/client-only/-/client-only-0.0.1.tgz 0ms (cache hit)
2391 http cache @typescript-eslint/eslint-plugin@https://registry.npmjs.org/@typescript-eslint/eslint-plugin/-/eslint-plugin-8.56.1.tgz 0ms (cache hit)
2392 http cache is-number@https://registry.npmjs.org/is-number/-/is-number-7.0.0.tgz 0ms (cache hit)
2393 http cache side-channel-map@https://registry.npmjs.org/side-channel-map/-/side-channel-map-1.0.1.tgz 0ms (cache hit)
2394 http cache has-flag@https://registry.npmjs.org/has-flag/-/has-flag-4.0.0.tgz 0ms (cache hit)
2395 http cache @emnapi/runtime@https://registry.npmjs.org/@emnapi/runtime/-/runtime-1.8.1.tgz 0ms (cache hit)
2396 http cache shebang-regex@https://registry.npmjs.org/shebang-regex/-/shebang-regex-3.0.0.tgz 0ms (cache hit)
2397 http cache @img/colour@https://registry.npmjs.org/@img/colour/-/colour-1.0.0.tgz 0ms (cache hit)
2398 http cache side-channel-weakmap@https://registry.npmjs.org/side-channel-weakmap/-/side-channel-weakmap-1.0.2.tgz 0ms (cache hit)
2399 http cache side-channel-list@https://registry.npmjs.org/side-channel-list/-/side-channel-list-1.0.0.tgz 0ms (cache hit)
2400 http cache supports-preserve-symlinks-flag@https://registry.npmjs.org/supports-preserve-symlinks-flag/-/supports-preserve-symlinks-flag-1.0.0.tgz 0ms (cache hit)
2401 http cache @img/sharp-win32-x64@https://registry.npmjs.org/@img/sharp-win32-x64/-/sharp-win32-x64-0.34.5.tgz 0ms (cache hit)
2402 http cache detect-libc@https://registry.npmjs.org/detect-libc/-/detect-libc-2.1.2.tgz 0ms (cache hit)
2403 http cache isarray@https://registry.npmjs.org/isarray/-/isarray-2.0.5.tgz 0ms (cache hit)
2404 http cache queue-microtask@https://registry.npmjs.org/queue-microtask/-/queue-microtask-1.2.3.tgz 0ms (cache hit)
2405 http cache path-parse@https://registry.npmjs.org/path-parse/-/path-parse-1.0.7.tgz 0ms (cache hit)
2406 http cache loose-envify@https://registry.npmjs.org/loose-envify/-/loose-envify-1.4.0.tgz 0ms (cache hit)
2407 http cache object-assign@https://registry.npmjs.org/object-assign/-/object-assign-4.1.1.tgz 0ms (cache hit)
2408 http cache source-map-js@https://registry.npmjs.org/source-map-js/-/source-map-js-1.2.1.tgz 0ms (cache hit)
2409 http cache scheduler@https://registry.npmjs.org/scheduler/-/scheduler-0.27.0.tgz 0ms (cache hit)
2410 http cache nanoid@https://registry.npmjs.org/nanoid/-/nanoid-3.3.11.tgz 0ms (cache hit)
2411 http cache react-is@https://registry.npmjs.org/react-is/-/react-is-16.13.1.tgz 0ms (cache hit)
2412 http cache callsites@https://registry.npmjs.org/callsites/-/callsites-3.1.0.tgz 0ms (cache hit)
2413 http cache word-wrap@https://registry.npmjs.org/word-wrap/-/word-wrap-1.2.5.tgz 0ms (cache hit)
2414 http cache p-limit@https://registry.npmjs.org/p-limit/-/p-limit-3.1.0.tgz 0ms (cache hit)
2415 http cache tslib@https://registry.npmjs.org/tslib/-/tslib-2.8.1.tgz 0ms (cache hit)
2416 http cache yocto-queue@https://registry.npmjs.org/yocto-queue/-/yocto-queue-0.1.0.tgz 0ms (cache hit)
2417 http cache deep-is@https://registry.npmjs.org/deep-is/-/deep-is-0.1.4.tgz 0ms (cache hit)
2418 http cache fast-levenshtein@https://registry.npmjs.org/fast-levenshtein/-/fast-levenshtein-2.0.6.tgz 0ms (cache hit)
2419 http cache styled-jsx@https://registry.npmjs.org/styled-jsx/-/styled-jsx-5.1.6.tgz 0ms (cache hit)
2420 http cache @next/swc-win32-x64-msvc@https://registry.npmjs.org/@next/swc-win32-x64-msvc/-/swc-win32-x64-msvc-16.1.6.tgz 0ms (cache hit)
2421 http cache @swc/helpers@https://registry.npmjs.org/@swc/helpers/-/helpers-0.5.15.tgz 0ms (cache hit)
2422 http cache sharp@https://registry.npmjs.org/sharp/-/sharp-0.34.5.tgz 0ms (cache hit)
2423 http cache @next/env@https://registry.npmjs.org/@next/env/-/env-16.1.6.tgz 0ms (cache hit)
2424 http cache postcss@https://registry.npmjs.org/postcss/-/postcss-8.4.31.tgz 0ms (cache hit)
2425 http cache balanced-match@https://registry.npmjs.org/balanced-match/-/balanced-match-1.0.2.tgz 0ms (cache hit)
2426 http cache concat-map@https://registry.npmjs.org/concat-map/-/concat-map-0.0.1.tgz 0ms (cache hit)
2427 http cache brace-expansion@https://registry.npmjs.org/brace-expansion/-/brace-expansion-1.1.12.tgz 0ms (cache hit)
2428 http cache braces@https://registry.npmjs.org/braces/-/braces-3.0.3.tgz 0ms (cache hit)
2429 http cache fill-range@https://registry.npmjs.org/fill-range/-/fill-range-7.1.1.tgz 0ms (cache hit)
2430 http cache type-check@https://registry.npmjs.org/type-check/-/type-check-0.4.0.tgz 0ms (cache hit)
2431 http cache picomatch@https://registry.npmjs.org/picomatch/-/picomatch-2.3.1.tgz 0ms (cache hit)
2432 http cache prelude-ls@https://registry.npmjs.org/prelude-ls/-/prelude-ls-1.2.1.tgz 0ms (cache hit)
2433 http cache p-locate@https://registry.npmjs.org/p-locate/-/p-locate-5.0.0.tgz 0ms (cache hit)
2434 http cache to-regex-range@https://registry.npmjs.org/to-regex-range/-/to-regex-range-5.0.1.tgz 0ms (cache hit)
2435 http cache set-function-name@https://registry.npmjs.org/set-function-name/-/set-function-name-2.0.2.tgz 0ms (cache hit)
2436 http cache yallist@https://registry.npmjs.org/yallist/-/yallist-3.1.1.tgz 0ms (cache hit)
2437 http cache language-subtag-registry@https://registry.npmjs.org/language-subtag-registry/-/language-subtag-registry-0.3.23.tgz 0ms (cache hit)
2438 http cache is-extglob@https://registry.npmjs.org/is-extglob/-/is-extglob-2.1.1.tgz 0ms (cache hit)
2439 http cache parent-module@https://registry.npmjs.org/parent-module/-/parent-module-1.0.1.tgz 0ms (cache hit)
2440 http cache json-buffer@https://registry.npmjs.org/json-buffer/-/json-buffer-3.0.1.tgz 0ms (cache hit)
2441 http cache side-channel@https://registry.npmjs.org/side-channel/-/side-channel-1.1.0.tgz 0ms (cache hit)
2442 http cache resolve-from@https://registry.npmjs.org/resolve-from/-/resolve-from-4.0.0.tgz 0ms (cache hit)
2443 http cache argparse@https://registry.npmjs.org/argparse/-/argparse-2.0.1.tgz 0ms (cache hit)
2444 http cache resolve-pkg-maps@https://registry.npmjs.org/resolve-pkg-maps/-/resolve-pkg-maps-1.0.0.tgz 0ms (cache hit)
2445 http cache keyv@https://registry.npmjs.org/keyv/-/keyv-4.5.4.tgz 0ms (cache hit)
2446 http cache hermes-estree@https://registry.npmjs.org/hermes-estree/-/hermes-estree-0.25.1.tgz 0ms (cache hit)
2447 http cache path-exists@https://registry.npmjs.org/path-exists/-/path-exists-4.0.0.tgz 0ms (cache hit)
2448 http cache flat-cache@https://registry.npmjs.org/flat-cache/-/flat-cache-4.0.1.tgz 0ms (cache hit)
2449 http cache functions-have-names@https://registry.npmjs.org/functions-have-names/-/functions-have-names-1.2.3.tgz 0ms (cache hit)
2450 http cache dunder-proto@https://registry.npmjs.org/dunder-proto/-/dunder-proto-1.0.1.tgz 0ms (cache hit)
2451 http cache fastq@https://registry.npmjs.org/fastq/-/fastq-1.20.1.tgz 0ms (cache hit)
2452 http cache locate-path@https://registry.npmjs.org/locate-path/-/locate-path-6.0.0.tgz 0ms (cache hit)
2453 http cache reusify@https://registry.npmjs.org/reusify/-/reusify-1.1.0.tgz 0ms (cache hit)
2454 http cache run-parallel@https://registry.npmjs.org/run-parallel/-/run-parallel-1.2.0.tgz 0ms (cache hit)
2455 http cache flatted@https://registry.npmjs.org/flatted/-/flatted-3.3.3.tgz 0ms (cache hit)
2456 http cache merge2@https://registry.npmjs.org/merge2/-/merge2-1.4.1.tgz 0ms (cache hit)
2457 http cache acorn-jsx@https://registry.npmjs.org/acorn-jsx/-/acorn-jsx-5.3.2.tgz 0ms (cache hit)
2458 http cache acorn@https://registry.npmjs.org/acorn/-/acorn-8.16.0.tgz 0ms (cache hit)
2459 http cache update-browserslist-db@https://registry.npmjs.org/update-browserslist-db/-/update-browserslist-db-1.2.3.tgz 0ms (cache hit)
2460 http cache micromatch@https://registry.npmjs.org/micromatch/-/micromatch-4.0.8.tgz 0ms (cache hit)
2461 http cache esrecurse@https://registry.npmjs.org/esrecurse/-/esrecurse-4.3.0.tgz 0ms (cache hit)
2462 http cache electron-to-chromium@https://registry.npmjs.org/electron-to-chromium/-/electron-to-chromium-1.5.302.tgz 0ms (cache hit)
2463 http cache node-releases@https://registry.npmjs.org/node-releases/-/node-releases-2.0.27.tgz 0ms (cache hit)
2464 http cache caniuse-lite@https://registry.npmjs.org/caniuse-lite/-/caniuse-lite-1.0.30001774.tgz 0ms (cache hit)
2465 http cache baseline-browser-mapping@https://registry.npmjs.org/baseline-browser-mapping/-/baseline-browser-mapping-2.10.0.tgz 0ms (cache hit)
2466 http cache @babel/helper-string-parser@https://registry.npmjs.org/@babel/helper-string-parser/-/helper-string-parser-7.27.1.tgz 0ms (cache hit)
2467 http cache @jridgewell/sourcemap-codec@https://registry.npmjs.org/@jridgewell/sourcemap-codec/-/sourcemap-codec-1.5.5.tgz 0ms (cache hit)
2468 http cache @jridgewell/resolve-uri@https://registry.npmjs.org/@jridgewell/resolve-uri/-/resolve-uri-3.1.2.tgz 0ms (cache hit)
2469 http cache @nodelib/fs.scandir@https://registry.npmjs.org/@nodelib/fs.scandir/-/fs.scandir-2.1.5.tgz 0ms (cache hit)
2470 http cache lru-cache@https://registry.npmjs.org/lru-cache/-/lru-cache-5.1.1.tgz 0ms (cache hit)
2471 http cache @nodelib/fs.walk@https://registry.npmjs.org/@nodelib/fs.walk/-/fs.walk-1.2.8.tgz 0ms (cache hit)
2472 http cache @babel/helper-globals@https://registry.npmjs.org/@babel/helper-globals/-/helper-globals-7.28.0.tgz 0ms (cache hit)
2473 http cache @babel/helper-validator-option@https://registry.npmjs.org/@babel/helper-validator-option/-/helper-validator-option-7.27.1.tgz 0ms (cache hit)
2474 http cache @babel/helper-module-imports@https://registry.npmjs.org/@babel/helper-module-imports/-/helper-module-imports-7.28.6.tgz 0ms (cache hit)
2475 http cache @nodelib/fs.stat@https://registry.npmjs.org/@nodelib/fs.stat/-/fs.stat-2.0.5.tgz 0ms (cache hit)
2476 http cache browserslist@https://registry.npmjs.org/browserslist/-/browserslist-4.28.1.tgz 0ms (cache hit)
2477 http cache jsesc@https://registry.npmjs.org/jsesc/-/jsesc-3.1.0.tgz 0ms (cache hit)
2478 http cache picocolors@https://registry.npmjs.org/picocolors/-/picocolors-1.1.1.tgz 0ms (cache hit)
2479 http cache @jridgewell/trace-mapping@https://registry.npmjs.org/@jridgewell/trace-mapping/-/trace-mapping-0.3.31.tgz 0ms (cache hit)
2480 http cache @jridgewell/gen-mapping@https://registry.npmjs.org/@jridgewell/gen-mapping/-/gen-mapping-0.3.13.tgz 0ms (cache hit)
2481 http cache convert-source-map@https://registry.npmjs.org/convert-source-map/-/convert-source-map-2.0.0.tgz 0ms (cache hit)
2482 http cache js-tokens@https://registry.npmjs.org/js-tokens/-/js-tokens-4.0.0.tgz 0ms (cache hit)
2483 http cache @babel/compat-data@https://registry.npmjs.org/@babel/compat-data/-/compat-data-7.29.0.tgz 0ms (cache hit)
2484 http cache @babel/helper-validator-identifier@https://registry.npmjs.org/@babel/helper-validator-identifier/-/helper-validator-identifier-7.28.5.tgz 0ms (cache hit)
2485 http cache @jridgewell/remapping@https://registry.npmjs.org/@jridgewell/remapping/-/remapping-2.3.5.tgz 0ms (cache hit)
2486 http cache gensync@https://registry.npmjs.org/gensync/-/gensync-1.0.0-beta.2.tgz 0ms (cache hit)
2487 http cache @babel/helpers@https://registry.npmjs.org/@babel/helpers/-/helpers-7.28.6.tgz 0ms (cache hit)
2488 http cache @babel/types@https://registry.npmjs.org/@babel/types/-/types-7.29.0.tgz 0ms (cache hit)
2489 http cache json5@https://registry.npmjs.org/json5/-/json5-2.2.3.tgz 0ms (cache hit)
2490 http cache @babel/traverse@https://registry.npmjs.org/@babel/traverse/-/traverse-7.29.0.tgz 0ms (cache hit)
2491 http cache @babel/helper-compilation-targets@https://registry.npmjs.org/@babel/helper-compilation-targets/-/helper-compilation-targets-7.28.6.tgz 0ms (cache hit)
2492 http cache @babel/template@https://registry.npmjs.org/@babel/template/-/template-7.28.6.tgz 0ms (cache hit)
2493 http cache hermes-parser@https://registry.npmjs.org/hermes-parser/-/hermes-parser-0.25.1.tgz 0ms (cache hit)
2494 http cache @babel/generator@https://registry.npmjs.org/@babel/generator/-/generator-7.29.1.tgz 0ms (cache hit)
2495 http cache @babel/code-frame@https://registry.npmjs.org/@babel/code-frame/-/code-frame-7.29.0.tgz 0ms (cache hit)
2496 http cache @babel/parser@https://registry.npmjs.org/@babel/parser/-/parser-7.29.0.tgz 0ms (cache hit)
2497 http cache @babel/helper-module-transforms@https://registry.npmjs.org/@babel/helper-module-transforms/-/helper-module-transforms-7.28.6.tgz 0ms (cache hit)
2498 http cache @babel/core@https://registry.npmjs.org/@babel/core/-/core-7.29.0.tgz 0ms (cache hit)
2499 http cache zod@https://registry.npmjs.org/zod/-/zod-4.3.6.tgz 0ms (cache hit)
2500 http cache string.prototype.matchall@https://registry.npmjs.org/string.prototype.matchall/-/string.prototype.matchall-4.0.12.tgz 0ms (cache hit)
2501 http cache iterator.prototype@https://registry.npmjs.org/iterator.prototype/-/iterator.prototype-1.1.5.tgz 0ms (cache hit)
2502 http cache string.prototype.repeat@https://registry.npmjs.org/string.prototype.repeat/-/string.prototype.repeat-1.0.0.tgz 0ms (cache hit)
2503 http cache prop-types@https://registry.npmjs.org/prop-types/-/prop-types-15.8.1.tgz 0ms (cache hit)
2504 http cache zod-validation-error@https://registry.npmjs.org/zod-validation-error/-/zod-validation-error-4.0.2.tgz 0ms (cache hit)
2505 http cache array.prototype.tosorted@https://registry.npmjs.org/array.prototype.tosorted/-/array.prototype.tosorted-1.1.4.tgz 0ms (cache hit)
2506 http cache object.entries@https://registry.npmjs.org/object.entries/-/object.entries-1.1.9.tgz 0ms (cache hit)
2507 http cache estraverse@https://registry.npmjs.org/estraverse/-/estraverse-5.3.0.tgz 0ms (cache hit)
2508 http cache es-iterator-helpers@https://registry.npmjs.org/es-iterator-helpers/-/es-iterator-helpers-1.2.2.tgz 0ms (cache hit)
2509 http cache jsx-ast-utils@https://registry.npmjs.org/jsx-ast-utils/-/jsx-ast-utils-3.3.5.tgz 0ms (cache hit)
2510 http cache damerau-levenshtein@https://registry.npmjs.org/damerau-levenshtein/-/damerau-levenshtein-1.0.8.tgz 0ms (cache hit)
2511 http cache language-tags@https://registry.npmjs.org/language-tags/-/language-tags-1.0.9.tgz 0ms (cache hit)
2512 http cache string.prototype.includes@https://registry.npmjs.org/string.prototype.includes/-/string.prototype.includes-2.0.1.tgz 0ms (cache hit)
2513 http cache array.prototype.findlast@https://registry.npmjs.org/array.prototype.findlast/-/array.prototype.findlast-1.2.5.tgz 0ms (cache hit)
2514 http cache axobject-query@https://registry.npmjs.org/axobject-query/-/axobject-query-4.1.0.tgz 0ms (cache hit)
2515 http cache emoji-regex@https://registry.npmjs.org/emoji-regex/-/emoji-regex-9.2.2.tgz 0ms (cache hit)
2516 http cache ast-types-flow@https://registry.npmjs.org/ast-types-flow/-/ast-types-flow-0.0.8.tgz 0ms (cache hit)
2517 http cache is-date-object@https://registry.npmjs.org/is-date-object/-/is-date-object-1.1.0.tgz 0ms (cache hit)
2518 http cache axe-core@https://registry.npmjs.org/axe-core/-/axe-core-4.11.1.tgz 0ms (cache hit)
2519 http cache which-typed-array@https://registry.npmjs.org/which-typed-array/-/which-typed-array-1.1.20.tgz 0ms (cache hit)
2520 http cache aria-query@https://registry.npmjs.org/aria-query/-/aria-query-5.3.2.tgz 0ms (cache hit)
2521 http cache possible-typed-array-names@https://registry.npmjs.org/possible-typed-array-names/-/possible-typed-array-names-1.1.0.tgz 0ms (cache hit)
2522 http cache is-symbol@https://registry.npmjs.org/is-symbol/-/is-symbol-1.1.1.tgz 0ms (cache hit)
2523 http cache has-tostringtag@https://registry.npmjs.org/has-tostringtag/-/has-tostringtag-1.0.2.tgz 0ms (cache hit)
2524 http cache typed-array-length@https://registry.npmjs.org/typed-array-length/-/typed-array-length-1.0.7.tgz 0ms (cache hit)
2525 http cache unbox-primitive@https://registry.npmjs.org/unbox-primitive/-/unbox-primitive-1.1.0.tgz 0ms (cache hit)
2526 http cache typed-array-buffer@https://registry.npmjs.org/typed-array-buffer/-/typed-array-buffer-1.0.3.tgz 0ms (cache hit)
2527 http cache typed-array-byte-offset@https://registry.npmjs.org/typed-array-byte-offset/-/typed-array-byte-offset-1.0.4.tgz 0ms (cache hit)
2528 http cache string.prototype.trim@https://registry.npmjs.org/string.prototype.trim/-/string.prototype.trim-1.2.10.tgz 0ms (cache hit)
2529 http cache typed-array-byte-length@https://registry.npmjs.org/typed-array-byte-length/-/typed-array-byte-length-1.0.3.tgz 1ms (cache hit)
2530 http cache set-proto@https://registry.npmjs.org/set-proto/-/set-proto-1.0.0.tgz 0ms (cache hit)
2531 http cache string.prototype.trimstart@https://registry.npmjs.org/string.prototype.trimstart/-/string.prototype.trimstart-1.0.8.tgz 0ms (cache hit)
2532 http cache safe-push-apply@https://registry.npmjs.org/safe-push-apply/-/safe-push-apply-1.0.0.tgz 0ms (cache hit)
2533 http cache stop-iteration-iterator@https://registry.npmjs.org/stop-iteration-iterator/-/stop-iteration-iterator-1.1.0.tgz 0ms (cache hit)
2534 http cache safe-regex-test@https://registry.npmjs.org/safe-regex-test/-/safe-regex-test-1.1.0.tgz 0ms (cache hit)
2535 http cache regexp.prototype.flags@https://registry.npmjs.org/regexp.prototype.flags/-/regexp.prototype.flags-1.5.4.tgz 0ms (cache hit)
2536 http cache safe-array-concat@https://registry.npmjs.org/safe-array-concat/-/safe-array-concat-1.1.3.tgz 0ms (cache hit)
2537 http cache object-inspect@https://registry.npmjs.org/object-inspect/-/object-inspect-1.13.4.tgz 0ms (cache hit)
2538 http cache own-keys@https://registry.npmjs.org/own-keys/-/own-keys-1.0.1.tgz 0ms (cache hit)
2539 http cache object.assign@https://registry.npmjs.org/object.assign/-/object.assign-4.1.7.tgz 0ms (cache hit)
2540 http cache is-typed-array@https://registry.npmjs.org/is-typed-array/-/is-typed-array-1.1.15.tgz 0ms (cache hit)
2541 http cache is-weakref@https://registry.npmjs.org/is-weakref/-/is-weakref-1.1.1.tgz 0ms (cache hit)
2542 http cache is-regex@https://registry.npmjs.org/is-regex/-/is-regex-1.2.1.tgz 0ms (cache hit)
2543 http cache is-shared-array-buffer@https://registry.npmjs.org/is-shared-array-buffer/-/is-shared-array-buffer-1.0.4.tgz 0ms (cache hit)
2544 http cache is-set@https://registry.npmjs.org/is-set/-/is-set-2.0.3.tgz 0ms (cache hit)
2545 http cache is-negative-zero@https://registry.npmjs.org/is-negative-zero/-/is-negative-zero-2.0.3.tgz 0ms (cache hit)
2546 http cache is-callable@https://registry.npmjs.org/is-callable/-/is-callable-1.2.7.tgz 0ms (cache hit)
2547 http cache is-data-view@https://registry.npmjs.org/is-data-view/-/is-data-view-1.0.2.tgz 0ms (cache hit)
2548 http cache is-array-buffer@https://registry.npmjs.org/is-array-buffer/-/is-array-buffer-3.0.5.tgz 0ms (cache hit)
2549 http cache has-proto@https://registry.npmjs.org/has-proto/-/has-proto-1.2.0.tgz 0ms (cache hit)
2550 http cache internal-slot@https://registry.npmjs.org/internal-slot/-/internal-slot-1.1.0.tgz 0ms (cache hit)
2551 http cache has-symbols@https://registry.npmjs.org/has-symbols/-/has-symbols-1.1.0.tgz 0ms (cache hit)
2552 http cache globalthis@https://registry.npmjs.org/globalthis/-/globalthis-1.0.4.tgz 0ms (cache hit)
2553 http cache get-symbol-description@https://registry.npmjs.org/get-symbol-description/-/get-symbol-description-1.1.0.tgz 0ms (cache hit)
2554 http cache es-set-tostringtag@https://registry.npmjs.org/es-set-tostringtag/-/es-set-tostringtag-2.1.0.tgz 0ms (cache hit)
2555 http cache get-proto@https://registry.npmjs.org/get-proto/-/get-proto-1.0.1.tgz 0ms (cache hit)
2556 http cache function.prototype.name@https://registry.npmjs.org/function.prototype.name/-/function.prototype.name-1.1.8.tgz 0ms (cache hit)
2557 http cache data-view-byte-offset@https://registry.npmjs.org/data-view-byte-offset/-/data-view-byte-offset-1.0.1.tgz 0ms (cache hit)
2558 http cache es-to-primitive@https://registry.npmjs.org/es-to-primitive/-/es-to-primitive-1.3.0.tgz 0ms (cache hit)
2559 http cache available-typed-arrays@https://registry.npmjs.org/available-typed-arrays/-/available-typed-arrays-1.0.7.tgz 0ms (cache hit)
2560 http cache data-view-buffer@https://registry.npmjs.org/data-view-buffer/-/data-view-buffer-1.0.2.tgz 0ms (cache hit)
2561 http cache array-buffer-byte-length@https://registry.npmjs.org/array-buffer-byte-length/-/array-buffer-byte-length-1.0.2.tgz 0ms (cache hit)
2562 http cache arraybuffer.prototype.slice@https://registry.npmjs.org/arraybuffer.prototype.slice/-/arraybuffer.prototype.slice-1.0.4.tgz 0ms (cache hit)
2563 http cache data-view-byte-length@https://registry.npmjs.org/data-view-byte-length/-/data-view-byte-length-1.0.2.tgz 0ms (cache hit)
2564 http cache has-property-descriptors@https://registry.npmjs.org/has-property-descriptors/-/has-property-descriptors-1.0.2.tgz 0ms (cache hit)
2565 http cache object-keys@https://registry.npmjs.org/object-keys/-/object-keys-1.1.1.tgz 0ms (cache hit)
2566 http cache function-bind@https://registry.npmjs.org/function-bind/-/function-bind-1.1.2.tgz 0ms (cache hit)
2567 http cache gopd@https://registry.npmjs.org/gopd/-/gopd-1.2.0.tgz 0ms (cache hit)
2568 http cache define-data-property@https://registry.npmjs.org/define-data-property/-/define-data-property-1.1.4.tgz 0ms (cache hit)
2569 http cache es-define-property@https://registry.npmjs.org/es-define-property/-/es-define-property-1.0.1.tgz 0ms (cache hit)
2570 http cache es-errors@https://registry.npmjs.org/es-errors/-/es-errors-1.3.0.tgz 0ms (cache hit)
2571 http cache set-function-length@https://registry.npmjs.org/set-function-length/-/set-function-length-1.2.2.tgz 0ms (cache hit)
2572 http cache call-bind-apply-helpers@https://registry.npmjs.org/call-bind-apply-helpers/-/call-bind-apply-helpers-1.0.2.tgz 0ms (cache hit)
2573 http cache math-intrinsics@https://registry.npmjs.org/math-intrinsics/-/math-intrinsics-1.1.0.tgz 0ms (cache hit)
2574 http cache es-shim-unscopables@https://registry.npmjs.org/es-shim-unscopables/-/es-shim-unscopables-1.1.0.tgz 0ms (cache hit)
2575 http cache get-intrinsic@https://registry.npmjs.org/get-intrinsic/-/get-intrinsic-1.3.0.tgz 0ms (cache hit)
2576 http cache es-object-atoms@https://registry.npmjs.org/es-object-atoms/-/es-object-atoms-1.1.1.tgz 0ms (cache hit)
2577 http cache es-abstract@https://registry.npmjs.org/es-abstract/-/es-abstract-1.24.1.tgz 0ms (cache hit)
2578 http cache call-bind@https://registry.npmjs.org/call-bind/-/call-bind-1.0.8.tgz 0ms (cache hit)
2579 http cache is-string@https://registry.npmjs.org/is-string/-/is-string-1.1.1.tgz 0ms (cache hit)
2580 http cache define-properties@https://registry.npmjs.org/define-properties/-/define-properties-1.2.1.tgz 0ms (cache hit)
2581 http cache call-bound@https://registry.npmjs.org/call-bound/-/call-bound-1.0.4.tgz 0ms (cache hit)
2582 http cache tsconfig-paths@https://registry.npmjs.org/tsconfig-paths/-/tsconfig-paths-3.15.0.tgz 0ms (cache hit)
2583 http cache string.prototype.trimend@https://registry.npmjs.org/string.prototype.trimend/-/string.prototype.trimend-1.0.9.tgz 0ms (cache hit)
2584 http cache object.groupby@https://registry.npmjs.org/object.groupby/-/object.groupby-1.0.3.tgz 0ms (cache hit)
2585 http cache semver@https://registry.npmjs.org/semver/-/semver-6.3.1.tgz 0ms (cache hit)
2586 http cache object.values@https://registry.npmjs.org/object.values/-/object.values-1.2.1.tgz 0ms (cache hit)
2587 http cache hasown@https://registry.npmjs.org/hasown/-/hasown-2.0.2.tgz 0ms (cache hit)
2588 http cache object.fromentries@https://registry.npmjs.org/object.fromentries/-/object.fromentries-2.0.8.tgz 0ms (cache hit)
2589 http cache array.prototype.flat@https://registry.npmjs.org/array.prototype.flat/-/array.prototype.flat-1.3.3.tgz 0ms (cache hit)
2590 http cache array.prototype.flatmap@https://registry.npmjs.org/array.prototype.flatmap/-/array.prototype.flatmap-1.3.3.tgz 0ms (cache hit)
2591 http cache @rtsao/scc@https://registry.npmjs.org/@rtsao/scc/-/scc-1.1.0.tgz 0ms (cache hit)
2592 http cache doctrine@https://registry.npmjs.org/doctrine/-/doctrine-2.1.0.tgz 0ms (cache hit)
2593 http cache eslint-module-utils@https://registry.npmjs.org/eslint-module-utils/-/eslint-module-utils-2.12.1.tgz 0ms (cache hit)
2594 http cache array.prototype.findlastindex@https://registry.npmjs.org/array.prototype.findlastindex/-/array.prototype.findlastindex-1.2.6.tgz 0ms (cache hit)
2595 http cache tinyglobby@https://registry.npmjs.org/tinyglobby/-/tinyglobby-0.2.15.tgz 0ms (cache hit)
2596 http cache array-includes@https://registry.npmjs.org/array-includes/-/array-includes-3.1.9.tgz 0ms (cache hit)
2597 http cache unrs-resolver@https://registry.npmjs.org/unrs-resolver/-/unrs-resolver-1.11.1.tgz 0ms (cache hit)
2598 http cache is-bun-module@https://registry.npmjs.org/is-bun-module/-/is-bun-module-2.0.0.tgz 0ms (cache hit)
2599 http cache stable-hash@https://registry.npmjs.org/stable-hash/-/stable-hash-0.0.5.tgz 0ms (cache hit)
2600 http cache @nolyfill/is-core-module@https://registry.npmjs.org/@nolyfill/is-core-module/-/is-core-module-1.0.39.tgz 0ms (cache hit)
2601 http cache resolve@https://registry.npmjs.org/resolve/-/resolve-1.22.11.tgz 0ms (cache hit)
2602 http cache get-tsconfig@https://registry.npmjs.org/get-tsconfig/-/get-tsconfig-4.13.6.tgz 0ms (cache hit)
2603 http cache fast-glob@https://registry.npmjs.org/fast-glob/-/fast-glob-3.3.1.tgz 0ms (cache hit)
2604 http cache is-core-module@https://registry.npmjs.org/is-core-module/-/is-core-module-2.16.1.tgz 0ms (cache hit)
2605 http cache typescript-eslint@https://registry.npmjs.org/typescript-eslint/-/typescript-eslint-8.56.1.tgz 0ms (cache hit)
2606 http cache eslint-plugin-react-hooks@https://registry.npmjs.org/eslint-plugin-react-hooks/-/eslint-plugin-react-hooks-7.0.1.tgz 0ms (cache hit)
2607 http cache eslint-plugin-jsx-a11y@https://registry.npmjs.org/eslint-plugin-jsx-a11y/-/eslint-plugin-jsx-a11y-6.10.2.tgz 0ms (cache hit)
2608 http cache eslint-import-resolver-typescript@https://registry.npmjs.org/eslint-import-resolver-typescript/-/eslint-import-resolver-typescript-3.10.1.tgz 0ms (cache hit)
2609 http cache eslint-plugin-react@https://registry.npmjs.org/eslint-plugin-react/-/eslint-plugin-react-7.37.5.tgz 0ms (cache hit)
2610 http cache ms@https://registry.npmjs.org/ms/-/ms-2.1.3.tgz 0ms (cache hit)
2611 http cache eslint-plugin-import@https://registry.npmjs.org/eslint-plugin-import/-/eslint-plugin-import-2.32.0.tgz 0ms (cache hit)
2612 http cache @next/eslint-plugin-next@https://registry.npmjs.org/@next/eslint-plugin-next/-/eslint-plugin-next-16.1.6.tgz 0ms (cache hit)
2613 http cache eslint-import-resolver-node@https://registry.npmjs.org/eslint-import-resolver-node/-/eslint-import-resolver-node-0.3.9.tgz 0ms (cache hit)
2614 http cache which@https://registry.npmjs.org/which/-/which-2.0.2.tgz 0ms (cache hit)
2615 http cache supports-color@https://registry.npmjs.org/supports-color/-/supports-color-7.2.0.tgz 0ms (cache hit)
2616 http cache color-convert@https://registry.npmjs.org/color-convert/-/color-convert-2.0.1.tgz 0ms (cache hit)
2617 http cache shebang-command@https://registry.npmjs.org/shebang-command/-/shebang-command-2.0.0.tgz 0ms (cache hit)
2618 http cache ansi-styles@https://registry.npmjs.org/ansi-styles/-/ansi-styles-4.3.0.tgz 0ms (cache hit)
2619 http cache @humanfs/core@https://registry.npmjs.org/@humanfs/core/-/core-0.19.1.tgz 1ms (cache hit)
2620 http cache color-name@https://registry.npmjs.org/color-name/-/color-name-1.1.4.tgz 0ms (cache hit)
2621 http cache json-schema-traverse@https://registry.npmjs.org/json-schema-traverse/-/json-schema-traverse-0.4.1.tgz 0ms (cache hit)
2622 http cache uri-js@https://registry.npmjs.org/uri-js/-/uri-js-4.4.1.tgz 0ms (cache hit)
2623 http cache levn@https://registry.npmjs.org/levn/-/levn-0.4.1.tgz 0ms (cache hit)
2624 http cache fast-json-stable-stringify@https://registry.npmjs.org/fast-json-stable-stringify/-/fast-json-stable-stringify-2.1.0.tgz 0ms (cache hit)
2625 http cache path-key@https://registry.npmjs.org/path-key/-/path-key-3.1.1.tgz 0ms (cache hit)
2626 http cache @types/json-schema@https://registry.npmjs.org/@types/json-schema/-/json-schema-7.0.15.tgz 0ms (cache hit)
2627 http cache import-fresh@https://registry.npmjs.org/import-fresh/-/import-fresh-3.3.1.tgz 0ms (cache hit)
2628 http cache strip-json-comments@https://registry.npmjs.org/strip-json-comments/-/strip-json-comments-3.1.1.tgz 0ms (cache hit)
2629 http cache js-yaml@https://registry.npmjs.org/js-yaml/-/js-yaml-4.1.1.tgz 0ms (cache hit)
2630 http cache globals@https://registry.npmjs.org/globals/-/globals-14.0.0.tgz 0ms (cache hit)
2631 http cache @eslint/object-schema@https://registry.npmjs.org/@eslint/object-schema/-/object-schema-2.1.7.tgz 0ms (cache hit)
2632 http cache optionator@https://registry.npmjs.org/optionator/-/optionator-0.9.4.tgz 0ms (cache hit)
2633 http cache minimatch@https://registry.npmjs.org/minimatch/-/minimatch-3.1.5.tgz 0ms (cache hit)
2634 http cache natural-compare@https://registry.npmjs.org/natural-compare/-/natural-compare-1.4.0.tgz 0ms (cache hit)
2635 http cache lodash.merge@https://registry.npmjs.org/lodash.merge/-/lodash.merge-4.6.2.tgz 0ms (cache hit)
2636 http cache find-up@https://registry.npmjs.org/find-up/-/find-up-5.0.0.tgz 0ms (cache hit)
2637 http cache imurmurhash@https://registry.npmjs.org/imurmurhash/-/imurmurhash-0.1.4.tgz 0ms (cache hit)
2638 http cache glob-parent@https://registry.npmjs.org/glob-parent/-/glob-parent-6.0.2.tgz 0ms (cache hit)
2639 http cache is-glob@https://registry.npmjs.org/is-glob/-/is-glob-4.0.3.tgz 0ms (cache hit)
2640 http cache ignore@https://registry.npmjs.org/ignore/-/ignore-5.3.2.tgz 0ms (cache hit)
2641 http cache json-stable-stringify-without-jsonify@https://registry.npmjs.org/json-stable-stringify-without-jsonify/-/json-stable-stringify-without-jsonify-1.0.1.tgz 0ms (cache hit)
2642 http cache file-entry-cache@https://registry.npmjs.org/file-entry-cache/-/file-entry-cache-8.0.0.tgz 0ms (cache hit)
2643 http cache esutils@https://registry.npmjs.org/esutils/-/esutils-2.0.3.tgz 0ms (cache hit)
2644 http cache fast-deep-equal@https://registry.npmjs.org/fast-deep-equal/-/fast-deep-equal-3.1.3.tgz 0ms (cache hit)
2645 http cache espree@https://registry.npmjs.org/espree/-/espree-10.4.0.tgz 0ms (cache hit)
2646 http cache esquery@https://registry.npmjs.org/esquery/-/esquery-1.7.0.tgz 0ms (cache hit)
2647 http cache eslint-visitor-keys@https://registry.npmjs.org/eslint-visitor-keys/-/eslint-visitor-keys-4.2.1.tgz 0ms (cache hit)
2648 http cache escape-string-regexp@https://registry.npmjs.org/escape-string-regexp/-/escape-string-regexp-4.0.0.tgz 0ms (cache hit)
2649 http cache @types/estree@https://registry.npmjs.org/@types/estree/-/estree-1.0.8.tgz 0ms (cache hit)
2650 http cache eslint-scope@https://registry.npmjs.org/eslint-scope/-/eslint-scope-8.4.0.tgz 0ms (cache hit)
2651 http cache chalk@https://registry.npmjs.org/chalk/-/chalk-4.1.2.tgz 0ms (cache hit)
2652 http cache debug@https://registry.npmjs.org/debug/-/debug-4.4.3.tgz 0ms (cache hit)
2653 http cache cross-spawn@https://registry.npmjs.org/cross-spawn/-/cross-spawn-7.0.6.tgz 0ms (cache hit)
2654 http cache ajv@https://registry.npmjs.org/ajv/-/ajv-6.14.0.tgz 0ms (cache hit)
2655 http cache @humanwhocodes/module-importer@https://registry.npmjs.org/@humanwhocodes/module-importer/-/module-importer-1.0.1.tgz 0ms (cache hit)
2656 http cache @eslint/eslintrc@https://registry.npmjs.org/@eslint/eslintrc/-/eslintrc-3.3.4.tgz 0ms (cache hit)
2657 http cache @humanwhocodes/retry@https://registry.npmjs.org/@humanwhocodes/retry/-/retry-0.4.3.tgz 0ms (cache hit)
2658 http cache @humanfs/node@https://registry.npmjs.org/@humanfs/node/-/node-0.16.7.tgz 0ms (cache hit)
2659 http cache @eslint-community/regexpp@https://registry.npmjs.org/@eslint-community/regexpp/-/regexpp-4.12.2.tgz 0ms (cache hit)
2660 http cache @eslint/plugin-kit@https://registry.npmjs.org/@eslint/plugin-kit/-/plugin-kit-0.4.1.tgz 0ms (cache hit)
2661 http cache @eslint/core@https://registry.npmjs.org/@eslint/core/-/core-0.17.0.tgz 0ms (cache hit)
2662 http cache @eslint/js@https://registry.npmjs.org/@eslint/js/-/js-9.39.3.tgz 0ms (cache hit)
2663 http cache @eslint/config-helpers@https://registry.npmjs.org/@eslint/config-helpers/-/config-helpers-0.4.2.tgz 0ms (cache hit)
2664 http cache @eslint/config-array@https://registry.npmjs.org/@eslint/config-array/-/config-array-0.21.1.tgz 0ms (cache hit)
2665 http cache @eslint-community/eslint-utils@https://registry.npmjs.org/@eslint-community/eslint-utils/-/eslint-utils-4.9.1.tgz 0ms (cache hit)
2666 http cache csstype@https://registry.npmjs.org/csstype/-/csstype-3.2.3.tgz 0ms (cache hit)
2667 http cache typescript@https://registry.npmjs.org/typescript/-/typescript-5.9.3.tgz 0ms (cache hit)
2668 http cache react@https://registry.npmjs.org/react/-/react-19.2.3.tgz 0ms (cache hit)
2669 http cache react-dom@https://registry.npmjs.org/react-dom/-/react-dom-19.2.3.tgz 0ms (cache hit)
2670 http cache undici-types@https://registry.npmjs.org/undici-types/-/undici-types-6.21.0.tgz 0ms (cache hit)
2671 http cache eslint-config-next@https://registry.npmjs.org/eslint-config-next/-/eslint-config-next-16.1.6.tgz 0ms (cache hit)
2672 http cache @types/react@https://registry.npmjs.org/@types/react/-/react-19.2.14.tgz 0ms (cache hit)
2673 http cache @types/react-dom@https://registry.npmjs.org/@types/react-dom/-/react-dom-19.2.3.tgz 0ms (cache hit)
2674 http cache eslint@https://registry.npmjs.org/eslint/-/eslint-9.39.3.tgz 0ms (cache hit)
2675 http cache next@https://registry.npmjs.org/next/-/next-16.1.6.tgz 0ms (cache hit)
2676 http cache eslint-visitor-keys@https://registry.npmjs.org/eslint-visitor-keys/-/eslint-visitor-keys-5.0.1.tgz 0ms (cache hit)
2677 http cache @types/node@https://registry.npmjs.org/@types/node/-/node-20.19.34.tgz 0ms (cache hit)
2678 http cache brace-expansion@https://registry.npmjs.org/brace-expansion/-/brace-expansion-5.0.3.tgz 0ms (cache hit)
2679 http cache balanced-match@https://registry.npmjs.org/balanced-match/-/balanced-match-4.0.4.tgz 0ms (cache hit)
2680 http cache ignore@https://registry.npmjs.org/ignore/-/ignore-7.0.5.tgz 0ms (cache hit)
2681 http cache json5@https://registry.npmjs.org/json5/-/json5-1.0.2.tgz 0ms (cache hit)
2682 http cache semver@https://registry.npmjs.org/semver/-/semver-7.7.4.tgz 0ms (cache hit)
2683 http cache semver@https://registry.npmjs.org/semver/-/semver-7.7.4.tgz 0ms (cache hit)
2684 http cache minimatch@https://registry.npmjs.org/minimatch/-/minimatch-10.2.4.tgz 0ms (cache hit)
2685 http cache debug@https://registry.npmjs.org/debug/-/debug-3.2.7.tgz 0ms (cache hit)
2686 http cache semver@https://registry.npmjs.org/semver/-/semver-7.7.4.tgz 0ms (cache hit)
2687 http cache debug@https://registry.npmjs.org/debug/-/debug-3.2.7.tgz 0ms (cache hit)
2688 http cache glob-parent@https://registry.npmjs.org/glob-parent/-/glob-parent-5.1.2.tgz 0ms (cache hit)
2689 http cache fdir@https://registry.npmjs.org/fdir/-/fdir-6.5.0.tgz 0ms (cache hit)
2690 http cache globals@https://registry.npmjs.org/globals/-/globals-16.4.0.tgz 0ms (cache hit)
2691 http cache debug@https://registry.npmjs.org/debug/-/debug-3.2.7.tgz 0ms (cache hit)
2692 http cache picomatch@https://registry.npmjs.org/picomatch/-/picomatch-4.0.3.tgz 0ms (cache hit)
2693 silly tarball no local data for node-exports-info@https://registry.npmjs.org/node-exports-info/-/node-exports-info-1.6.0.tgz. Extracting by manifest.
2694 silly tarball no local data for is-weakmap@https://registry.npmjs.org/is-weakmap/-/is-weakmap-2.0.2.tgz. Extracting by manifest.
2695 http cache eslint-visitor-keys@https://registry.npmjs.org/eslint-visitor-keys/-/eslint-visitor-keys-3.4.3.tgz 0ms (cache hit)
2696 silly tarball no local data for is-map@https://registry.npmjs.org/is-map/-/is-map-2.0.3.tgz. Extracting by manifest.
2697 http cache resolve@https://registry.npmjs.org/resolve/-/resolve-2.0.0-next.6.tgz 0ms (cache hit)
2698 silly tarball no local data for is-weakset@https://registry.npmjs.org/is-weakset/-/is-weakset-2.0.4.tgz. Extracting by manifest.
2699 silly tarball no local data for generator-function@https://registry.npmjs.org/generator-function/-/generator-function-2.0.1.tgz. Extracting by manifest.
2700 silly tarball no local data for is-generator-function@https://registry.npmjs.org/is-generator-function/-/is-generator-function-1.1.2.tgz. Extracting by manifest.
2701 silly tarball no local data for which-collection@https://registry.npmjs.org/which-collection/-/which-collection-1.0.2.tgz. Extracting by manifest.
2702 silly tarball no local data for is-async-function@https://registry.npmjs.org/is-async-function/-/is-async-function-2.1.1.tgz. Extracting by manifest.
2703 silly tarball no local data for is-number-object@https://registry.npmjs.org/is-number-object/-/is-number-object-1.1.1.tgz. Extracting by manifest.
2704 silly tarball no local data for is-bigint@https://registry.npmjs.org/is-bigint/-/is-bigint-1.1.0.tgz. Extracting by manifest.
2705 silly tarball no local data for is-finalizationregistry@https://registry.npmjs.org/is-finalizationregistry/-/is-finalizationregistry-1.1.1.tgz. Extracting by manifest.
2706 silly tarball no local data for async-function@https://registry.npmjs.org/async-function/-/async-function-1.0.0.tgz. Extracting by manifest.
2707 silly tarball no local data for isexe@https://registry.npmjs.org/isexe/-/isexe-2.0.0.tgz. Extracting by manifest.
2708 silly tarball no local data for is-boolean-object@https://registry.npmjs.org/is-boolean-object/-/is-boolean-object-1.2.2.tgz. Extracting by manifest.
2709 silly tarball no local data for escalade@https://registry.npmjs.org/escalade/-/escalade-3.2.0.tgz. Extracting by manifest.
2710 silly tarball no local data for @typescript-eslint/types@https://registry.npmjs.org/@typescript-eslint/types/-/types-8.56.1.tgz. Extracting by manifest.
2711 silly tarball no local data for @unrs/resolver-binding-win32-x64-msvc@https://registry.npmjs.org/@unrs/resolver-binding-win32-x64-msvc/-/resolver-binding-win32-x64-msvc-1.11.1.tgz. Extracting by manifest.
2712 silly tarball no local data for napi-postinstall@https://registry.npmjs.org/napi-postinstall/-/napi-postinstall-0.3.4.tgz. Extracting by manifest.
2713 silly tarball no local data for has-bigints@https://registry.npmjs.org/has-bigints/-/has-bigints-1.1.0.tgz. Extracting by manifest.
2714 silly tarball no local data for punycode@https://registry.npmjs.org/punycode/-/punycode-2.3.1.tgz. Extracting by manifest.
2715 silly tarball no local data for ts-api-utils@https://registry.npmjs.org/ts-api-utils/-/ts-api-utils-2.4.0.tgz. Extracting by manifest.
2716 silly tarball no local data for which-boxed-primitive@https://registry.npmjs.org/which-boxed-primitive/-/which-boxed-primitive-1.1.1.tgz. Extracting by manifest.
2717 silly tarball no local data for @typescript-eslint/tsconfig-utils@https://registry.npmjs.org/@typescript-eslint/tsconfig-utils/-/tsconfig-utils-8.56.1.tgz. Extracting by manifest.
2718 silly tarball no local data for @typescript-eslint/project-service@https://registry.npmjs.org/@typescript-eslint/project-service/-/project-service-8.56.1.tgz. Extracting by manifest.
2719 silly tarball no local data for @typescript-eslint/visitor-keys@https://registry.npmjs.org/@typescript-eslint/visitor-keys/-/visitor-keys-8.56.1.tgz. Extracting by manifest.
2720 silly tarball no local data for @typescript-eslint/scope-manager@https://registry.npmjs.org/@typescript-eslint/scope-manager/-/scope-manager-8.56.1.tgz. Extracting by manifest.
2721 silly tarball no local data for which-builtin-type@https://registry.npmjs.org/which-builtin-type/-/which-builtin-type-1.2.1.tgz. Extracting by manifest.
2722 silly tarball no local data for @typescript-eslint/typescript-estree@https://registry.npmjs.org/@typescript-eslint/typescript-estree/-/typescript-estree-8.56.1.tgz. Extracting by manifest.
2723 silly tarball no local data for @typescript-eslint/type-utils@https://registry.npmjs.org/@typescript-eslint/type-utils/-/type-utils-8.56.1.tgz. Extracting by manifest.
2724 silly tarball no local data for reflect.getprototypeof@https://registry.npmjs.org/reflect.getprototypeof/-/reflect.getprototypeof-1.0.10.tgz. Extracting by manifest.
2725 silly tarball no local data for @typescript-eslint/utils@https://registry.npmjs.org/@typescript-eslint/utils/-/utils-8.56.1.tgz. Extracting by manifest.
2726 silly tarball no local data for @typescript-eslint/parser@https://registry.npmjs.org/@typescript-eslint/parser/-/parser-8.56.1.tgz. Extracting by manifest.
2727 silly tarball no local data for @types/json5@https://registry.npmjs.org/@types/json5/-/json5-0.0.29.tgz. Extracting by manifest.
2728 silly tarball no local data for strip-bom@https://registry.npmjs.org/strip-bom/-/strip-bom-3.0.0.tgz. Extracting by manifest.
2729 silly tarball no local data for for-each@https://registry.npmjs.org/for-each/-/for-each-0.3.5.tgz. Extracting by manifest.
2730 silly tarball no local data for minimist@https://registry.npmjs.org/minimist/-/minimist-1.2.8.tgz. Extracting by manifest.
2731 silly tarball no local data for client-only@https://registry.npmjs.org/client-only/-/client-only-0.0.1.tgz. Extracting by manifest.
2732 silly tarball no local data for @typescript-eslint/eslint-plugin@https://registry.npmjs.org/@typescript-eslint/eslint-plugin/-/eslint-plugin-8.56.1.tgz. Extracting by manifest.
2733 silly tarball no local data for is-number@https://registry.npmjs.org/is-number/-/is-number-7.0.0.tgz. Extracting by manifest.
2734 silly tarball no local data for side-channel-map@https://registry.npmjs.org/side-channel-map/-/side-channel-map-1.0.1.tgz. Extracting by manifest.
2735 silly tarball no local data for has-flag@https://registry.npmjs.org/has-flag/-/has-flag-4.0.0.tgz. Extracting by manifest.
2736 silly tarball no local data for @emnapi/runtime@https://registry.npmjs.org/@emnapi/runtime/-/runtime-1.8.1.tgz. Extracting by manifest.
2737 silly tarball no local data for shebang-regex@https://registry.npmjs.org/shebang-regex/-/shebang-regex-3.0.0.tgz. Extracting by manifest.
2738 silly tarball no local data for @img/colour@https://registry.npmjs.org/@img/colour/-/colour-1.0.0.tgz. Extracting by manifest.
2739 silly tarball no local data for side-channel-weakmap@https://registry.npmjs.org/side-channel-weakmap/-/side-channel-weakmap-1.0.2.tgz. Extracting by manifest.
2740 silly tarball no local data for side-channel-list@https://registry.npmjs.org/side-channel-list/-/side-channel-list-1.0.0.tgz. Extracting by manifest.
2741 silly tarball no local data for supports-preserve-symlinks-flag@https://registry.npmjs.org/supports-preserve-symlinks-flag/-/supports-preserve-symlinks-flag-1.0.0.tgz. Extracting by manifest.
2742 silly tarball no local data for @img/sharp-win32-x64@https://registry.npmjs.org/@img/sharp-win32-x64/-/sharp-win32-x64-0.34.5.tgz. Extracting by manifest.
2743 silly tarball no local data for detect-libc@https://registry.npmjs.org/detect-libc/-/detect-libc-2.1.2.tgz. Extracting by manifest.
2744 silly tarball no local data for isarray@https://registry.npmjs.org/isarray/-/isarray-2.0.5.tgz. Extracting by manifest.
2745 silly tarball no local data for queue-microtask@https://registry.npmjs.org/queue-microtask/-/queue-microtask-1.2.3.tgz. Extracting by manifest.
2746 silly tarball no local data for path-parse@https://registry.npmjs.org/path-parse/-/path-parse-1.0.7.tgz. Extracting by manifest.
2747 silly tarball no local data for loose-envify@https://registry.npmjs.org/loose-envify/-/loose-envify-1.4.0.tgz. Extracting by manifest.
2748 silly tarball no local data for object-assign@https://registry.npmjs.org/object-assign/-/object-assign-4.1.1.tgz. Extracting by manifest.
2749 silly tarball no local data for source-map-js@https://registry.npmjs.org/source-map-js/-/source-map-js-1.2.1.tgz. Extracting by manifest.
2750 silly tarball no local data for scheduler@https://registry.npmjs.org/scheduler/-/scheduler-0.27.0.tgz. Extracting by manifest.
2751 silly tarball no local data for nanoid@https://registry.npmjs.org/nanoid/-/nanoid-3.3.11.tgz. Extracting by manifest.
2752 silly tarball no local data for react-is@https://registry.npmjs.org/react-is/-/react-is-16.13.1.tgz. Extracting by manifest.
2753 silly tarball no local data for callsites@https://registry.npmjs.org/callsites/-/callsites-3.1.0.tgz. Extracting by manifest.
2754 silly tarball no local data for word-wrap@https://registry.npmjs.org/word-wrap/-/word-wrap-1.2.5.tgz. Extracting by manifest.
2755 silly tarball no local data for p-limit@https://registry.npmjs.org/p-limit/-/p-limit-3.1.0.tgz. Extracting by manifest.
2756 silly tarball no local data for tslib@https://registry.npmjs.org/tslib/-/tslib-2.8.1.tgz. Extracting by manifest.
2757 silly tarball no local data for yocto-queue@https://registry.npmjs.org/yocto-queue/-/yocto-queue-0.1.0.tgz. Extracting by manifest.
2758 silly tarball no local data for deep-is@https://registry.npmjs.org/deep-is/-/deep-is-0.1.4.tgz. Extracting by manifest.
2759 silly tarball no local data for fast-levenshtein@https://registry.npmjs.org/fast-levenshtein/-/fast-levenshtein-2.0.6.tgz. Extracting by manifest.
2760 silly tarball no local data for styled-jsx@https://registry.npmjs.org/styled-jsx/-/styled-jsx-5.1.6.tgz. Extracting by manifest.
2761 silly tarball no local data for @next/swc-win32-x64-msvc@https://registry.npmjs.org/@next/swc-win32-x64-msvc/-/swc-win32-x64-msvc-16.1.6.tgz. Extracting by manifest.
2762 silly tarball no local data for @swc/helpers@https://registry.npmjs.org/@swc/helpers/-/helpers-0.5.15.tgz. Extracting by manifest.
2763 silly tarball no local data for @next/env@https://registry.npmjs.org/@next/env/-/env-16.1.6.tgz. Extracting by manifest.
2764 silly tarball no local data for sharp@https://registry.npmjs.org/sharp/-/sharp-0.34.5.tgz. Extracting by manifest.
2765 silly tarball no local data for postcss@https://registry.npmjs.org/postcss/-/postcss-8.4.31.tgz. Extracting by manifest.
2766 silly tarball no local data for balanced-match@https://registry.npmjs.org/balanced-match/-/balanced-match-1.0.2.tgz. Extracting by manifest.
2767 silly tarball no local data for concat-map@https://registry.npmjs.org/concat-map/-/concat-map-0.0.1.tgz. Extracting by manifest.
2768 silly tarball no local data for brace-expansion@https://registry.npmjs.org/brace-expansion/-/brace-expansion-1.1.12.tgz. Extracting by manifest.
2769 silly tarball no local data for braces@https://registry.npmjs.org/braces/-/braces-3.0.3.tgz. Extracting by manifest.
2770 silly tarball no local data for fill-range@https://registry.npmjs.org/fill-range/-/fill-range-7.1.1.tgz. Extracting by manifest.
2771 silly tarball no local data for type-check@https://registry.npmjs.org/type-check/-/type-check-0.4.0.tgz. Extracting by manifest.
2772 silly tarball no local data for picomatch@https://registry.npmjs.org/picomatch/-/picomatch-2.3.1.tgz. Extracting by manifest.
2773 silly tarball no local data for prelude-ls@https://registry.npmjs.org/prelude-ls/-/prelude-ls-1.2.1.tgz. Extracting by manifest.
2774 silly tarball no local data for p-locate@https://registry.npmjs.org/p-locate/-/p-locate-5.0.0.tgz. Extracting by manifest.
2775 silly tarball no local data for to-regex-range@https://registry.npmjs.org/to-regex-range/-/to-regex-range-5.0.1.tgz. Extracting by manifest.
2776 silly tarball no local data for set-function-name@https://registry.npmjs.org/set-function-name/-/set-function-name-2.0.2.tgz. Extracting by manifest.
2777 silly tarball no local data for yallist@https://registry.npmjs.org/yallist/-/yallist-3.1.1.tgz. Extracting by manifest.
2778 silly tarball no local data for language-subtag-registry@https://registry.npmjs.org/language-subtag-registry/-/language-subtag-registry-0.3.23.tgz. Extracting by manifest.
2779 silly tarball no local data for is-extglob@https://registry.npmjs.org/is-extglob/-/is-extglob-2.1.1.tgz. Extracting by manifest.
2780 silly tarball no local data for parent-module@https://registry.npmjs.org/parent-module/-/parent-module-1.0.1.tgz. Extracting by manifest.
2781 silly tarball no local data for json-buffer@https://registry.npmjs.org/json-buffer/-/json-buffer-3.0.1.tgz. Extracting by manifest.
2782 silly tarball no local data for side-channel@https://registry.npmjs.org/side-channel/-/side-channel-1.1.0.tgz. Extracting by manifest.
2783 silly tarball no local data for resolve-from@https://registry.npmjs.org/resolve-from/-/resolve-from-4.0.0.tgz. Extracting by manifest.
2784 silly tarball no local data for argparse@https://registry.npmjs.org/argparse/-/argparse-2.0.1.tgz. Extracting by manifest.
2785 silly tarball no local data for resolve-pkg-maps@https://registry.npmjs.org/resolve-pkg-maps/-/resolve-pkg-maps-1.0.0.tgz. Extracting by manifest.
2786 silly tarball no local data for keyv@https://registry.npmjs.org/keyv/-/keyv-4.5.4.tgz. Extracting by manifest.
2787 silly tarball no local data for hermes-estree@https://registry.npmjs.org/hermes-estree/-/hermes-estree-0.25.1.tgz. Extracting by manifest.
2788 silly tarball no local data for path-exists@https://registry.npmjs.org/path-exists/-/path-exists-4.0.0.tgz. Extracting by manifest.
2789 silly tarball no local data for flat-cache@https://registry.npmjs.org/flat-cache/-/flat-cache-4.0.1.tgz. Extracting by manifest.
2790 silly tarball no local data for functions-have-names@https://registry.npmjs.org/functions-have-names/-/functions-have-names-1.2.3.tgz. Extracting by manifest.
2791 silly tarball no local data for dunder-proto@https://registry.npmjs.org/dunder-proto/-/dunder-proto-1.0.1.tgz. Extracting by manifest.
2792 silly tarball no local data for fastq@https://registry.npmjs.org/fastq/-/fastq-1.20.1.tgz. Extracting by manifest.
2793 silly tarball no local data for locate-path@https://registry.npmjs.org/locate-path/-/locate-path-6.0.0.tgz. Extracting by manifest.
2794 silly tarball no local data for reusify@https://registry.npmjs.org/reusify/-/reusify-1.1.0.tgz. Extracting by manifest.
2795 silly tarball no local data for run-parallel@https://registry.npmjs.org/run-parallel/-/run-parallel-1.2.0.tgz. Extracting by manifest.
2796 silly tarball no local data for flatted@https://registry.npmjs.org/flatted/-/flatted-3.3.3.tgz. Extracting by manifest.
2797 silly tarball no local data for merge2@https://registry.npmjs.org/merge2/-/merge2-1.4.1.tgz. Extracting by manifest.
2798 silly tarball no local data for acorn-jsx@https://registry.npmjs.org/acorn-jsx/-/acorn-jsx-5.3.2.tgz. Extracting by manifest.
2799 silly tarball no local data for acorn@https://registry.npmjs.org/acorn/-/acorn-8.16.0.tgz. Extracting by manifest.
2800 silly tarball no local data for update-browserslist-db@https://registry.npmjs.org/update-browserslist-db/-/update-browserslist-db-1.2.3.tgz. Extracting by manifest.
2801 silly tarball no local data for micromatch@https://registry.npmjs.org/micromatch/-/micromatch-4.0.8.tgz. Extracting by manifest.
2802 silly tarball no local data for esrecurse@https://registry.npmjs.org/esrecurse/-/esrecurse-4.3.0.tgz. Extracting by manifest.
2803 silly tarball no local data for electron-to-chromium@https://registry.npmjs.org/electron-to-chromium/-/electron-to-chromium-1.5.302.tgz. Extracting by manifest.
2804 silly tarball no local data for node-releases@https://registry.npmjs.org/node-releases/-/node-releases-2.0.27.tgz. Extracting by manifest.
2805 silly tarball no local data for caniuse-lite@https://registry.npmjs.org/caniuse-lite/-/caniuse-lite-1.0.30001774.tgz. Extracting by manifest.
2806 silly tarball no local data for baseline-browser-mapping@https://registry.npmjs.org/baseline-browser-mapping/-/baseline-browser-mapping-2.10.0.tgz. Extracting by manifest.
2807 silly tarball no local data for @babel/helper-string-parser@https://registry.npmjs.org/@babel/helper-string-parser/-/helper-string-parser-7.27.1.tgz. Extracting by manifest.
2808 silly tarball no local data for @jridgewell/sourcemap-codec@https://registry.npmjs.org/@jridgewell/sourcemap-codec/-/sourcemap-codec-1.5.5.tgz. Extracting by manifest.
2809 silly tarball no local data for @jridgewell/resolve-uri@https://registry.npmjs.org/@jridgewell/resolve-uri/-/resolve-uri-3.1.2.tgz. Extracting by manifest.
2810 silly tarball no local data for @nodelib/fs.scandir@https://registry.npmjs.org/@nodelib/fs.scandir/-/fs.scandir-2.1.5.tgz. Extracting by manifest.
2811 silly tarball no local data for lru-cache@https://registry.npmjs.org/lru-cache/-/lru-cache-5.1.1.tgz. Extracting by manifest.
2812 silly tarball no local data for @nodelib/fs.walk@https://registry.npmjs.org/@nodelib/fs.walk/-/fs.walk-1.2.8.tgz. Extracting by manifest.
2813 silly tarball no local data for @babel/helper-globals@https://registry.npmjs.org/@babel/helper-globals/-/helper-globals-7.28.0.tgz. Extracting by manifest.
2814 silly tarball no local data for @babel/helper-validator-option@https://registry.npmjs.org/@babel/helper-validator-option/-/helper-validator-option-7.27.1.tgz. Extracting by manifest.
2815 silly tarball no local data for @babel/helper-module-imports@https://registry.npmjs.org/@babel/helper-module-imports/-/helper-module-imports-7.28.6.tgz. Extracting by manifest.
2816 silly tarball no local data for @nodelib/fs.stat@https://registry.npmjs.org/@nodelib/fs.stat/-/fs.stat-2.0.5.tgz. Extracting by manifest.
2817 silly tarball no local data for browserslist@https://registry.npmjs.org/browserslist/-/browserslist-4.28.1.tgz. Extracting by manifest.
2818 silly tarball no local data for jsesc@https://registry.npmjs.org/jsesc/-/jsesc-3.1.0.tgz. Extracting by manifest.
2819 silly tarball no local data for picocolors@https://registry.npmjs.org/picocolors/-/picocolors-1.1.1.tgz. Extracting by manifest.
2820 silly tarball no local data for @jridgewell/trace-mapping@https://registry.npmjs.org/@jridgewell/trace-mapping/-/trace-mapping-0.3.31.tgz. Extracting by manifest.
2821 silly tarball no local data for @jridgewell/gen-mapping@https://registry.npmjs.org/@jridgewell/gen-mapping/-/gen-mapping-0.3.13.tgz. Extracting by manifest.
2822 silly tarball no local data for convert-source-map@https://registry.npmjs.org/convert-source-map/-/convert-source-map-2.0.0.tgz. Extracting by manifest.
2823 silly tarball no local data for js-tokens@https://registry.npmjs.org/js-tokens/-/js-tokens-4.0.0.tgz. Extracting by manifest.
2824 silly tarball no local data for @babel/compat-data@https://registry.npmjs.org/@babel/compat-data/-/compat-data-7.29.0.tgz. Extracting by manifest.
2825 silly tarball no local data for @babel/helper-validator-identifier@https://registry.npmjs.org/@babel/helper-validator-identifier/-/helper-validator-identifier-7.28.5.tgz. Extracting by manifest.
2826 silly tarball no local data for @jridgewell/remapping@https://registry.npmjs.org/@jridgewell/remapping/-/remapping-2.3.5.tgz. Extracting by manifest.
2827 silly tarball no local data for gensync@https://registry.npmjs.org/gensync/-/gensync-1.0.0-beta.2.tgz. Extracting by manifest.
2828 silly tarball no local data for @babel/helpers@https://registry.npmjs.org/@babel/helpers/-/helpers-7.28.6.tgz. Extracting by manifest.
2829 silly tarball no local data for @babel/types@https://registry.npmjs.org/@babel/types/-/types-7.29.0.tgz. Extracting by manifest.
2830 silly tarball no local data for json5@https://registry.npmjs.org/json5/-/json5-2.2.3.tgz. Extracting by manifest.
2831 silly tarball no local data for @babel/traverse@https://registry.npmjs.org/@babel/traverse/-/traverse-7.29.0.tgz. Extracting by manifest.
2832 silly tarball no local data for @babel/helper-compilation-targets@https://registry.npmjs.org/@babel/helper-compilation-targets/-/helper-compilation-targets-7.28.6.tgz. Extracting by manifest.
2833 silly tarball no local data for @babel/template@https://registry.npmjs.org/@babel/template/-/template-7.28.6.tgz. Extracting by manifest.
2834 silly tarball no local data for hermes-parser@https://registry.npmjs.org/hermes-parser/-/hermes-parser-0.25.1.tgz. Extracting by manifest.
2835 silly tarball no local data for @babel/generator@https://registry.npmjs.org/@babel/generator/-/generator-7.29.1.tgz. Extracting by manifest.
2836 silly tarball no local data for @babel/code-frame@https://registry.npmjs.org/@babel/code-frame/-/code-frame-7.29.0.tgz. Extracting by manifest.
2837 silly tarball no local data for @babel/parser@https://registry.npmjs.org/@babel/parser/-/parser-7.29.0.tgz. Extracting by manifest.
2838 silly tarball no local data for @babel/helper-module-transforms@https://registry.npmjs.org/@babel/helper-module-transforms/-/helper-module-transforms-7.28.6.tgz. Extracting by manifest.
2839 silly tarball no local data for @babel/core@https://registry.npmjs.org/@babel/core/-/core-7.29.0.tgz. Extracting by manifest.
2840 silly tarball no local data for zod@https://registry.npmjs.org/zod/-/zod-4.3.6.tgz. Extracting by manifest.
2841 silly tarball no local data for string.prototype.matchall@https://registry.npmjs.org/string.prototype.matchall/-/string.prototype.matchall-4.0.12.tgz. Extracting by manifest.
2842 silly tarball no local data for iterator.prototype@https://registry.npmjs.org/iterator.prototype/-/iterator.prototype-1.1.5.tgz. Extracting by manifest.
2843 silly tarball no local data for string.prototype.repeat@https://registry.npmjs.org/string.prototype.repeat/-/string.prototype.repeat-1.0.0.tgz. Extracting by manifest.
2844 silly tarball no local data for prop-types@https://registry.npmjs.org/prop-types/-/prop-types-15.8.1.tgz. Extracting by manifest.
2845 silly tarball no local data for zod-validation-error@https://registry.npmjs.org/zod-validation-error/-/zod-validation-error-4.0.2.tgz. Extracting by manifest.
2846 silly tarball no local data for array.prototype.tosorted@https://registry.npmjs.org/array.prototype.tosorted/-/array.prototype.tosorted-1.1.4.tgz. Extracting by manifest.
2847 silly tarball no local data for object.entries@https://registry.npmjs.org/object.entries/-/object.entries-1.1.9.tgz. Extracting by manifest.
2848 silly tarball no local data for estraverse@https://registry.npmjs.org/estraverse/-/estraverse-5.3.0.tgz. Extracting by manifest.
2849 silly tarball no local data for es-iterator-helpers@https://registry.npmjs.org/es-iterator-helpers/-/es-iterator-helpers-1.2.2.tgz. Extracting by manifest.
2850 silly tarball no local data for jsx-ast-utils@https://registry.npmjs.org/jsx-ast-utils/-/jsx-ast-utils-3.3.5.tgz. Extracting by manifest.
2851 silly tarball no local data for damerau-levenshtein@https://registry.npmjs.org/damerau-levenshtein/-/damerau-levenshtein-1.0.8.tgz. Extracting by manifest.
2852 silly tarball no local data for language-tags@https://registry.npmjs.org/language-tags/-/language-tags-1.0.9.tgz. Extracting by manifest.
2853 silly tarball no local data for string.prototype.includes@https://registry.npmjs.org/string.prototype.includes/-/string.prototype.includes-2.0.1.tgz. Extracting by manifest.
2854 silly tarball no local data for array.prototype.findlast@https://registry.npmjs.org/array.prototype.findlast/-/array.prototype.findlast-1.2.5.tgz. Extracting by manifest.
2855 silly tarball no local data for axobject-query@https://registry.npmjs.org/axobject-query/-/axobject-query-4.1.0.tgz. Extracting by manifest.
2856 silly tarball no local data for emoji-regex@https://registry.npmjs.org/emoji-regex/-/emoji-regex-9.2.2.tgz. Extracting by manifest.
2857 silly tarball no local data for ast-types-flow@https://registry.npmjs.org/ast-types-flow/-/ast-types-flow-0.0.8.tgz. Extracting by manifest.
2858 silly tarball no local data for is-date-object@https://registry.npmjs.org/is-date-object/-/is-date-object-1.1.0.tgz. Extracting by manifest.
2859 silly tarball no local data for axe-core@https://registry.npmjs.org/axe-core/-/axe-core-4.11.1.tgz. Extracting by manifest.
2860 silly tarball no local data for which-typed-array@https://registry.npmjs.org/which-typed-array/-/which-typed-array-1.1.20.tgz. Extracting by manifest.
2861 silly tarball no local data for aria-query@https://registry.npmjs.org/aria-query/-/aria-query-5.3.2.tgz. Extracting by manifest.
2862 silly tarball no local data for possible-typed-array-names@https://registry.npmjs.org/possible-typed-array-names/-/possible-typed-array-names-1.1.0.tgz. Extracting by manifest.
2863 silly tarball no local data for is-symbol@https://registry.npmjs.org/is-symbol/-/is-symbol-1.1.1.tgz. Extracting by manifest.
2864 silly tarball no local data for has-tostringtag@https://registry.npmjs.org/has-tostringtag/-/has-tostringtag-1.0.2.tgz. Extracting by manifest.
2865 silly tarball no local data for typed-array-length@https://registry.npmjs.org/typed-array-length/-/typed-array-length-1.0.7.tgz. Extracting by manifest.
2866 silly tarball no local data for unbox-primitive@https://registry.npmjs.org/unbox-primitive/-/unbox-primitive-1.1.0.tgz. Extracting by manifest.
2867 silly tarball no local data for typed-array-buffer@https://registry.npmjs.org/typed-array-buffer/-/typed-array-buffer-1.0.3.tgz. Extracting by manifest.
2868 silly tarball no local data for typed-array-byte-offset@https://registry.npmjs.org/typed-array-byte-offset/-/typed-array-byte-offset-1.0.4.tgz. Extracting by manifest.
2869 silly tarball no local data for string.prototype.trim@https://registry.npmjs.org/string.prototype.trim/-/string.prototype.trim-1.2.10.tgz. Extracting by manifest.
2870 silly tarball no local data for typed-array-byte-length@https://registry.npmjs.org/typed-array-byte-length/-/typed-array-byte-length-1.0.3.tgz. Extracting by manifest.
2871 silly tarball no local data for set-proto@https://registry.npmjs.org/set-proto/-/set-proto-1.0.0.tgz. Extracting by manifest.
2872 silly tarball no local data for string.prototype.trimstart@https://registry.npmjs.org/string.prototype.trimstart/-/string.prototype.trimstart-1.0.8.tgz. Extracting by manifest.
2873 silly tarball no local data for safe-push-apply@https://registry.npmjs.org/safe-push-apply/-/safe-push-apply-1.0.0.tgz. Extracting by manifest.
2874 silly tarball no local data for stop-iteration-iterator@https://registry.npmjs.org/stop-iteration-iterator/-/stop-iteration-iterator-1.1.0.tgz. Extracting by manifest.
2875 silly tarball no local data for safe-regex-test@https://registry.npmjs.org/safe-regex-test/-/safe-regex-test-1.1.0.tgz. Extracting by manifest.
2876 silly tarball no local data for regexp.prototype.flags@https://registry.npmjs.org/regexp.prototype.flags/-/regexp.prototype.flags-1.5.4.tgz. Extracting by manifest.
2877 silly tarball no local data for safe-array-concat@https://registry.npmjs.org/safe-array-concat/-/safe-array-concat-1.1.3.tgz. Extracting by manifest.
2878 silly tarball no local data for object-inspect@https://registry.npmjs.org/object-inspect/-/object-inspect-1.13.4.tgz. Extracting by manifest.
2879 silly tarball no local data for own-keys@https://registry.npmjs.org/own-keys/-/own-keys-1.0.1.tgz. Extracting by manifest.
2880 silly tarball no local data for object.assign@https://registry.npmjs.org/object.assign/-/object.assign-4.1.7.tgz. Extracting by manifest.
2881 silly tarball no local data for is-typed-array@https://registry.npmjs.org/is-typed-array/-/is-typed-array-1.1.15.tgz. Extracting by manifest.
2882 silly tarball no local data for is-weakref@https://registry.npmjs.org/is-weakref/-/is-weakref-1.1.1.tgz. Extracting by manifest.
2883 silly tarball no local data for is-regex@https://registry.npmjs.org/is-regex/-/is-regex-1.2.1.tgz. Extracting by manifest.
2884 silly tarball no local data for is-shared-array-buffer@https://registry.npmjs.org/is-shared-array-buffer/-/is-shared-array-buffer-1.0.4.tgz. Extracting by manifest.
2885 silly tarball no local data for is-set@https://registry.npmjs.org/is-set/-/is-set-2.0.3.tgz. Extracting by manifest.
2886 silly tarball no local data for is-negative-zero@https://registry.npmjs.org/is-negative-zero/-/is-negative-zero-2.0.3.tgz. Extracting by manifest.
2887 silly tarball no local data for is-callable@https://registry.npmjs.org/is-callable/-/is-callable-1.2.7.tgz. Extracting by manifest.
2888 silly tarball no local data for is-data-view@https://registry.npmjs.org/is-data-view/-/is-data-view-1.0.2.tgz. Extracting by manifest.
2889 silly tarball no local data for is-array-buffer@https://registry.npmjs.org/is-array-buffer/-/is-array-buffer-3.0.5.tgz. Extracting by manifest.
2890 silly tarball no local data for has-proto@https://registry.npmjs.org/has-proto/-/has-proto-1.2.0.tgz. Extracting by manifest.
2891 silly tarball no local data for internal-slot@https://registry.npmjs.org/internal-slot/-/internal-slot-1.1.0.tgz. Extracting by manifest.
2892 silly tarball no local data for has-symbols@https://registry.npmjs.org/has-symbols/-/has-symbols-1.1.0.tgz. Extracting by manifest.
2893 silly tarball no local data for globalthis@https://registry.npmjs.org/globalthis/-/globalthis-1.0.4.tgz. Extracting by manifest.
2894 silly tarball no local data for get-symbol-description@https://registry.npmjs.org/get-symbol-description/-/get-symbol-description-1.1.0.tgz. Extracting by manifest.
2895 silly tarball no local data for es-set-tostringtag@https://registry.npmjs.org/es-set-tostringtag/-/es-set-tostringtag-2.1.0.tgz. Extracting by manifest.
2896 silly tarball no local data for get-proto@https://registry.npmjs.org/get-proto/-/get-proto-1.0.1.tgz. Extracting by manifest.
2897 silly tarball no local data for function.prototype.name@https://registry.npmjs.org/function.prototype.name/-/function.prototype.name-1.1.8.tgz. Extracting by manifest.
2898 silly tarball no local data for data-view-byte-offset@https://registry.npmjs.org/data-view-byte-offset/-/data-view-byte-offset-1.0.1.tgz. Extracting by manifest.
2899 silly tarball no local data for es-to-primitive@https://registry.npmjs.org/es-to-primitive/-/es-to-primitive-1.3.0.tgz. Extracting by manifest.
2900 silly tarball no local data for available-typed-arrays@https://registry.npmjs.org/available-typed-arrays/-/available-typed-arrays-1.0.7.tgz. Extracting by manifest.
2901 silly tarball no local data for data-view-buffer@https://registry.npmjs.org/data-view-buffer/-/data-view-buffer-1.0.2.tgz. Extracting by manifest.
2902 silly tarball no local data for array-buffer-byte-length@https://registry.npmjs.org/array-buffer-byte-length/-/array-buffer-byte-length-1.0.2.tgz. Extracting by manifest.
2903 silly tarball no local data for arraybuffer.prototype.slice@https://registry.npmjs.org/arraybuffer.prototype.slice/-/arraybuffer.prototype.slice-1.0.4.tgz. Extracting by manifest.
2904 silly tarball no local data for data-view-byte-length@https://registry.npmjs.org/data-view-byte-length/-/data-view-byte-length-1.0.2.tgz. Extracting by manifest.
2905 silly tarball no local data for has-property-descriptors@https://registry.npmjs.org/has-property-descriptors/-/has-property-descriptors-1.0.2.tgz. Extracting by manifest.
2906 silly tarball no local data for object-keys@https://registry.npmjs.org/object-keys/-/object-keys-1.1.1.tgz. Extracting by manifest.
2907 silly tarball no local data for function-bind@https://registry.npmjs.org/function-bind/-/function-bind-1.1.2.tgz. Extracting by manifest.
2908 silly tarball no local data for gopd@https://registry.npmjs.org/gopd/-/gopd-1.2.0.tgz. Extracting by manifest.
2909 silly tarball no local data for define-data-property@https://registry.npmjs.org/define-data-property/-/define-data-property-1.1.4.tgz. Extracting by manifest.
2910 silly tarball no local data for es-define-property@https://registry.npmjs.org/es-define-property/-/es-define-property-1.0.1.tgz. Extracting by manifest.
2911 silly tarball no local data for es-errors@https://registry.npmjs.org/es-errors/-/es-errors-1.3.0.tgz. Extracting by manifest.
2912 silly tarball no local data for set-function-length@https://registry.npmjs.org/set-function-length/-/set-function-length-1.2.2.tgz. Extracting by manifest.
2913 silly tarball no local data for call-bind-apply-helpers@https://registry.npmjs.org/call-bind-apply-helpers/-/call-bind-apply-helpers-1.0.2.tgz. Extracting by manifest.
2914 silly tarball no local data for math-intrinsics@https://registry.npmjs.org/math-intrinsics/-/math-intrinsics-1.1.0.tgz. Extracting by manifest.
2915 silly tarball no local data for es-shim-unscopables@https://registry.npmjs.org/es-shim-unscopables/-/es-shim-unscopables-1.1.0.tgz. Extracting by manifest.
2916 silly tarball no local data for get-intrinsic@https://registry.npmjs.org/get-intrinsic/-/get-intrinsic-1.3.0.tgz. Extracting by manifest.
2917 silly tarball no local data for es-object-atoms@https://registry.npmjs.org/es-object-atoms/-/es-object-atoms-1.1.1.tgz. Extracting by manifest.
2918 silly tarball no local data for es-abstract@https://registry.npmjs.org/es-abstract/-/es-abstract-1.24.1.tgz. Extracting by manifest.
2919 silly tarball no local data for call-bind@https://registry.npmjs.org/call-bind/-/call-bind-1.0.8.tgz. Extracting by manifest.
2920 silly tarball no local data for is-string@https://registry.npmjs.org/is-string/-/is-string-1.1.1.tgz. Extracting by manifest.
2921 silly tarball no local data for define-properties@https://registry.npmjs.org/define-properties/-/define-properties-1.2.1.tgz. Extracting by manifest.
2922 silly tarball no local data for call-bound@https://registry.npmjs.org/call-bound/-/call-bound-1.0.4.tgz. Extracting by manifest.
2923 silly tarball no local data for tsconfig-paths@https://registry.npmjs.org/tsconfig-paths/-/tsconfig-paths-3.15.0.tgz. Extracting by manifest.
2924 silly tarball no local data for string.prototype.trimend@https://registry.npmjs.org/string.prototype.trimend/-/string.prototype.trimend-1.0.9.tgz. Extracting by manifest.
2925 silly tarball no local data for object.groupby@https://registry.npmjs.org/object.groupby/-/object.groupby-1.0.3.tgz. Extracting by manifest.
2926 silly tarball no local data for semver@https://registry.npmjs.org/semver/-/semver-6.3.1.tgz. Extracting by manifest.
2927 silly tarball no local data for object.values@https://registry.npmjs.org/object.values/-/object.values-1.2.1.tgz. Extracting by manifest.
2928 silly tarball no local data for hasown@https://registry.npmjs.org/hasown/-/hasown-2.0.2.tgz. Extracting by manifest.
2929 silly tarball no local data for object.fromentries@https://registry.npmjs.org/object.fromentries/-/object.fromentries-2.0.8.tgz. Extracting by manifest.
2930 silly tarball no local data for array.prototype.flat@https://registry.npmjs.org/array.prototype.flat/-/array.prototype.flat-1.3.3.tgz. Extracting by manifest.
2931 silly tarball no local data for array.prototype.flatmap@https://registry.npmjs.org/array.prototype.flatmap/-/array.prototype.flatmap-1.3.3.tgz. Extracting by manifest.
2932 silly tarball no local data for @rtsao/scc@https://registry.npmjs.org/@rtsao/scc/-/scc-1.1.0.tgz. Extracting by manifest.
2933 silly tarball no local data for doctrine@https://registry.npmjs.org/doctrine/-/doctrine-2.1.0.tgz. Extracting by manifest.
2934 silly tarball no local data for eslint-module-utils@https://registry.npmjs.org/eslint-module-utils/-/eslint-module-utils-2.12.1.tgz. Extracting by manifest.
2935 silly tarball no local data for array.prototype.findlastindex@https://registry.npmjs.org/array.prototype.findlastindex/-/array.prototype.findlastindex-1.2.6.tgz. Extracting by manifest.
2936 silly tarball no local data for tinyglobby@https://registry.npmjs.org/tinyglobby/-/tinyglobby-0.2.15.tgz. Extracting by manifest.
2937 silly tarball no local data for array-includes@https://registry.npmjs.org/array-includes/-/array-includes-3.1.9.tgz. Extracting by manifest.
2938 silly tarball no local data for unrs-resolver@https://registry.npmjs.org/unrs-resolver/-/unrs-resolver-1.11.1.tgz. Extracting by manifest.
2939 silly tarball no local data for is-bun-module@https://registry.npmjs.org/is-bun-module/-/is-bun-module-2.0.0.tgz. Extracting by manifest.
2940 silly tarball no local data for stable-hash@https://registry.npmjs.org/stable-hash/-/stable-hash-0.0.5.tgz. Extracting by manifest.
2941 silly tarball no local data for @nolyfill/is-core-module@https://registry.npmjs.org/@nolyfill/is-core-module/-/is-core-module-1.0.39.tgz. Extracting by manifest.
2942 silly tarball no local data for resolve@https://registry.npmjs.org/resolve/-/resolve-1.22.11.tgz. Extracting by manifest.
2943 silly tarball no local data for get-tsconfig@https://registry.npmjs.org/get-tsconfig/-/get-tsconfig-4.13.6.tgz. Extracting by manifest.
2944 silly tarball no local data for fast-glob@https://registry.npmjs.org/fast-glob/-/fast-glob-3.3.1.tgz. Extracting by manifest.
2945 silly tarball no local data for is-core-module@https://registry.npmjs.org/is-core-module/-/is-core-module-2.16.1.tgz. Extracting by manifest.
2946 silly tarball no local data for typescript-eslint@https://registry.npmjs.org/typescript-eslint/-/typescript-eslint-8.56.1.tgz. Extracting by manifest.
2947 silly tarball no local data for eslint-plugin-react-hooks@https://registry.npmjs.org/eslint-plugin-react-hooks/-/eslint-plugin-react-hooks-7.0.1.tgz. Extracting by manifest.
2948 silly tarball no local data for eslint-plugin-jsx-a11y@https://registry.npmjs.org/eslint-plugin-jsx-a11y/-/eslint-plugin-jsx-a11y-6.10.2.tgz. Extracting by manifest.
2949 silly tarball no local data for eslint-import-resolver-typescript@https://registry.npmjs.org/eslint-import-resolver-typescript/-/eslint-import-resolver-typescript-3.10.1.tgz. Extracting by manifest.
2950 silly tarball no local data for eslint-plugin-react@https://registry.npmjs.org/eslint-plugin-react/-/eslint-plugin-react-7.37.5.tgz. Extracting by manifest.
2951 silly tarball no local data for ms@https://registry.npmjs.org/ms/-/ms-2.1.3.tgz. Extracting by manifest.
2952 silly tarball no local data for eslint-plugin-import@https://registry.npmjs.org/eslint-plugin-import/-/eslint-plugin-import-2.32.0.tgz. Extracting by manifest.
2953 silly tarball no local data for @next/eslint-plugin-next@https://registry.npmjs.org/@next/eslint-plugin-next/-/eslint-plugin-next-16.1.6.tgz. Extracting by manifest.
2954 silly tarball no local data for eslint-import-resolver-node@https://registry.npmjs.org/eslint-import-resolver-node/-/eslint-import-resolver-node-0.3.9.tgz. Extracting by manifest.
2955 silly tarball no local data for which@https://registry.npmjs.org/which/-/which-2.0.2.tgz. Extracting by manifest.
2956 silly tarball no local data for supports-color@https://registry.npmjs.org/supports-color/-/supports-color-7.2.0.tgz. Extracting by manifest.
2957 silly tarball no local data for color-convert@https://registry.npmjs.org/color-convert/-/color-convert-2.0.1.tgz. Extracting by manifest.
2958 silly tarball no local data for shebang-command@https://registry.npmjs.org/shebang-command/-/shebang-command-2.0.0.tgz. Extracting by manifest.
2959 silly tarball no local data for ansi-styles@https://registry.npmjs.org/ansi-styles/-/ansi-styles-4.3.0.tgz. Extracting by manifest.
2960 silly tarball no local data for @humanfs/core@https://registry.npmjs.org/@humanfs/core/-/core-0.19.1.tgz. Extracting by manifest.
2961 silly tarball no local data for color-name@https://registry.npmjs.org/color-name/-/color-name-1.1.4.tgz. Extracting by manifest.
2962 silly tarball no local data for json-schema-traverse@https://registry.npmjs.org/json-schema-traverse/-/json-schema-traverse-0.4.1.tgz. Extracting by manifest.
2963 silly tarball no local data for uri-js@https://registry.npmjs.org/uri-js/-/uri-js-4.4.1.tgz. Extracting by manifest.
2964 silly tarball no local data for levn@https://registry.npmjs.org/levn/-/levn-0.4.1.tgz. Extracting by manifest.
2965 silly tarball no local data for fast-json-stable-stringify@https://registry.npmjs.org/fast-json-stable-stringify/-/fast-json-stable-stringify-2.1.0.tgz. Extracting by manifest.
2966 silly tarball no local data for path-key@https://registry.npmjs.org/path-key/-/path-key-3.1.1.tgz. Extracting by manifest.
2967 silly tarball no local data for @types/json-schema@https://registry.npmjs.org/@types/json-schema/-/json-schema-7.0.15.tgz. Extracting by manifest.
2968 silly tarball no local data for import-fresh@https://registry.npmjs.org/import-fresh/-/import-fresh-3.3.1.tgz. Extracting by manifest.
2969 silly tarball no local data for strip-json-comments@https://registry.npmjs.org/strip-json-comments/-/strip-json-comments-3.1.1.tgz. Extracting by manifest.
2970 silly tarball no local data for js-yaml@https://registry.npmjs.org/js-yaml/-/js-yaml-4.1.1.tgz. Extracting by manifest.
2971 silly tarball no local data for globals@https://registry.npmjs.org/globals/-/globals-14.0.0.tgz. Extracting by manifest.
2972 silly tarball no local data for @eslint/object-schema@https://registry.npmjs.org/@eslint/object-schema/-/object-schema-2.1.7.tgz. Extracting by manifest.
2973 silly tarball no local data for optionator@https://registry.npmjs.org/optionator/-/optionator-0.9.4.tgz. Extracting by manifest.
2974 silly tarball no local data for minimatch@https://registry.npmjs.org/minimatch/-/minimatch-3.1.5.tgz. Extracting by manifest.
2975 silly tarball no local data for natural-compare@https://registry.npmjs.org/natural-compare/-/natural-compare-1.4.0.tgz. Extracting by manifest.
2976 silly tarball no local data for lodash.merge@https://registry.npmjs.org/lodash.merge/-/lodash.merge-4.6.2.tgz. Extracting by manifest.
2977 silly tarball no local data for find-up@https://registry.npmjs.org/find-up/-/find-up-5.0.0.tgz. Extracting by manifest.
2978 silly tarball no local data for glob-parent@https://registry.npmjs.org/glob-parent/-/glob-parent-6.0.2.tgz. Extracting by manifest.
2979 silly tarball no local data for imurmurhash@https://registry.npmjs.org/imurmurhash/-/imurmurhash-0.1.4.tgz. Extracting by manifest.
2980 silly tarball no local data for is-glob@https://registry.npmjs.org/is-glob/-/is-glob-4.0.3.tgz. Extracting by manifest.
2981 silly tarball no local data for ignore@https://registry.npmjs.org/ignore/-/ignore-5.3.2.tgz. Extracting by manifest.
2982 silly tarball no local data for json-stable-stringify-without-jsonify@https://registry.npmjs.org/json-stable-stringify-without-jsonify/-/json-stable-stringify-without-jsonify-1.0.1.tgz. Extracting by manifest.
2983 silly tarball no local data for file-entry-cache@https://registry.npmjs.org/file-entry-cache/-/file-entry-cache-8.0.0.tgz. Extracting by manifest.
2984 silly tarball no local data for esutils@https://registry.npmjs.org/esutils/-/esutils-2.0.3.tgz. Extracting by manifest.
2985 silly tarball no local data for fast-deep-equal@https://registry.npmjs.org/fast-deep-equal/-/fast-deep-equal-3.1.3.tgz. Extracting by manifest.
2986 silly tarball no local data for espree@https://registry.npmjs.org/espree/-/espree-10.4.0.tgz. Extracting by manifest.
2987 silly tarball no local data for esquery@https://registry.npmjs.org/esquery/-/esquery-1.7.0.tgz. Extracting by manifest.
2988 silly tarball no local data for eslint-visitor-keys@https://registry.npmjs.org/eslint-visitor-keys/-/eslint-visitor-keys-4.2.1.tgz. Extracting by manifest.
2989 silly tarball no local data for escape-string-regexp@https://registry.npmjs.org/escape-string-regexp/-/escape-string-regexp-4.0.0.tgz. Extracting by manifest.
2990 silly tarball no local data for @types/estree@https://registry.npmjs.org/@types/estree/-/estree-1.0.8.tgz. Extracting by manifest.
2991 silly tarball no local data for eslint-scope@https://registry.npmjs.org/eslint-scope/-/eslint-scope-8.4.0.tgz. Extracting by manifest.
2992 silly tarball no local data for chalk@https://registry.npmjs.org/chalk/-/chalk-4.1.2.tgz. Extracting by manifest.
2993 silly tarball no local data for debug@https://registry.npmjs.org/debug/-/debug-4.4.3.tgz. Extracting by manifest.
2994 silly tarball no local data for cross-spawn@https://registry.npmjs.org/cross-spawn/-/cross-spawn-7.0.6.tgz. Extracting by manifest.
2995 silly tarball no local data for ajv@https://registry.npmjs.org/ajv/-/ajv-6.14.0.tgz. Extracting by manifest.
2996 silly tarball no local data for @humanwhocodes/module-importer@https://registry.npmjs.org/@humanwhocodes/module-importer/-/module-importer-1.0.1.tgz. Extracting by manifest.
2997 silly tarball no local data for @eslint/eslintrc@https://registry.npmjs.org/@eslint/eslintrc/-/eslintrc-3.3.4.tgz. Extracting by manifest.
2998 silly tarball no local data for @humanwhocodes/retry@https://registry.npmjs.org/@humanwhocodes/retry/-/retry-0.4.3.tgz. Extracting by manifest.
2999 silly tarball no local data for @humanfs/node@https://registry.npmjs.org/@humanfs/node/-/node-0.16.7.tgz. Extracting by manifest.
3000 silly tarball no local data for @eslint-community/regexpp@https://registry.npmjs.org/@eslint-community/regexpp/-/regexpp-4.12.2.tgz. Extracting by manifest.
3001 silly tarball no local data for @eslint/plugin-kit@https://registry.npmjs.org/@eslint/plugin-kit/-/plugin-kit-0.4.1.tgz. Extracting by manifest.
3002 silly tarball no local data for @eslint/core@https://registry.npmjs.org/@eslint/core/-/core-0.17.0.tgz. Extracting by manifest.
3003 silly tarball no local data for @eslint/js@https://registry.npmjs.org/@eslint/js/-/js-9.39.3.tgz. Extracting by manifest.
3004 silly tarball no local data for @eslint/config-helpers@https://registry.npmjs.org/@eslint/config-helpers/-/config-helpers-0.4.2.tgz. Extracting by manifest.
3005 silly tarball no local data for @eslint/config-array@https://registry.npmjs.org/@eslint/config-array/-/config-array-0.21.1.tgz. Extracting by manifest.
3006 silly tarball no local data for @eslint-community/eslint-utils@https://registry.npmjs.org/@eslint-community/eslint-utils/-/eslint-utils-4.9.1.tgz. Extracting by manifest.
3007 silly tarball no local data for csstype@https://registry.npmjs.org/csstype/-/csstype-3.2.3.tgz. Extracting by manifest.
3008 silly tarball no local data for typescript@https://registry.npmjs.org/typescript/-/typescript-5.9.3.tgz. Extracting by manifest.
3009 silly tarball no local data for react@https://registry.npmjs.org/react/-/react-19.2.3.tgz. Extracting by manifest.
3010 silly tarball no local data for react-dom@https://registry.npmjs.org/react-dom/-/react-dom-19.2.3.tgz. Extracting by manifest.
3011 silly tarball no local data for undici-types@https://registry.npmjs.org/undici-types/-/undici-types-6.21.0.tgz. Extracting by manifest.
3012 silly tarball no local data for eslint-config-next@https://registry.npmjs.org/eslint-config-next/-/eslint-config-next-16.1.6.tgz. Extracting by manifest.
3013 silly tarball no local data for @types/react@https://registry.npmjs.org/@types/react/-/react-19.2.14.tgz. Extracting by manifest.
3014 silly tarball no local data for @types/react-dom@https://registry.npmjs.org/@types/react-dom/-/react-dom-19.2.3.tgz. Extracting by manifest.
3015 silly tarball no local data for eslint@https://registry.npmjs.org/eslint/-/eslint-9.39.3.tgz. Extracting by manifest.
3016 silly tarball no local data for next@https://registry.npmjs.org/next/-/next-16.1.6.tgz. Extracting by manifest.
3017 silly tarball no local data for eslint-visitor-keys@https://registry.npmjs.org/eslint-visitor-keys/-/eslint-visitor-keys-5.0.1.tgz. Extracting by manifest.
3018 silly tarball no local data for @types/node@https://registry.npmjs.org/@types/node/-/node-20.19.34.tgz. Extracting by manifest.
3019 silly tarball no local data for brace-expansion@https://registry.npmjs.org/brace-expansion/-/brace-expansion-5.0.3.tgz. Extracting by manifest.
3020 silly tarball no local data for balanced-match@https://registry.npmjs.org/balanced-match/-/balanced-match-4.0.4.tgz. Extracting by manifest.
3021 silly tarball no local data for ignore@https://registry.npmjs.org/ignore/-/ignore-7.0.5.tgz. Extracting by manifest.
3022 silly tarball no local data for json5@https://registry.npmjs.org/json5/-/json5-1.0.2.tgz. Extracting by manifest.
3023 silly tarball no local data for semver@https://registry.npmjs.org/semver/-/semver-7.7.4.tgz. Extracting by manifest.
3024 silly tarball no local data for semver@https://registry.npmjs.org/semver/-/semver-7.7.4.tgz. Extracting by manifest.
3025 silly tarball no local data for minimatch@https://registry.npmjs.org/minimatch/-/minimatch-10.2.4.tgz. Extracting by manifest.
3026 silly tarball no local data for debug@https://registry.npmjs.org/debug/-/debug-3.2.7.tgz. Extracting by manifest.
3027 silly tarball no local data for semver@https://registry.npmjs.org/semver/-/semver-7.7.4.tgz. Extracting by manifest.
3028 silly tarball no local data for debug@https://registry.npmjs.org/debug/-/debug-3.2.7.tgz. Extracting by manifest.
3029 silly tarball no local data for glob-parent@https://registry.npmjs.org/glob-parent/-/glob-parent-5.1.2.tgz. Extracting by manifest.
3030 silly tarball no local data for fdir@https://registry.npmjs.org/fdir/-/fdir-6.5.0.tgz. Extracting by manifest.
3031 silly tarball no local data for globals@https://registry.npmjs.org/globals/-/globals-16.4.0.tgz. Extracting by manifest.
3032 silly tarball no local data for debug@https://registry.npmjs.org/debug/-/debug-3.2.7.tgz. Extracting by manifest.
3033 silly tarball no local data for picomatch@https://registry.npmjs.org/picomatch/-/picomatch-4.0.3.tgz. Extracting by manifest.
3034 silly tarball no local data for eslint-visitor-keys@https://registry.npmjs.org/eslint-visitor-keys/-/eslint-visitor-keys-3.4.3.tgz. Extracting by manifest.
3035 silly tarball no local data for resolve@https://registry.npmjs.org/resolve/-/resolve-2.0.0-next.6.tgz. Extracting by manifest.
3036 http fetch POST 200 https://registry.npmjs.org/-/npm/v1/security/advisories/bulk 295ms
3037 silly audit report {}
3038 http fetch GET 200 https://registry.npmjs.org/isexe/-/isexe-2.0.0.tgz 214ms (cache miss)
3039 http fetch GET 200 https://registry.npmjs.org/is-number-object/-/is-number-object-1.1.1.tgz 216ms (cache miss)
3040 http fetch GET 200 https://registry.npmjs.org/node-exports-info/-/node-exports-info-1.6.0.tgz 222ms (cache miss)
3041 http fetch GET 200 https://registry.npmjs.org/is-map/-/is-map-2.0.3.tgz 220ms (cache miss)
3042 http fetch GET 200 https://registry.npmjs.org/which-collection/-/which-collection-1.0.2.tgz 218ms (cache miss)
3043 http fetch GET 200 https://registry.npmjs.org/async-function/-/async-function-1.0.0.tgz 216ms (cache miss)
3044 http fetch GET 200 https://registry.npmjs.org/is-weakset/-/is-weakset-2.0.4.tgz 222ms (cache miss)
3045 http fetch GET 200 https://registry.npmjs.org/generator-function/-/generator-function-2.0.1.tgz 221ms (cache miss)
3046 http fetch GET 200 https://registry.npmjs.org/escalade/-/escalade-3.2.0.tgz 217ms (cache miss)
3047 http fetch GET 200 https://registry.npmjs.org/napi-postinstall/-/napi-postinstall-0.3.4.tgz 219ms (cache miss)
3048 http fetch GET 200 https://registry.npmjs.org/is-finalizationregistry/-/is-finalizationregistry-1.1.1.tgz 234ms (cache miss)
3049 http fetch GET 200 https://registry.npmjs.org/is-async-function/-/is-async-function-2.1.1.tgz 237ms (cache miss)
3050 http fetch GET 200 https://registry.npmjs.org/is-bigint/-/is-bigint-1.1.0.tgz 236ms (cache miss)
3051 http fetch GET 200 https://registry.npmjs.org/is-weakmap/-/is-weakmap-2.0.2.tgz 257ms (cache miss)
3052 http fetch GET 200 https://registry.npmjs.org/is-boolean-object/-/is-boolean-object-1.2.2.tgz 257ms (cache miss)
3053 http fetch GET 200 https://registry.npmjs.org/is-generator-function/-/is-generator-function-1.1.2.tgz 266ms (cache miss)
3054 http fetch GET 200 https://registry.npmjs.org/has-bigints/-/has-bigints-1.1.0.tgz 263ms (cache miss)
3055 http fetch GET 200 https://registry.npmjs.org/punycode/-/punycode-2.3.1.tgz 267ms (cache miss)
3056 http fetch GET 200 https://registry.npmjs.org/which-boxed-primitive/-/which-boxed-primitive-1.1.1.tgz 267ms (cache miss)
3057 http fetch GET 200 https://registry.npmjs.org/which-builtin-type/-/which-builtin-type-1.2.1.tgz 278ms (cache miss)
3058 http fetch GET 200 https://registry.npmjs.org/@typescript-eslint/project-service/-/project-service-8.56.1.tgz 300ms (cache miss)
3059 http fetch GET 200 https://registry.npmjs.org/@typescript-eslint/visitor-keys/-/visitor-keys-8.56.1.tgz 301ms (cache miss)
3060 http fetch GET 200 https://registry.npmjs.org/@typescript-eslint/tsconfig-utils/-/tsconfig-utils-8.56.1.tgz 304ms (cache miss)
3061 http fetch GET 200 https://registry.npmjs.org/ts-api-utils/-/ts-api-utils-2.4.0.tgz 335ms (cache miss)
3062 http fetch GET 200 https://registry.npmjs.org/strip-bom/-/strip-bom-3.0.0.tgz 343ms (cache miss)
3063 http fetch GET 200 https://registry.npmjs.org/for-each/-/for-each-0.3.5.tgz 349ms (cache miss)
3064 http fetch GET 200 https://registry.npmjs.org/is-number/-/is-number-7.0.0.tgz 348ms (cache miss)
3065 http fetch GET 200 https://registry.npmjs.org/client-only/-/client-only-0.0.1.tgz 349ms (cache miss)
3066 http fetch GET 200 https://registry.npmjs.org/@types/json5/-/json5-0.0.29.tgz 354ms (cache miss)
3067 http fetch GET 200 https://registry.npmjs.org/side-channel-map/-/side-channel-map-1.0.1.tgz 353ms (cache miss)
3068 http fetch GET 200 https://registry.npmjs.org/has-flag/-/has-flag-4.0.0.tgz 361ms (cache miss)
3069 http fetch GET 200 https://registry.npmjs.org/reflect.getprototypeof/-/reflect.getprototypeof-1.0.10.tgz 369ms (cache miss)
3070 http fetch GET 200 https://registry.npmjs.org/supports-preserve-symlinks-flag/-/supports-preserve-symlinks-flag-1.0.0.tgz 368ms (cache miss)
3071 http fetch GET 200 https://registry.npmjs.org/side-channel-list/-/side-channel-list-1.0.0.tgz 368ms (cache miss)
3072 http fetch GET 200 https://registry.npmjs.org/object-assign/-/object-assign-4.1.1.tgz 367ms (cache miss)
3073 http fetch GET 200 https://registry.npmjs.org/detect-libc/-/detect-libc-2.1.2.tgz 368ms (cache miss)
3074 http fetch GET 200 https://registry.npmjs.org/path-parse/-/path-parse-1.0.7.tgz 367ms (cache miss)
3075 http fetch GET 200 https://registry.npmjs.org/isarray/-/isarray-2.0.5.tgz 372ms (cache miss)
3076 http fetch GET 200 https://registry.npmjs.org/queue-microtask/-/queue-microtask-1.2.3.tgz 374ms (cache miss)
3077 http fetch GET 200 https://registry.npmjs.org/loose-envify/-/loose-envify-1.4.0.tgz 374ms (cache miss)
3078 http fetch GET 200 https://registry.npmjs.org/shebang-regex/-/shebang-regex-3.0.0.tgz 380ms (cache miss)
3079 http fetch GET 200 https://registry.npmjs.org/callsites/-/callsites-3.1.0.tgz 379ms (cache miss)
3080 http fetch GET 200 https://registry.npmjs.org/react-is/-/react-is-16.13.1.tgz 379ms (cache miss)
3081 http fetch GET 200 https://registry.npmjs.org/side-channel-weakmap/-/side-channel-weakmap-1.0.2.tgz 385ms (cache miss)
3082 http fetch GET 200 https://registry.npmjs.org/@img/colour/-/colour-1.0.0.tgz 387ms (cache miss)
3083 http fetch GET 200 https://registry.npmjs.org/p-limit/-/p-limit-3.1.0.tgz 385ms (cache miss)
3084 http fetch GET 200 https://registry.npmjs.org/yocto-queue/-/yocto-queue-0.1.0.tgz 385ms (cache miss)
3085 http fetch GET 200 https://registry.npmjs.org/word-wrap/-/word-wrap-1.2.5.tgz 391ms (cache miss)
3086 http fetch GET 200 https://registry.npmjs.org/fast-levenshtein/-/fast-levenshtein-2.0.6.tgz 394ms (cache miss)
3087 http fetch GET 200 https://registry.npmjs.org/deep-is/-/deep-is-0.1.4.tgz 397ms (cache miss)
3088 http fetch GET 200 https://registry.npmjs.org/balanced-match/-/balanced-match-1.0.2.tgz 398ms (cache miss)
3089 http fetch GET 200 https://registry.npmjs.org/concat-map/-/concat-map-0.0.1.tgz 400ms (cache miss)
3090 http fetch GET 200 https://registry.npmjs.org/@typescript-eslint/types/-/types-8.56.1.tgz 421ms (cache miss)
3091 http fetch GET 200 https://registry.npmjs.org/brace-expansion/-/brace-expansion-1.1.12.tgz 406ms (cache miss)
3092 http fetch GET 200 https://registry.npmjs.org/type-check/-/type-check-0.4.0.tgz 409ms (cache miss)
3093 http fetch GET 200 https://registry.npmjs.org/fill-range/-/fill-range-7.1.1.tgz 412ms (cache miss)
3094 http fetch GET 200 https://registry.npmjs.org/@typescript-eslint/parser/-/parser-8.56.1.tgz 428ms (cache miss)
3095 http fetch GET 200 https://registry.npmjs.org/prelude-ls/-/prelude-ls-1.2.1.tgz 459ms (cache miss)
3096 http fetch GET 200 https://registry.npmjs.org/parent-module/-/parent-module-1.0.1.tgz 473ms (cache miss)
3097 http fetch GET 200 https://registry.npmjs.org/p-locate/-/p-locate-5.0.0.tgz 475ms (cache miss)
3098 http fetch GET 200 https://registry.npmjs.org/is-extglob/-/is-extglob-2.1.1.tgz 478ms (cache miss)
3099 http fetch GET 200 https://registry.npmjs.org/to-regex-range/-/to-regex-range-5.0.1.tgz 482ms (cache miss)
3100 http fetch GET 200 https://registry.npmjs.org/yallist/-/yallist-3.1.1.tgz 485ms (cache miss)
3101 http fetch GET 200 https://registry.npmjs.org/json-buffer/-/json-buffer-3.0.1.tgz 486ms (cache miss)
3102 http fetch GET 200 https://registry.npmjs.org/resolve-from/-/resolve-from-4.0.0.tgz 490ms (cache miss)
3103 http fetch GET 200 https://registry.npmjs.org/braces/-/braces-3.0.3.tgz 497ms (cache miss)
3104 http fetch GET 200 https://registry.npmjs.org/keyv/-/keyv-4.5.4.tgz 500ms (cache miss)
3105 http fetch GET 200 https://registry.npmjs.org/tslib/-/tslib-2.8.1.tgz 518ms (cache miss)
3106 http fetch GET 200 https://registry.npmjs.org/path-exists/-/path-exists-4.0.0.tgz 509ms (cache miss)
3107 http fetch GET 200 https://registry.npmjs.org/side-channel/-/side-channel-1.1.0.tgz 511ms (cache miss)
3108 http fetch GET 200 https://registry.npmjs.org/flat-cache/-/flat-cache-4.0.1.tgz 512ms (cache miss)
3109 http fetch GET 200 https://registry.npmjs.org/functions-have-names/-/functions-have-names-1.2.3.tgz 520ms (cache miss)
3110 http fetch GET 200 https://registry.npmjs.org/scheduler/-/scheduler-0.27.0.tgz 536ms (cache miss)
3111 http fetch GET 200 https://registry.npmjs.org/dunder-proto/-/dunder-proto-1.0.1.tgz 524ms (cache miss)
3112 http fetch GET 200 https://registry.npmjs.org/set-function-name/-/set-function-name-2.0.2.tgz 536ms (cache miss)
3113 http fetch GET 200 https://registry.npmjs.org/locate-path/-/locate-path-6.0.0.tgz 531ms (cache miss)
3114 http fetch GET 200 https://registry.npmjs.org/run-parallel/-/run-parallel-1.2.0.tgz 531ms (cache miss)
3115 http fetch GET 200 https://registry.npmjs.org/reusify/-/reusify-1.1.0.tgz 543ms (cache miss)
3116 http fetch GET 200 https://registry.npmjs.org/merge2/-/merge2-1.4.1.tgz 549ms (cache miss)
3117 http fetch GET 200 https://registry.npmjs.org/update-browserslist-db/-/update-browserslist-db-1.2.3.tgz 559ms (cache miss)
3118 http fetch GET 200 https://registry.npmjs.org/esrecurse/-/esrecurse-4.3.0.tgz 567ms (cache miss)
3119 http fetch GET 200 https://registry.npmjs.org/resolve-pkg-maps/-/resolve-pkg-maps-1.0.0.tgz 579ms (cache miss)
3120 http fetch GET 200 https://registry.npmjs.org/argparse/-/argparse-2.0.1.tgz 583ms (cache miss)
3121 http fetch GET 200 https://registry.npmjs.org/acorn-jsx/-/acorn-jsx-5.3.2.tgz 582ms (cache miss)
3122 http fetch GET 200 https://registry.npmjs.org/picomatch/-/picomatch-2.3.1.tgz 594ms (cache miss)
3123 http fetch GET 200 https://registry.npmjs.org/@next/env/-/env-16.1.6.tgz 599ms (cache miss)
3124 http fetch GET 200 https://registry.npmjs.org/micromatch/-/micromatch-4.0.8.tgz 591ms (cache miss)
3125 http fetch GET 200 https://registry.npmjs.org/node-releases/-/node-releases-2.0.27.tgz 595ms (cache miss)
3126 http fetch GET 200 https://registry.npmjs.org/@babel/helper-string-parser/-/helper-string-parser-7.27.1.tgz 596ms (cache miss)
3127 http fetch GET 200 https://registry.npmjs.org/@nodelib/fs.walk/-/fs.walk-1.2.8.tgz 596ms (cache miss)
3128 http fetch GET 200 https://registry.npmjs.org/lru-cache/-/lru-cache-5.1.1.tgz 596ms (cache miss)
3129 http fetch GET 200 https://registry.npmjs.org/@babel/helper-globals/-/helper-globals-7.28.0.tgz 611ms (cache miss)
3130 http fetch GET 200 https://registry.npmjs.org/source-map-js/-/source-map-js-1.2.1.tgz 631ms (cache miss)
3131 http fetch GET 200 https://registry.npmjs.org/picocolors/-/picocolors-1.1.1.tgz 613ms (cache miss)
3132 http fetch GET 200 https://registry.npmjs.org/@nodelib/fs.stat/-/fs.stat-2.0.5.tgz 618ms (cache miss)
3133 http fetch GET 200 https://registry.npmjs.org/js-tokens/-/js-tokens-4.0.0.tgz 622ms (cache miss)
3134 http fetch GET 200 https://registry.npmjs.org/convert-source-map/-/convert-source-map-2.0.0.tgz 622ms (cache miss)
3135 http fetch GET 200 https://registry.npmjs.org/jsesc/-/jsesc-3.1.0.tgz 624ms (cache miss)
3136 http fetch GET 200 https://registry.npmjs.org/gensync/-/gensync-1.0.0-beta.2.tgz 635ms (cache miss)
3137 http fetch GET 200 https://registry.npmjs.org/minimist/-/minimist-1.2.8.tgz 672ms (cache miss)
3138 http fetch GET 200 https://registry.npmjs.org/@emnapi/runtime/-/runtime-1.8.1.tgz 672ms (cache miss)
3139 http fetch GET 200 https://registry.npmjs.org/@babel/helper-compilation-targets/-/helper-compilation-targets-7.28.6.tgz 658ms (cache miss)
3140 http fetch GET 200 https://registry.npmjs.org/nanoid/-/nanoid-3.3.11.tgz 691ms (cache miss)
3141 http fetch GET 200 https://registry.npmjs.org/baseline-browser-mapping/-/baseline-browser-mapping-2.10.0.tgz 674ms (cache miss)
3142 http fetch GET 200 https://registry.npmjs.org/fastq/-/fastq-1.20.1.tgz 679ms (cache miss)
3143 http fetch GET 200 https://registry.npmjs.org/@jridgewell/resolve-uri/-/resolve-uri-3.1.2.tgz 675ms (cache miss)
3144 http fetch GET 200 https://registry.npmjs.org/flatted/-/flatted-3.3.3.tgz 680ms (cache miss)
3145 http fetch GET 200 https://registry.npmjs.org/browserslist/-/browserslist-4.28.1.tgz 684ms (cache miss)
3146 http fetch GET 200 https://registry.npmjs.org/electron-to-chromium/-/electron-to-chromium-1.5.302.tgz 691ms (cache miss)
3147 http fetch GET 200 https://registry.npmjs.org/@babel/helper-validator-option/-/helper-validator-option-7.27.1.tgz 688ms (cache miss)
3148 http fetch GET 200 https://registry.npmjs.org/@babel/code-frame/-/code-frame-7.29.0.tgz 702ms (cache miss)
3149 http fetch GET 200 https://registry.npmjs.org/@babel/helper-validator-identifier/-/helper-validator-identifier-7.28.5.tgz 714ms (cache miss)
3150 http fetch GET 200 https://registry.npmjs.org/@babel/helper-module-imports/-/helper-module-imports-7.28.6.tgz 720ms (cache miss)
3151 http fetch GET 200 https://registry.npmjs.org/hermes-estree/-/hermes-estree-0.25.1.tgz 748ms (cache miss)
3152 http fetch GET 200 https://registry.npmjs.org/acorn/-/acorn-8.16.0.tgz 746ms (cache miss)
3153 http fetch GET 200 https://registry.npmjs.org/@babel/compat-data/-/compat-data-7.29.0.tgz 754ms (cache miss)
3154 http fetch GET 200 https://registry.npmjs.org/styled-jsx/-/styled-jsx-5.1.6.tgz 774ms (cache miss)
3155 http fetch GET 200 https://registry.npmjs.org/iterator.prototype/-/iterator.prototype-1.1.5.tgz 751ms (cache miss)
3156 http fetch GET 200 https://registry.npmjs.org/string.prototype.repeat/-/string.prototype.repeat-1.0.0.tgz 753ms (cache miss)
3157 http fetch GET 200 https://registry.npmjs.org/array.prototype.tosorted/-/array.prototype.tosorted-1.1.4.tgz 770ms (cache miss)
3158 http fetch GET 200 https://registry.npmjs.org/estraverse/-/estraverse-5.3.0.tgz 798ms (cache miss)
3159 http fetch GET 200 https://registry.npmjs.org/prop-types/-/prop-types-15.8.1.tgz 832ms (cache miss)
3160 http fetch GET 200 https://registry.npmjs.org/string.prototype.matchall/-/string.prototype.matchall-4.0.12.tgz 850ms (cache miss)
3161 http fetch GET 200 https://registry.npmjs.org/@babel/template/-/template-7.28.6.tgz 860ms (cache miss)
3162 http fetch GET 200 https://registry.npmjs.org/language-tags/-/language-tags-1.0.9.tgz 857ms (cache miss)
3163 http fetch GET 200 https://registry.npmjs.org/damerau-levenshtein/-/damerau-levenshtein-1.0.8.tgz 862ms (cache miss)
3164 http fetch GET 200 https://registry.npmjs.org/@babel/helper-module-transforms/-/helper-module-transforms-7.28.6.tgz 879ms (cache miss)
3165 http fetch GET 200 https://registry.npmjs.org/json5/-/json5-2.2.3.tgz 884ms (cache miss)
3166 http fetch GET 200 https://registry.npmjs.org/string.prototype.includes/-/string.prototype.includes-2.0.1.tgz 879ms (cache miss)
3167 http fetch GET 200 https://registry.npmjs.org/sharp/-/sharp-0.34.5.tgz 929ms (cache miss)
3168 http fetch GET 200 https://registry.npmjs.org/@jridgewell/sourcemap-codec/-/sourcemap-codec-1.5.5.tgz 917ms (cache miss)
3169 http fetch GET 200 https://registry.npmjs.org/is-date-object/-/is-date-object-1.1.0.tgz 912ms (cache miss)
3170 http fetch GET 200 https://registry.npmjs.org/ast-types-flow/-/ast-types-flow-0.0.8.tgz 912ms (cache miss)
3171 http fetch GET 200 https://registry.npmjs.org/possible-typed-array-names/-/possible-typed-array-names-1.1.0.tgz 917ms (cache miss)
3172 http fetch GET 200 https://registry.npmjs.org/@typescript-eslint/type-utils/-/type-utils-8.56.1.tgz 970ms (cache miss)
3173 http fetch GET 200 https://registry.npmjs.org/unbox-primitive/-/unbox-primitive-1.1.0.tgz 936ms (cache miss)
3174 http fetch GET 200 https://registry.npmjs.org/typed-array-length/-/typed-array-length-1.0.7.tgz 937ms (cache miss)
3175 http fetch GET 200 https://registry.npmjs.org/typed-array-buffer/-/typed-array-buffer-1.0.3.tgz 939ms (cache miss)
3176 http fetch GET 200 https://registry.npmjs.org/string.prototype.trim/-/string.prototype.trim-1.2.10.tgz 941ms (cache miss)
3177 http fetch GET 200 https://registry.npmjs.org/language-subtag-registry/-/language-subtag-registry-0.3.23.tgz 994ms (cache miss)
3178 http fetch GET 200 https://registry.npmjs.org/string.prototype.trimstart/-/string.prototype.trimstart-1.0.8.tgz 965ms (cache miss)
3179 http fetch GET 200 https://registry.npmjs.org/@nodelib/fs.scandir/-/fs.scandir-2.1.5.tgz 995ms (cache miss)
3180 http fetch GET 200 https://registry.npmjs.org/safe-push-apply/-/safe-push-apply-1.0.0.tgz 984ms (cache miss)
3181 http fetch GET 200 https://registry.npmjs.org/is-symbol/-/is-symbol-1.1.1.tgz 987ms (cache miss)
3182 http fetch GET 200 https://registry.npmjs.org/safe-array-concat/-/safe-array-concat-1.1.3.tgz 987ms (cache miss)
3183 http fetch GET 200 https://registry.npmjs.org/own-keys/-/own-keys-1.0.1.tgz 987ms (cache miss)
3184 http fetch GET 200 https://registry.npmjs.org/zod-validation-error/-/zod-validation-error-4.0.2.tgz 1007ms (cache miss)
3185 http fetch GET 200 https://registry.npmjs.org/object.entries/-/object.entries-1.1.9.tgz 1011ms (cache miss)
3186 http fetch GET 200 https://registry.npmjs.org/is-typed-array/-/is-typed-array-1.1.15.tgz 1002ms (cache miss)
3187 http fetch GET 200 https://registry.npmjs.org/is-regex/-/is-regex-1.2.1.tgz 1007ms (cache miss)
3188 http fetch GET 200 https://registry.npmjs.org/is-weakref/-/is-weakref-1.1.1.tgz 1010ms (cache miss)
3189 http fetch GET 200 https://registry.npmjs.org/is-set/-/is-set-2.0.3.tgz 1020ms (cache miss)
3190 http fetch GET 200 https://registry.npmjs.org/is-shared-array-buffer/-/is-shared-array-buffer-1.0.4.tgz 1025ms (cache miss)
3191 http fetch GET 200 https://registry.npmjs.org/is-negative-zero/-/is-negative-zero-2.0.3.tgz 1024ms (cache miss)
3192 http fetch GET 200 https://registry.npmjs.org/is-data-view/-/is-data-view-1.0.2.tgz 1030ms (cache miss)
3193 http fetch GET 200 https://registry.npmjs.org/is-callable/-/is-callable-1.2.7.tgz 1034ms (cache miss)
3194 http fetch GET 200 https://registry.npmjs.org/which-typed-array/-/which-typed-array-1.1.20.tgz 1051ms (cache miss)
3195 http fetch GET 200 https://registry.npmjs.org/get-symbol-description/-/get-symbol-description-1.1.0.tgz 1042ms (cache miss)
3196 http fetch GET 200 https://registry.npmjs.org/globalthis/-/globalthis-1.0.4.tgz 1043ms (cache miss)
3197 http fetch GET 200 https://registry.npmjs.org/internal-slot/-/internal-slot-1.1.0.tgz 1049ms (cache miss)
3198 http fetch GET 200 https://registry.npmjs.org/function.prototype.name/-/function.prototype.name-1.1.8.tgz 1051ms (cache miss)
3199 http fetch GET 200 https://registry.npmjs.org/typed-array-byte-offset/-/typed-array-byte-offset-1.0.4.tgz 1068ms (cache miss)
3200 http fetch GET 200 https://registry.npmjs.org/@jridgewell/gen-mapping/-/gen-mapping-0.3.13.tgz 1084ms (cache miss)
3201 http fetch GET 200 https://registry.npmjs.org/es-set-tostringtag/-/es-set-tostringtag-2.1.0.tgz 1062ms (cache miss)
3202 http fetch GET 200 https://registry.npmjs.org/get-proto/-/get-proto-1.0.1.tgz 1062ms (cache miss)
3203 http fetch GET 200 https://registry.npmjs.org/data-view-byte-offset/-/data-view-byte-offset-1.0.1.tgz 1065ms (cache miss)
3204 http fetch GET 200 https://registry.npmjs.org/typed-array-byte-length/-/typed-array-byte-length-1.0.3.tgz 1081ms (cache miss)
3205 http fetch GET 200 https://registry.npmjs.org/es-to-primitive/-/es-to-primitive-1.3.0.tgz 1085ms (cache miss)
3206 http fetch GET 200 https://registry.npmjs.org/arraybuffer.prototype.slice/-/arraybuffer.prototype.slice-1.0.4.tgz 1087ms (cache miss)
3207 http fetch GET 200 https://registry.npmjs.org/object-keys/-/object-keys-1.1.1.tgz 1088ms (cache miss)
3208 http fetch GET 200 https://registry.npmjs.org/data-view-byte-length/-/data-view-byte-length-1.0.2.tgz 1089ms (cache miss)
3209 http fetch GET 200 https://registry.npmjs.org/gopd/-/gopd-1.2.0.tgz 1093ms (cache miss)
3210 http fetch GET 200 https://registry.npmjs.org/@jridgewell/remapping/-/remapping-2.3.5.tgz 1122ms (cache miss)
3211 http fetch GET 200 https://registry.npmjs.org/has-property-descriptors/-/has-property-descriptors-1.0.2.tgz 1099ms (cache miss)
3212 http fetch GET 200 https://registry.npmjs.org/@babel/parser/-/parser-7.29.0.tgz 1123ms (cache miss)
3213 http fetch GET 200 https://registry.npmjs.org/stop-iteration-iterator/-/stop-iteration-iterator-1.1.0.tgz 1113ms (cache miss)
3214 http fetch GET 200 https://registry.npmjs.org/call-bind-apply-helpers/-/call-bind-apply-helpers-1.0.2.tgz 1114ms (cache miss)
3215 http fetch GET 200 https://registry.npmjs.org/define-data-property/-/define-data-property-1.1.4.tgz 1116ms (cache miss)
3216 http fetch GET 200 https://registry.npmjs.org/safe-regex-test/-/safe-regex-test-1.1.0.tgz 1126ms (cache miss)
3217 http fetch GET 200 https://registry.npmjs.org/es-errors/-/es-errors-1.3.0.tgz 1119ms (cache miss)
3218 http fetch GET 200 https://registry.npmjs.org/set-function-length/-/set-function-length-1.2.2.tgz 1119ms (cache miss)
3219 http fetch GET 200 https://registry.npmjs.org/es-define-property/-/es-define-property-1.0.1.tgz 1120ms (cache miss)
3220 http fetch GET 200 https://registry.npmjs.org/es-object-atoms/-/es-object-atoms-1.1.1.tgz 1123ms (cache miss)
3221 http fetch GET 200 https://registry.npmjs.org/es-shim-unscopables/-/es-shim-unscopables-1.1.0.tgz 1135ms (cache miss)
3222 http fetch GET 200 https://registry.npmjs.org/math-intrinsics/-/math-intrinsics-1.1.0.tgz 1141ms (cache miss)
3223 http fetch GET 200 https://registry.npmjs.org/get-intrinsic/-/get-intrinsic-1.3.0.tgz 1148ms (cache miss)
3224 http fetch GET 200 https://registry.npmjs.org/is-string/-/is-string-1.1.1.tgz 1147ms (cache miss)
3225 http fetch GET 200 https://registry.npmjs.org/emoji-regex/-/emoji-regex-9.2.2.tgz 1170ms (cache miss)
3226 http fetch GET 200 https://registry.npmjs.org/@unrs/resolver-binding-win32-x64-msvc/-/resolver-binding-win32-x64-msvc-1.11.1.tgz 1220ms (cache miss)
3227 http fetch GET 200 https://registry.npmjs.org/define-properties/-/define-properties-1.2.1.tgz 1157ms (cache miss)
3228 http fetch GET 200 https://registry.npmjs.org/object.groupby/-/object.groupby-1.0.3.tgz 1165ms (cache miss)
3229 http fetch GET 200 https://registry.npmjs.org/call-bound/-/call-bound-1.0.4.tgz 1172ms (cache miss)
3230 http fetch GET 200 https://registry.npmjs.org/is-array-buffer/-/is-array-buffer-3.0.5.tgz 1187ms (cache miss)
3231 http fetch GET 200 https://registry.npmjs.org/hasown/-/hasown-2.0.2.tgz 1184ms (cache miss)
3232 http fetch GET 200 https://registry.npmjs.org/array.prototype.findlast/-/array.prototype.findlast-1.2.5.tgz 1206ms (cache miss)
3233 http fetch GET 200 https://registry.npmjs.org/array.prototype.flatmap/-/array.prototype.flatmap-1.3.3.tgz 1194ms (cache miss)
3234 http fetch GET 200 https://registry.npmjs.org/array.prototype.flat/-/array.prototype.flat-1.3.3.tgz 1198ms (cache miss)
3235 http fetch GET 200 https://registry.npmjs.org/set-proto/-/set-proto-1.0.0.tgz 1217ms (cache miss)
3236 http fetch GET 200 https://registry.npmjs.org/object.fromentries/-/object.fromentries-2.0.8.tgz 1202ms (cache miss)
3237 http fetch GET 200 https://registry.npmjs.org/has-tostringtag/-/has-tostringtag-1.0.2.tgz 1227ms (cache miss)
3238 http fetch GET 200 https://registry.npmjs.org/@rtsao/scc/-/scc-1.1.0.tgz 1210ms (cache miss)
3239 http fetch GET 200 https://registry.npmjs.org/stable-hash/-/stable-hash-0.0.5.tgz 1213ms (cache miss)
3240 http fetch GET 200 https://registry.npmjs.org/is-bun-module/-/is-bun-module-2.0.0.tgz 1218ms (cache miss)
3241 http fetch GET 200 https://registry.npmjs.org/array-includes/-/array-includes-3.1.9.tgz 1229ms (cache miss)
3242 http fetch GET 200 https://registry.npmjs.org/available-typed-arrays/-/available-typed-arrays-1.0.7.tgz 1242ms (cache miss)
3243 http fetch GET 200 https://registry.npmjs.org/unrs-resolver/-/unrs-resolver-1.11.1.tgz 1231ms (cache miss)
3244 http fetch GET 200 https://registry.npmjs.org/@nolyfill/is-core-module/-/is-core-module-1.0.39.tgz 1231ms (cache miss)
3245 http fetch GET 200 https://registry.npmjs.org/data-view-buffer/-/data-view-buffer-1.0.2.tgz 1244ms (cache miss)
3246 http fetch GET 200 https://registry.npmjs.org/array-buffer-byte-length/-/array-buffer-byte-length-1.0.2.tgz 1259ms (cache miss)
3247 http fetch GET 200 https://registry.npmjs.org/semver/-/semver-6.3.1.tgz 1256ms (cache miss)
3248 http fetch GET 200 https://registry.npmjs.org/eslint-import-resolver-node/-/eslint-import-resolver-node-0.3.9.tgz 1250ms (cache miss)
3249 http fetch GET 200 https://registry.npmjs.org/ms/-/ms-2.1.3.tgz 1264ms (cache miss)
3250 http fetch GET 200 https://registry.npmjs.org/which/-/which-2.0.2.tgz 1270ms (cache miss)
3251 http fetch GET 200 https://registry.npmjs.org/supports-color/-/supports-color-7.2.0.tgz 1269ms (cache miss)
3252 http fetch GET 200 https://registry.npmjs.org/shebang-command/-/shebang-command-2.0.0.tgz 1280ms (cache miss)
3253 http fetch GET 200 https://registry.npmjs.org/color-name/-/color-name-1.1.4.tgz 1288ms (cache miss)
3254 http fetch GET 200 https://registry.npmjs.org/@humanfs/core/-/core-0.19.1.tgz 1289ms (cache miss)
3255 http fetch GET 200 https://registry.npmjs.org/levn/-/levn-0.4.1.tgz 1292ms (cache miss)
3256 http fetch GET 200 https://registry.npmjs.org/regexp.prototype.flags/-/regexp.prototype.flags-1.5.4.tgz 1321ms (cache miss)
3257 http fetch GET 200 https://registry.npmjs.org/has-proto/-/has-proto-1.2.0.tgz 1320ms (cache miss)
3258 http fetch GET 200 https://registry.npmjs.org/function-bind/-/function-bind-1.1.2.tgz 1318ms (cache miss)
3259 http fetch GET 200 https://registry.npmjs.org/tinyglobby/-/tinyglobby-0.2.15.tgz 1311ms (cache miss)
3260 http fetch GET 200 https://registry.npmjs.org/ansi-styles/-/ansi-styles-4.3.0.tgz 1303ms (cache miss)
3261 http fetch GET 200 https://registry.npmjs.org/call-bind/-/call-bind-1.0.8.tgz 1319ms (cache miss)
3262 http fetch GET 200 https://registry.npmjs.org/import-fresh/-/import-fresh-3.3.1.tgz 1311ms (cache miss)
3263 http fetch GET 200 https://registry.npmjs.org/fast-json-stable-stringify/-/fast-json-stable-stringify-2.1.0.tgz 1313ms (cache miss)
3264 http fetch GET 200 https://registry.npmjs.org/strip-json-comments/-/strip-json-comments-3.1.1.tgz 1314ms (cache miss)
3265 http fetch GET 200 https://registry.npmjs.org/is-core-module/-/is-core-module-2.16.1.tgz 1324ms (cache miss)
3266 http fetch GET 200 https://registry.npmjs.org/path-key/-/path-key-3.1.1.tgz 1319ms (cache miss)
3267 http fetch GET 200 https://registry.npmjs.org/color-convert/-/color-convert-2.0.1.tgz 1327ms (cache miss)
3268 http fetch GET 200 https://registry.npmjs.org/doctrine/-/doctrine-2.1.0.tgz 1342ms (cache miss)
3269 http fetch GET 200 https://registry.npmjs.org/get-tsconfig/-/get-tsconfig-4.13.6.tgz 1346ms (cache miss)
3270 http fetch GET 200 https://registry.npmjs.org/@types/json-schema/-/json-schema-7.0.15.tgz 1340ms (cache miss)
3271 http fetch GET 200 https://registry.npmjs.org/eslint-import-resolver-typescript/-/eslint-import-resolver-typescript-3.10.1.tgz 1356ms (cache miss)
3272 http fetch GET 200 https://registry.npmjs.org/natural-compare/-/natural-compare-1.4.0.tgz 1350ms (cache miss)
3273 http fetch GET 200 https://registry.npmjs.org/has-symbols/-/has-symbols-1.1.0.tgz 1380ms (cache miss)
3274 http fetch GET 200 https://registry.npmjs.org/minimatch/-/minimatch-3.1.5.tgz 1358ms (cache miss)
3275 http fetch GET 200 https://registry.npmjs.org/find-up/-/find-up-5.0.0.tgz 1358ms (cache miss)
3276 http fetch GET 200 https://registry.npmjs.org/lodash.merge/-/lodash.merge-4.6.2.tgz 1366ms (cache miss)
3277 http fetch GET 200 https://registry.npmjs.org/globals/-/globals-14.0.0.tgz 1372ms (cache miss)
3278 http fetch GET 200 https://registry.npmjs.org/imurmurhash/-/imurmurhash-0.1.4.tgz 1371ms (cache miss)
3279 http fetch GET 200 https://registry.npmjs.org/is-glob/-/is-glob-4.0.3.tgz 1373ms (cache miss)
3280 http fetch GET 200 https://registry.npmjs.org/glob-parent/-/glob-parent-6.0.2.tgz 1374ms (cache miss)
3281 http fetch GET 200 https://registry.npmjs.org/object.assign/-/object.assign-4.1.7.tgz 1410ms (cache miss)
3282 http fetch GET 200 https://registry.npmjs.org/json-schema-traverse/-/json-schema-traverse-0.4.1.tgz 1386ms (cache miss)
3283 http fetch GET 200 https://registry.npmjs.org/postcss/-/postcss-8.4.31.tgz 1453ms (cache miss)
3284 http fetch GET 200 https://registry.npmjs.org/file-entry-cache/-/file-entry-cache-8.0.0.tgz 1392ms (cache miss)
3285 http fetch GET 200 https://registry.npmjs.org/fast-deep-equal/-/fast-deep-equal-3.1.3.tgz 1396ms (cache miss)
3286 http fetch GET 200 https://registry.npmjs.org/string.prototype.trimend/-/string.prototype.trimend-1.0.9.tgz 1419ms (cache miss)
3287 http fetch GET 200 https://registry.npmjs.org/optionator/-/optionator-0.9.4.tgz 1408ms (cache miss)
3288 http fetch GET 200 https://registry.npmjs.org/esutils/-/esutils-2.0.3.tgz 1406ms (cache miss)
3289 http fetch GET 200 https://registry.npmjs.org/ignore/-/ignore-5.3.2.tgz 1465ms (cache miss)
3290 http fetch GET 200 https://registry.npmjs.org/array.prototype.findlastindex/-/array.prototype.findlastindex-1.2.6.tgz 1481ms (cache miss)
3291 http fetch GET 200 https://registry.npmjs.org/object.values/-/object.values-1.2.1.tgz 1487ms (cache miss)
3292 http fetch GET 200 https://registry.npmjs.org/escape-string-regexp/-/escape-string-regexp-4.0.0.tgz 1468ms (cache miss)
3293 http fetch GET 200 https://registry.npmjs.org/eslint-visitor-keys/-/eslint-visitor-keys-4.2.1.tgz 1478ms (cache miss)
3294 http fetch GET 200 https://registry.npmjs.org/typescript-eslint/-/typescript-eslint-8.56.1.tgz 1493ms (cache miss)
3295 http fetch GET 200 https://registry.npmjs.org/chalk/-/chalk-4.1.2.tgz 1483ms (cache miss)
3296 http fetch GET 200 https://registry.npmjs.org/cross-spawn/-/cross-spawn-7.0.6.tgz 1484ms (cache miss)
3297 http fetch GET 200 https://registry.npmjs.org/@types/estree/-/estree-1.0.8.tgz 1490ms (cache miss)
3298 http fetch GET 200 https://registry.npmjs.org/@eslint/js/-/js-9.39.3.tgz 1500ms (cache miss)
3299 http fetch GET 200 https://registry.npmjs.org/@eslint/object-schema/-/object-schema-2.1.7.tgz 1512ms (cache miss)
3300 http fetch GET 200 https://registry.npmjs.org/@eslint/config-helpers/-/config-helpers-0.4.2.tgz 1502ms (cache miss)
3301 http fetch GET 200 https://registry.npmjs.org/debug/-/debug-4.4.3.tgz 1539ms (cache miss)
3302 http fetch GET 200 https://registry.npmjs.org/@eslint/core/-/core-0.17.0.tgz 1555ms (cache miss)
3303 http fetch GET 200 https://registry.npmjs.org/eslint-config-next/-/eslint-config-next-16.1.6.tgz 1552ms (cache miss)
3304 http fetch GET 200 https://registry.npmjs.org/espree/-/espree-10.4.0.tgz 1577ms (cache miss)
3305 http fetch GET 200 https://registry.npmjs.org/@humanfs/node/-/node-0.16.7.tgz 1574ms (cache miss)
3306 http fetch GET 200 https://registry.npmjs.org/@jridgewell/trace-mapping/-/trace-mapping-0.3.31.tgz 1642ms (cache miss)
3307 http fetch GET 200 https://registry.npmjs.org/@humanwhocodes/module-importer/-/module-importer-1.0.1.tgz 1596ms (cache miss)
3308 http fetch GET 200 https://registry.npmjs.org/@humanwhocodes/retry/-/retry-0.4.3.tgz 1597ms (cache miss)
3309 http fetch GET 200 https://registry.npmjs.org/eslint-visitor-keys/-/eslint-visitor-keys-5.0.1.tgz 1594ms (cache miss)
3310 http fetch GET 200 https://registry.npmjs.org/@eslint-community/regexpp/-/regexpp-4.12.2.tgz 1629ms (cache miss)
3311 http fetch GET 200 https://registry.npmjs.org/json-stable-stringify-without-jsonify/-/json-stable-stringify-without-jsonify-1.0.1.tgz 1637ms (cache miss)
3312 http fetch GET 200 https://registry.npmjs.org/eslint-module-utils/-/eslint-module-utils-2.12.1.tgz 1672ms (cache miss)
3313 http fetch GET 200 https://registry.npmjs.org/@eslint/plugin-kit/-/plugin-kit-0.4.1.tgz 1651ms (cache miss)
3314 http fetch GET 200 https://registry.npmjs.org/eslint-scope/-/eslint-scope-8.4.0.tgz 1668ms (cache miss)
3315 http fetch GET 200 https://registry.npmjs.org/object-inspect/-/object-inspect-1.13.4.tgz 1703ms (cache miss)
3316 http fetch GET 200 https://registry.npmjs.org/@eslint-community/eslint-utils/-/eslint-utils-4.9.1.tgz 1671ms (cache miss)
3317 http fetch GET 200 https://registry.npmjs.org/ignore/-/ignore-7.0.5.tgz 1699ms (cache miss)
3318 http fetch GET 200 https://registry.npmjs.org/@types/react-dom/-/react-dom-19.2.3.tgz 1704ms (cache miss)
3319 http fetch GET 200 https://registry.npmjs.org/csstype/-/csstype-3.2.3.tgz 1721ms (cache miss)
3320 http fetch GET 200 https://registry.npmjs.org/@babel/generator/-/generator-7.29.1.tgz 1788ms (cache miss)
3321 http fetch GET 200 https://registry.npmjs.org/@types/react/-/react-19.2.14.tgz 1771ms (cache miss)
3322 http fetch GET 200 https://registry.npmjs.org/fdir/-/fdir-6.5.0.tgz 1772ms (cache miss)
3323 http fetch GET 200 https://registry.npmjs.org/glob-parent/-/glob-parent-5.1.2.tgz 1772ms (cache miss)
3324 http fetch GET 200 https://registry.npmjs.org/@eslint/config-array/-/config-array-0.21.1.tgz 1790ms (cache miss)
3325 http fetch GET 200 https://registry.npmjs.org/json5/-/json5-1.0.2.tgz 1795ms (cache miss)
3326 http fetch GET 200 https://registry.npmjs.org/debug/-/debug-3.2.7.tgz 1795ms (cache miss)
3327 http fetch GET 200 https://registry.npmjs.org/esquery/-/esquery-1.7.0.tgz 1810ms (cache miss)
3328 http fetch GET 200 https://registry.npmjs.org/eslint-visitor-keys/-/eslint-visitor-keys-3.4.3.tgz 1792ms (cache miss)
3329 http fetch GET 200 https://registry.npmjs.org/debug/-/debug-3.2.7.tgz 1804ms (cache miss)
3330 http fetch GET 200 https://registry.npmjs.org/brace-expansion/-/brace-expansion-5.0.3.tgz 1811ms (cache miss)
3331 http fetch GET 200 https://registry.npmjs.org/balanced-match/-/balanced-match-4.0.4.tgz 1820ms (cache miss)
3332 http fetch GET 200 https://registry.npmjs.org/hermes-parser/-/hermes-parser-0.25.1.tgz 1892ms (cache miss)
3333 http fetch GET 200 https://registry.npmjs.org/debug/-/debug-3.2.7.tgz 1836ms (cache miss)
3334 http fetch GET 200 https://registry.npmjs.org/globals/-/globals-16.4.0.tgz 1840ms (cache miss)
3335 http fetch GET 200 https://registry.npmjs.org/react/-/react-19.2.3.tgz 1863ms (cache miss)
3336 http fetch GET 200 https://registry.npmjs.org/undici-types/-/undici-types-6.21.0.tgz 1889ms (cache miss)
3337 http fetch GET 200 https://registry.npmjs.org/picomatch/-/picomatch-4.0.3.tgz 1880ms (cache miss)
3338 http fetch GET 200 https://registry.npmjs.org/js-yaml/-/js-yaml-4.1.1.tgz 1925ms (cache miss)
3339 http fetch GET 200 https://registry.npmjs.org/axe-core/-/axe-core-4.11.1.tgz 1980ms (cache miss)
3340 http fetch GET 200 https://registry.npmjs.org/eslint-plugin-react-hooks/-/eslint-plugin-react-hooks-7.0.1.tgz 1994ms (cache miss)
3341 http fetch GET 200 https://registry.npmjs.org/@typescript-eslint/typescript-estree/-/typescript-estree-8.56.1.tgz 2066ms (cache miss)
3342 http fetch GET 200 https://registry.npmjs.org/@eslint/eslintrc/-/eslintrc-3.3.4.tgz 1989ms (cache miss)
3343 http fetch GET 200 https://registry.npmjs.org/@babel/traverse/-/traverse-7.29.0.tgz 2092ms (cache miss)
3344 http fetch GET 200 https://registry.npmjs.org/@typescript-eslint/utils/-/utils-8.56.1.tgz 2144ms (cache miss)
3345 http fetch GET 200 https://registry.npmjs.org/uri-js/-/uri-js-4.4.1.tgz 2148ms (cache miss)
3346 http fetch GET 200 https://registry.npmjs.org/fast-glob/-/fast-glob-3.3.1.tgz 2160ms (cache miss)
3347 http fetch GET 200 https://registry.npmjs.org/semver/-/semver-7.7.4.tgz 2139ms (cache miss)
3348 http fetch GET 200 https://registry.npmjs.org/semver/-/semver-7.7.4.tgz 2145ms (cache miss)
3349 http fetch GET 200 https://registry.npmjs.org/semver/-/semver-7.7.4.tgz 2171ms (cache miss)
3350 http fetch GET 200 https://registry.npmjs.org/tsconfig-paths/-/tsconfig-paths-3.15.0.tgz 2261ms (cache miss)
3351 http fetch GET 200 https://registry.npmjs.org/@next/eslint-plugin-next/-/eslint-plugin-next-16.1.6.tgz 2301ms (cache miss)
3352 http fetch GET 200 https://registry.npmjs.org/@types/node/-/node-20.19.34.tgz 2290ms (cache miss)
3353 http fetch GET 200 https://registry.npmjs.org/minimatch/-/minimatch-10.2.4.tgz 2293ms (cache miss)
3354 http fetch GET 200 https://registry.npmjs.org/es-iterator-helpers/-/es-iterator-helpers-1.2.2.tgz 2429ms (cache miss)
3355 http fetch GET 200 https://registry.npmjs.org/jsx-ast-utils/-/jsx-ast-utils-3.3.5.tgz 2492ms (cache miss)
3356 http fetch GET 200 https://registry.npmjs.org/resolve/-/resolve-1.22.11.tgz 2494ms (cache miss)
3357 http fetch GET 200 https://registry.npmjs.org/ajv/-/ajv-6.14.0.tgz 2498ms (cache miss)
3358 http fetch GET 200 https://registry.npmjs.org/@babel/core/-/core-7.29.0.tgz 2618ms (cache miss)
3359 http fetch GET 200 https://registry.npmjs.org/resolve/-/resolve-2.0.0-next.6.tgz 2671ms (cache miss)
3360 http fetch GET 200 https://registry.npmjs.org/@img/sharp-win32-x64/-/sharp-win32-x64-0.34.5.tgz 2787ms (cache miss)
3361 http fetch GET 200 https://registry.npmjs.org/eslint-plugin-import/-/eslint-plugin-import-2.32.0.tgz 2741ms (cache miss)
3362 http fetch GET 200 https://registry.npmjs.org/react-dom/-/react-dom-19.2.3.tgz 2732ms (cache miss)
3363 http fetch GET 200 https://registry.npmjs.org/axobject-query/-/axobject-query-4.1.0.tgz 2824ms (cache miss)
3364 http fetch GET 200 https://registry.npmjs.org/@babel/types/-/types-7.29.0.tgz 2959ms (cache miss)
3365 http fetch GET 200 https://registry.npmjs.org/aria-query/-/aria-query-5.3.2.tgz 3097ms (cache miss)
3366 http fetch GET 200 https://registry.npmjs.org/@babel/helpers/-/helpers-7.28.6.tgz 3176ms (cache miss)
3367 http fetch GET 200 https://registry.npmjs.org/eslint-plugin-jsx-a11y/-/eslint-plugin-jsx-a11y-6.10.2.tgz 3214ms (cache miss)
3368 http fetch GET 200 https://registry.npmjs.org/@typescript-eslint/scope-manager/-/scope-manager-8.56.1.tgz 3377ms (cache miss)
3369 http fetch GET 200 https://registry.npmjs.org/@swc/helpers/-/helpers-0.5.15.tgz 3372ms (cache miss)
3370 http fetch GET 200 https://registry.npmjs.org/eslint-plugin-react/-/eslint-plugin-react-7.37.5.tgz 3582ms (cache miss)
3371 http fetch GET 200 https://registry.npmjs.org/typescript/-/typescript-5.9.3.tgz 3676ms (cache miss)
3372 http fetch GET 200 https://registry.npmjs.org/@typescript-eslint/eslint-plugin/-/eslint-plugin-8.56.1.tgz 3777ms (cache miss)
3373 http fetch GET 200 https://registry.npmjs.org/eslint/-/eslint-9.39.3.tgz 3735ms (cache miss)
3374 http fetch GET 200 https://registry.npmjs.org/zod/-/zod-4.3.6.tgz 4297ms (cache miss)
3375 http fetch GET 200 https://registry.npmjs.org/caniuse-lite/-/caniuse-lite-1.0.30001774.tgz 4387ms (cache miss)
3376 http fetch GET 200 https://registry.npmjs.org/es-abstract/-/es-abstract-1.24.1.tgz 5950ms (cache miss)
3377 http fetch GET 200 https://registry.npmjs.org/@next/swc-win32-x64-msvc/-/swc-win32-x64-msvc-16.1.6.tgz 6457ms (cache miss)
3378 http fetch GET 200 https://registry.npmjs.org/next/-/next-16.1.6.tgz 18887ms (cache miss)
3379 info run sharp@0.34.5 install node_modules/sharp node install/check.js || npm run build
3380 info run sharp@0.34.5 install { code: 'EPERM', signal: undefined }
3381 verbose reify failed optional dependency C:\Users\kaspe\Documents\VSCode Apps\Assemblio\assemblio-app\node_modules\sharp
3382 silly reify mark deleted [
3382 silly reify   'C:\\Users\\kaspe\\Documents\\VSCode Apps\\Assemblio\\assemblio-app\\node_modules\\sharp'
3382 silly reify ]
3383 verbose reify failed optional dependency C:\Users\kaspe\Documents\VSCode Apps\Assemblio\assemblio-app\node_modules\sharp\node_modules\semver
3384 silly reify mark deleted [
3384 silly reify   'C:\\Users\\kaspe\\Documents\\VSCode Apps\\Assemblio\\assemblio-app\\node_modules\\sharp\\node_modules\\semver',
3384 silly reify   'C:\\Users\\kaspe\\Documents\\VSCode Apps\\Assemblio\\assemblio-app\\node_modules\\sharp\\node_modules\\.bin\\semver',
3384 silly reify   'C:\\Users\\kaspe\\Documents\\VSCode Apps\\Assemblio\\assemblio-app\\node_modules\\sharp\\node_modules\\.bin\\semver.cmd',
3384 silly reify   'C:\\Users\\kaspe\\Documents\\VSCode Apps\\Assemblio\\assemblio-app\\node_modules\\sharp\\node_modules\\.bin\\semver.ps1'
3384 silly reify ]
3385 verbose reify failed optional dependency C:\Users\kaspe\Documents\VSCode Apps\Assemblio\assemblio-app\node_modules\@img\colour
3386 silly reify mark deleted [
3386 silly reify   'C:\\Users\\kaspe\\Documents\\VSCode Apps\\Assemblio\\assemblio-app\\node_modules\\@img\\colour'
3386 silly reify ]
3387 verbose reify failed optional dependency C:\Users\kaspe\Documents\VSCode Apps\Assemblio\assemblio-app\node_modules\detect-libc
3388 silly reify mark deleted [
3388 silly reify   'C:\\Users\\kaspe\\Documents\\VSCode Apps\\Assemblio\\assemblio-app\\node_modules\\detect-libc'
3388 silly reify ]
3389 verbose reify failed optional dependency C:\Users\kaspe\Documents\VSCode Apps\Assemblio\assemblio-app\node_modules\@img\sharp-wasm32
3390 silly reify mark deleted [
3390 silly reify   'C:\\Users\\kaspe\\Documents\\VSCode Apps\\Assemblio\\assemblio-app\\node_modules\\@img\\sharp-wasm32'
3390 silly reify ]
3391 verbose reify failed optional dependency C:\Users\kaspe\Documents\VSCode Apps\Assemblio\assemblio-app\node_modules\@img\sharp-linux-arm
3392 silly reify mark deleted [
3392 silly reify   'C:\\Users\\kaspe\\Documents\\VSCode Apps\\Assemblio\\assemblio-app\\node_modules\\@img\\sharp-linux-arm'
3392 silly reify ]
3393 verbose reify failed optional dependency C:\Users\kaspe\Documents\VSCode Apps\Assemblio\assemblio-app\node_modules\@img\sharp-linux-x64
3394 silly reify mark deleted [
3394 silly reify   'C:\\Users\\kaspe\\Documents\\VSCode Apps\\Assemblio\\assemblio-app\\node_modules\\@img\\sharp-linux-x64'
3394 silly reify ]
3395 verbose reify failed optional dependency C:\Users\kaspe\Documents\VSCode Apps\Assemblio\assemblio-app\node_modules\@img\sharp-win32-x64
3396 silly reify mark deleted [
3396 silly reify   'C:\\Users\\kaspe\\Documents\\VSCode Apps\\Assemblio\\assemblio-app\\node_modules\\@img\\sharp-win32-x64'
3396 silly reify ]
3397 verbose reify failed optional dependency C:\Users\kaspe\Documents\VSCode Apps\Assemblio\assemblio-app\node_modules\@img\sharp-darwin-x64
3398 silly reify mark deleted [
3398 silly reify   'C:\\Users\\kaspe\\Documents\\VSCode Apps\\Assemblio\\assemblio-app\\node_modules\\@img\\sharp-darwin-x64'
3398 silly reify ]
3399 verbose reify failed optional dependency C:\Users\kaspe\Documents\VSCode Apps\Assemblio\assemblio-app\node_modules\@img\sharp-win32-ia32
3400 silly reify mark deleted [
3400 silly reify   'C:\\Users\\kaspe\\Documents\\VSCode Apps\\Assemblio\\assemblio-app\\node_modules\\@img\\sharp-win32-ia32'
3400 silly reify ]
3401 verbose reify failed optional dependency C:\Users\kaspe\Documents\VSCode Apps\Assemblio\assemblio-app\node_modules\@img\sharp-linux-arm64
3402 silly reify mark deleted [
3402 silly reify   'C:\\Users\\kaspe\\Documents\\VSCode Apps\\Assemblio\\assemblio-app\\node_modules\\@img\\sharp-linux-arm64'
3402 silly reify ]
3403 verbose reify failed optional dependency C:\Users\kaspe\Documents\VSCode Apps\Assemblio\assemblio-app\node_modules\@img\sharp-linux-ppc64
3404 silly reify mark deleted [
3404 silly reify   'C:\\Users\\kaspe\\Documents\\VSCode Apps\\Assemblio\\assemblio-app\\node_modules\\@img\\sharp-linux-ppc64'
3404 silly reify ]
3405 verbose reify failed optional dependency C:\Users\kaspe\Documents\VSCode Apps\Assemblio\assemblio-app\node_modules\@img\sharp-linux-s390x
3406 silly reify mark deleted [
3406 silly reify   'C:\\Users\\kaspe\\Documents\\VSCode Apps\\Assemblio\\assemblio-app\\node_modules\\@img\\sharp-linux-s390x'
3406 silly reify ]
3407 verbose reify failed optional dependency C:\Users\kaspe\Documents\VSCode Apps\Assemblio\assemblio-app\node_modules\@img\sharp-win32-arm64
3408 silly reify mark deleted [
3408 silly reify   'C:\\Users\\kaspe\\Documents\\VSCode Apps\\Assemblio\\assemblio-app\\node_modules\\@img\\sharp-win32-arm64'
3408 silly reify ]
3409 verbose reify failed optional dependency C:\Users\kaspe\Documents\VSCode Apps\Assemblio\assemblio-app\node_modules\@img\sharp-darwin-arm64
3410 silly reify mark deleted [
3410 silly reify   'C:\\Users\\kaspe\\Documents\\VSCode Apps\\Assemblio\\assemblio-app\\node_modules\\@img\\sharp-darwin-arm64'
3410 silly reify ]
3411 verbose reify failed optional dependency C:\Users\kaspe\Documents\VSCode Apps\Assemblio\assemblio-app\node_modules\@img\sharp-linux-riscv64
3412 silly reify mark deleted [
3412 silly reify   'C:\\Users\\kaspe\\Documents\\VSCode Apps\\Assemblio\\assemblio-app\\node_modules\\@img\\sharp-linux-riscv64'
3412 silly reify ]
3413 verbose reify failed optional dependency C:\Users\kaspe\Documents\VSCode Apps\Assemblio\assemblio-app\node_modules\@img\sharp-linuxmusl-x64
3414 silly reify mark deleted [
3414 silly reify   'C:\\Users\\kaspe\\Documents\\VSCode Apps\\Assemblio\\assemblio-app\\node_modules\\@img\\sharp-linuxmusl-x64'
3414 silly reify ]
3415 verbose reify failed optional dependency C:\Users\kaspe\Documents\VSCode Apps\Assemblio\assemblio-app\node_modules\@img\sharp-linuxmusl-arm64
3416 silly reify mark deleted [
3416 silly reify   'C:\\Users\\kaspe\\Documents\\VSCode Apps\\Assemblio\\assemblio-app\\node_modules\\@img\\sharp-linuxmusl-arm64'
3416 silly reify ]
3417 verbose reify failed optional dependency C:\Users\kaspe\Documents\VSCode Apps\Assemblio\assemblio-app\node_modules\@img\sharp-libvips-linux-arm
3418 silly reify mark deleted [
3418 silly reify   'C:\\Users\\kaspe\\Documents\\VSCode Apps\\Assemblio\\assemblio-app\\node_modules\\@img\\sharp-libvips-linux-arm'
3418 silly reify ]
3419 verbose reify failed optional dependency C:\Users\kaspe\Documents\VSCode Apps\Assemblio\assemblio-app\node_modules\@img\sharp-libvips-linux-x64
3420 silly reify mark deleted [
3420 silly reify   'C:\\Users\\kaspe\\Documents\\VSCode Apps\\Assemblio\\assemblio-app\\node_modules\\@img\\sharp-libvips-linux-x64'
3420 silly reify ]
3421 verbose reify failed optional dependency C:\Users\kaspe\Documents\VSCode Apps\Assemblio\assemblio-app\node_modules\@img\sharp-libvips-darwin-x64
3422 silly reify mark deleted [
3422 silly reify   'C:\\Users\\kaspe\\Documents\\VSCode Apps\\Assemblio\\assemblio-app\\node_modules\\@img\\sharp-libvips-darwin-x64'
3422 silly reify ]
3423 verbose reify failed optional dependency C:\Users\kaspe\Documents\VSCode Apps\Assemblio\assemblio-app\node_modules\@img\sharp-libvips-linux-arm64
3424 silly reify mark deleted [
3424 silly reify   'C:\\Users\\kaspe\\Documents\\VSCode Apps\\Assemblio\\assemblio-app\\node_modules\\@img\\sharp-libvips-linux-arm64'
3424 silly reify ]
3425 verbose reify failed optional dependency C:\Users\kaspe\Documents\VSCode Apps\Assemblio\assemblio-app\node_modules\@img\sharp-libvips-linux-ppc64
3426 silly reify mark deleted [
3426 silly reify   'C:\\Users\\kaspe\\Documents\\VSCode Apps\\Assemblio\\assemblio-app\\node_modules\\@img\\sharp-libvips-linux-ppc64'
3426 silly reify ]
3427 verbose reify failed optional dependency C:\Users\kaspe\Documents\VSCode Apps\Assemblio\assemblio-app\node_modules\@img\sharp-libvips-linux-s390x
3428 silly reify mark deleted [
3428 silly reify   'C:\\Users\\kaspe\\Documents\\VSCode Apps\\Assemblio\\assemblio-app\\node_modules\\@img\\sharp-libvips-linux-s390x'
3428 silly reify ]
3429 verbose reify failed optional dependency C:\Users\kaspe\Documents\VSCode Apps\Assemblio\assemblio-app\node_modules\@img\sharp-libvips-darwin-arm64
3430 silly reify mark deleted [
3430 silly reify   'C:\\Users\\kaspe\\Documents\\VSCode Apps\\Assemblio\\assemblio-app\\node_modules\\@img\\sharp-libvips-darwin-arm64'
3430 silly reify ]
3431 verbose reify failed optional dependency C:\Users\kaspe\Documents\VSCode Apps\Assemblio\assemblio-app\node_modules\@img\sharp-libvips-linux-riscv64
3432 silly reify mark deleted [
3432 silly reify   'C:\\Users\\kaspe\\Documents\\VSCode Apps\\Assemblio\\assemblio-app\\node_modules\\@img\\sharp-libvips-linux-riscv64'
3432 silly reify ]
3433 verbose reify failed optional dependency C:\Users\kaspe\Documents\VSCode Apps\Assemblio\assemblio-app\node_modules\@img\sharp-libvips-linuxmusl-x64
3434 silly reify mark deleted [
3434 silly reify   'C:\\Users\\kaspe\\Documents\\VSCode Apps\\Assemblio\\assemblio-app\\node_modules\\@img\\sharp-libvips-linuxmusl-x64'
3434 silly reify ]
3435 verbose reify failed optional dependency C:\Users\kaspe\Documents\VSCode Apps\Assemblio\assemblio-app\node_modules\@img\sharp-libvips-linuxmusl-arm64
3436 silly reify mark deleted [
3436 silly reify   'C:\\Users\\kaspe\\Documents\\VSCode Apps\\Assemblio\\assemblio-app\\node_modules\\@img\\sharp-libvips-linuxmusl-arm64'
3436 silly reify ]
3437 info run unrs-resolver@1.11.1 postinstall node_modules/unrs-resolver napi-postinstall unrs-resolver 1.11.1 check
3438 info run unrs-resolver@1.11.1 postinstall { code: 'EPERM', signal: undefined }
3439 warn cleanup Failed to remove some directories [
3439 warn cleanup   [
3439 warn cleanup     '\\\\?\\C:\\Users\\kaspe\\Documents\\VSCode Apps\\Assemblio\\assemblio-app\\node_modules\\@typescript-eslint',
3439 warn cleanup     [Error: EPERM: operation not permitted, rmdir 'C:\Users\kaspe\Documents\VSCode Apps\Assemblio\assemblio-app\node_modules\@typescript-eslint\eslint-plugin\dist\util'] {
3439 warn cleanup       errno: -4048,
3439 warn cleanup       code: 'EPERM',
3439 warn cleanup       syscall: 'rmdir',
3439 warn cleanup       path: 'C:\\Users\\kaspe\\Documents\\VSCode Apps\\Assemblio\\assemblio-app\\node_modules\\@typescript-eslint\\eslint-plugin\\dist\\util'
3439 warn cleanup     }
3439 warn cleanup   ],
3439 warn cleanup   [
3439 warn cleanup     '\\\\?\\C:\\Users\\kaspe\\Documents\\VSCode Apps\\Assemblio\\assemblio-app\\node_modules',
3439 warn cleanup     [Error: EPERM: operation not permitted, rmdir 'C:\Users\kaspe\Documents\VSCode Apps\Assemblio\assemblio-app\node_modules\next\dist\esm\server'] {
3439 warn cleanup       errno: -4048,
3439 warn cleanup       code: 'EPERM',
3439 warn cleanup       syscall: 'rmdir',
3439 warn cleanup       path: 'C:\\Users\\kaspe\\Documents\\VSCode Apps\\Assemblio\\assemblio-app\\node_modules\\next\\dist\\esm\\server'
3439 warn cleanup     }
3439 warn cleanup   ],
3439 warn cleanup   [
3439 warn cleanup     '\\\\?\\C:\\Users\\kaspe\\Documents\\VSCode Apps\\Assemblio\\assemblio-app\\node_modules\\next',
3439 warn cleanup     [Error: EPERM: operation not permitted, rmdir 'C:\Users\kaspe\Documents\VSCode Apps\Assemblio\assemblio-app\node_modules\next\dist\esm\build\webpack'] {
3439 warn cleanup       errno: -4048,
3439 warn cleanup       code: 'EPERM',
3439 warn cleanup       syscall: 'rmdir',
3439 warn cleanup       path: 'C:\\Users\\kaspe\\Documents\\VSCode Apps\\Assemblio\\assemblio-app\\node_modules\\next\\dist\\esm\\build\\webpack'
3439 warn cleanup     }
3439 warn cleanup   ]
3439 warn cleanup ]
3440 verbose stack Error: spawn EPERM
3440 verbose stack     at ChildProcess.spawn (node:internal/child_process:420:11)
3440 verbose stack     at spawn (node:child_process:787:9)
3440 verbose stack     at promiseSpawn (C:\Users\kaspe\AppData\Roaming\npm\node_modules\npm\node_modules\@npmcli\promise-spawn\lib\index.js:39:16)
3440 verbose stack     at spawnWithShell (C:\Users\kaspe\AppData\Roaming\npm\node_modules\npm\node_modules\@npmcli\promise-spawn\lib\index.js:124:10)
3440 verbose stack     at promiseSpawn (C:\Users\kaspe\AppData\Roaming\npm\node_modules\npm\node_modules\@npmcli\promise-spawn\lib\index.js:12:12)
3440 verbose stack     at runScriptPkg (C:\Users\kaspe\AppData\Roaming\npm\node_modules\npm\node_modules\@npmcli\run-script\lib\run-script-pkg.js:79:13)
3440 verbose stack     at runScript (C:\Users\kaspe\AppData\Roaming\npm\node_modules\npm\node_modules\@npmcli\run-script\lib\run-script.js:9:12)
3440 verbose stack     at C:\Users\kaspe\AppData\Roaming\npm\node_modules\npm\node_modules\@npmcli\arborist\lib\arborist\rebuild.js:332:17
3440 verbose stack     at run (C:\Users\kaspe\AppData\Roaming\npm\node_modules\npm\node_modules\promise-call-limit\dist\commonjs\index.js:67:22)
3440 verbose stack     at C:\Users\kaspe\AppData\Roaming\npm\node_modules\npm\node_modules\promise-call-limit\dist\commonjs\index.js:84:9
3441 error code EPERM
3442 error syscall spawn
3443 error errno -4048
3444 error Error: spawn EPERM
3444 error     at ChildProcess.spawn (node:internal/child_process:420:11)
3444 error     at spawn (node:child_process:787:9)
3444 error     at promiseSpawn (C:\Users\kaspe\AppData\Roaming\npm\node_modules\npm\node_modules\@npmcli\promise-spawn\lib\index.js:39:16)
3444 error     at spawnWithShell (C:\Users\kaspe\AppData\Roaming\npm\node_modules\npm\node_modules\@npmcli\promise-spawn\lib\index.js:124:10)
3444 error     at promiseSpawn (C:\Users\kaspe\AppData\Roaming\npm\node_modules\npm\node_modules\@npmcli\promise-spawn\lib\index.js:12:12)
3444 error     at runScriptPkg (C:\Users\kaspe\AppData\Roaming\npm\node_modules\npm\node_modules\@npmcli\run-script\lib\run-script-pkg.js:79:13)
3444 error     at runScript (C:\Users\kaspe\AppData\Roaming\npm\node_modules\npm\node_modules\@npmcli\run-script\lib\run-script.js:9:12)
3444 error     at C:\Users\kaspe\AppData\Roaming\npm\node_modules\npm\node_modules\@npmcli\arborist\lib\arborist\rebuild.js:332:17
3444 error     at run (C:\Users\kaspe\AppData\Roaming\npm\node_modules\npm\node_modules\promise-call-limit\dist\commonjs\index.js:67:22)
3444 error     at C:\Users\kaspe\AppData\Roaming\npm\node_modules\npm\node_modules\promise-call-limit\dist\commonjs\index.js:84:9 {
3444 error   errno: -4048,
3444 error   code: 'EPERM',
3444 error   syscall: 'spawn'
3444 error }
3445 error
3445 error The operation was rejected by your operating system.
3445 error It's possible that the file was already in use (by a text editor or antivirus),
3445 error or that you lack permissions to access it.
3445 error
3445 error If you believe this might be a permissions issue, please double-check the
3445 error permissions of the file and its containing directories, or try running
3445 error the command again as root/Administrator.
3446 silly unfinished npm timer reify 1772076860582
3447 silly unfinished npm timer reify:build 1772076893536
3448 silly unfinished npm timer build 1772076893537
3449 silly unfinished npm timer build:deps 1772076893537
3450 silly unfinished npm timer build:run:postinstall 1772076893645
3451 silly unfinished npm timer build:run:postinstall:node_modules/unrs-resolver 1772076893645
3452 verbose cwd C:\Users\kaspe\Documents\VSCode Apps\Assemblio\assemblio-app
3453 verbose os Windows_NT 10.0.26100
3454 verbose node v22.21.0
3455 verbose npm  v11.6.2
3456 notice
3456 notice New minor version of npm available! 11.6.2 -> 11.11.0
3456 notice Changelog: https://github.com/npm/cli/releases/tag/v11.11.0
3456 notice To update run: npm install -g npm@11.11.0
3456 notice  { force: true, [Symbol(proc-log.meta)]: true }
3457 verbose exit -4048
3458 verbose code -4048
3459 error A complete log of this run can be found in: C:\Users\kaspe\Documents\VSCode Apps\Assemblio\assemblio-app\.npm-cache\_logs\2026-02-26T03_34_20_207Z-debug-0.log
